36분 전,12,덕설이 ㄹㅇ 앙큼하고 사람같은 점:아까 논술고사 끝나구 학생들 나오기 시작하니까 갑자기 튀어니와서 도서관 앞 언덕에 자리잡고 누움심지어 꼬리도 살랑살랑 흔들면서 시선유도함
49분 전,0,학교 20분 거리면 닥 도서관 가서 공부?아님 안 씻고 집에서 공부?
2022-11-27 9:53,0,도서관 왔는데 오자마자 집 가고싶어지는거 어쩔... 왤케 힘이 없지
2022-11-26 17:00,109,학교 왔다 현수막 봤는데 개길어ㅋㅋㅋ태어나서 본 현수막중 제일 장대한 길이를 자랑함도서관쪽 시위현수막은 안 가려져 있어서 아쉬운데 그래도 이 정도만 해도 훨씬 보기 좋은듯진짜 어어어아어엄청 길어서 한 화면에 다 안 집힐정도ㅋㅋㅋㅋ
2022-11-26 15:56,5,종로캠 들어가는거 이제 도서관 모바일 학생증으로 통일하기로 했대 가 볼 사람 참고해~총학에서 붙여둔 이사회 규탄글은 몇번이나 찢어진 듯해
2022-11-26 15:23,0,덕우들 도서관에서 빌린 책 28일에 반납 예정인데 기간 연장할 수 있어?
2022-11-26 14:57,1,나 너무 그냥 공부 때문에 스트레스 받아그렇다고 공부 잘하는 것도 아니고그냥 공부 잘하고 싶어서 의자에는 시험 기간 아니어도 일주일에 2-3일은 5시간동안 앉아서 공부하려고 하는거 같아근데 이제 시험 2주도 안 남았는데 아무것도 머리에 없고 그래..내 공부방법이 뭔지 모르겠어 진짜 공부 너무 잘하고 싶고 점수도 잘 받고 싶고 다른 사람들 놀 때 공부하려고 도서관도 자주 가고 그랬는데머리가 텅텅 비어서 눈물이 나지금 해봤자 나는 그냥 망할거 같고 시간도 없어서 뭐 할 수도 없어1회독 했는데 머리
2022-11-26 10:31,0,GTQ 시험보는 덕우들 차관 열린 문이 도서관방향 문들 말고 대강의동쪽에 있는 뒷문같은 곳 맞지?
2022-11-25 23:06,1,우리 내일 덕성다움 안 하고 이런건 아니지? 도서관이랑 학사공지에 별말없으니 논술고사라도 갈 수 있는거겠지 괜히 허탕칠까봐..
2022-11-25 20:57,2,"도서관이나 놀이공원, 식당이나 마트 문 닫기 몇 분 전에 노래 틀어주는거 얼른 여기서 썩 꺼지라는걸로"
2022-11-25 17:30,3,https://apply.kf.or.kr/selectNoticeAndApplicationView.nkf?notiSeq=&anucNo=A1P0000871&pageIndex=1
2022-11-25 16:51,0,도서관 관내대출가능이면 도서관 안에서만 읽을 수 있다는거임?
2022-11-25 16:27,0,도서관중에 스피킹 연습할 중얼중얼 가능 공간 없겠지..?
2022-11-25 15:59,0,도서관 플랭크 레이저컷팅 사용해보신 분 있나요…? 어떤 파일 가져가야 하는지 궁금합니다..!
2022-11-25 12:28,0,덕새 공책+덕성 원고지스티커+덕새 그립톡(법학과 굿즈)+덕성 전차스(사학과 굿즈) 비대면 나눔합니다도서관 계단 쪽의 사진에 표시한 곳에 두었습니다 쇼핑백째로 가져가시면 되세요!
2022-11-25 12:25,0,학교까지 1시간 20분 정도 걸리는데 방학에 학교 도서관에서 근로하는거 비추야?
2022-11-25 7:56,0,도서관 지금은 아직 안열었나요..?
2022-11-25 2:05,0,도서관에서 과제하고 싶은데 엘지그램 키스킨x면 아무래도 에바지? 노트북존에서 사용하더라도...
2022-11-24 22:03,0,도서관 1층 대출 반납쪽에 있는 선생님 중 한분 나만 불친절하다고 느끼나...
2022-11-24 17:34,31,도서관 앞에 누가 덕설이 계속 안고있어요 오래됐어요 여장남자도 들어왔다는데 덕설이 안전한지 불안합니다. 덕냥당 분들 혹시 보시면 확인해주실 수 있나요?
2022-11-24 13:16,0,도서관 3층 독서실?자리는 예약 어떻게 해?
2022-11-24 11:51,0,도봉도서관에 있는 고양인데 애기 눈이 안좋은건가..?
2022-11-24 11:38,0,크레프리 와이파이 잘터져?? 도서관 갑갑해서 간만에 카페에서 과제할까하는데 ㄱㅊ?
2022-11-24 11:26,0,도서관에 도서 검색대 없어…? 들어오자마자 보이는 컴터는 자료검색만 할 수 있는 것 같은데 나 도서관 처음이라 모르겠어 미치겠다 ㅋㅋㅋㅋ
2022-11-24 10:53,0,도서관 자리 발권하고 밥 먹고 와도 돼?
2022-11-24 10:46,0,최근에 도서관 쪽에서 덕설이에게 멸치 주시던데 약 때문에 그러신건가..? 아니면 그냥 주신건가..?
2022-11-24 10:09,0,도서관 플랭크 도서관 안에 있는 곳인가요??똑같이 학생증 찍고 들어가면 되나요?아니면 위치가 따로 있나요?
2022-11-24 1:07,35,짱 쎈 차덕설의 하루 #덕냥만화
2022-11-24 0:03,0,도서관 책 분실하면 새책+현금2000원 이렇게 준비해가면 될까요..??(에타에 검색했는데 이렇게 나와서 확실한지 여쭤봅니다..!)
2022-11-23 19:33,0,도서관가는데 음료 사갈까말까 단거 그만먹어야되는데 입이심심해
2022-11-23 19:00,0,#행근딸 덕우들아 도서관에 어떤 분이 코를 엄청 골고 주무시거든...? 이거 내가 깨워야 하나...?
2022-11-23 17:30,3,우리 학교 도서관 1층 남자 화장실 진짜 남성인권이라곤 1도 없는 것 같은 사이즈라서 웃김
2022-11-23 17:19,30,주말에 엄빠랑 잠깐 학교 산책갔었는데엄마는 덕설이 알고 있었고아빠는 몰랐어학교 도서관 부근에 덕설이 있어서오 덕설이있어~~ 이랬더니아빠가 듣고 어??? 독수리?!?!? 어디??? 이럼ㅋㅋㅋㅋㅋㅋㅋㅋㅋㅋㅋ#행근딸
2022-11-23 12:44,0,냄새만 안 나면 도서관에서 신발 벗고 양반다리나 다리 펴고 있어도 되겠죠..?
2022-11-22 20:22,0,도서관 1층에 충전기 꽂을 수 있는 좌석 혹시 없어졌어?? 원래 있던 걸로 기억하는데
2022-11-22 18:23,0,우리도 사이버도서관 자격증 영상 있어?
2022-11-22 17:06,23,도서관 1층에서 무인으로 책을 빌렸는데요제가 빌릴 때부터 훼손(음료에 젖어)이 되어빌릴 때 찝찝했는데 그 전에 그렇게 한 사람에게책임을 물었겠거니 싶어서 그냥 빌렸습니다그런데 훼손 상태가 심해서 반납 처리 안 된다고 문자가 외서 너무 황당하고 억울하거든요? 혹시 1층 책 빌리는 무인대출기 위에 씨씨티비 있나요?
2022-11-22 14:08,8,근데 도서관 3층 빈백 있는 곳은 왜 갑자기 수면실이 된겨..?거기 초반에도 사용목적이 책 읽는 공간이었는데어느순간 걍 수면실 됨...선생님들이 아예 입구 막아서 수면실 아니라고 공지까지 붙였는데다들 걍 수면실이라고 부르네..공지 읽고 걍 무시하는건가...
2022-11-22 13:31,0,도서관 3충 테러피 존 옆 공부하는곳에서 키스킨 끼면 노트북 가능한가요?
2022-11-22 12:08,0,홈페이지에 휴학 신청기간에 공지기간내라고 나와있는데 공지사항에 휴학 신청기간이 대략 언제쯤 뜨나요?
2022-11-22 0:28,0,✨P.O.P X SPLing 연합세션✨에서 청중평가단을 모집합니다! ‼️D-day‼️(~11/22)여러분은 현재 무얼 '하는 중'이신가요? 각자 자신이 현재 몰입하고 있는 활동과 그 활동을 하는 목적이 있으실 겁니다. 이에 관한 이야기를 폭넓은 시각에서 듣고자 대학생 연합발표토론동아리 P.O.P와 SPLing는 <ING>를 주제로 연합 발표 대회를 준비했습니다. 이 자리에 청중평가단 여러분을 초대합니다![P.O.P X SPLing 연합세션]주제: ing(~하는 중)
2022-11-22 0:00,5,덕우들 우리 학교 도서관 책 진짜 많고 시간도 거의 바로 들어오는 편이니까 자주 이용하고 등록금 뽕빼자저번 달 신간 있나 싶어서 검색해 봤더니 벌써 들어옴 이왜진
2022-11-21 23:30,20,"허집 교수님 영문 궁금해서 리스 찾았는데 최신은 다 Jib, Huh 야... 어떡해 이제 교수님 볼 때마다 생각나서 클났다"
2022-11-21 23:09,0,졸업해도 도서관 인강 들을 수 있어?
2022-11-21 21:37,0,팔토시 잃어버렸어요..남색 줄무늬입니다..자대 차관 도서관에서 보셨다면 알려주세요..🙏🏻
2022-11-21 19:34,0,다들 도서관 첫 알바할 때컴활 없이도 붙었어?
2022-11-21 19:25,0,"동계 도서관하려고했는데 생각보다 적네,,인원도 거의다 한명임ㅋㅋ..예전에 했던곳들 없어서 아쉽다 뭐하냐... 세무서 어때...?동계 바쁘다던데 해본덕우..."
2022-11-21 18:29,0,악!!!악!!! 악1111 도서관 1층 소파 쪽에 곱등이 시체있어!!!!
2022-11-21 16:24,0,도서관 벤치(도서관 말로 사이) 에서 간식 못 먹나요?
2022-11-21 15:49,0,뜬금없지만 아까 도정경 발표시간에 말씀해주셨던 도서관 4층 화장실 없애면 안됨.. 거기 사람 적어서 아는 사람들만 아는 입소문 탄 💩스팟이야..더러운이야기 ㅈㅅ합니다.
2022-11-21 15:33,0,혹시 도서관에서 도서 신청하고 문자 왔는데이거 언제까지 찾아가야해???저번주 수요일에 문자 왔었는데 이제야 확인함..아직 데스크에 잇을라나.. 이미 정리하셧을라나
2022-11-21 15:01,0,도서관 책 훼손 내역 있으면 리베 장학금 못 받는지 아는 덕우 있어?
2022-11-21 13:44,0,도서관 와이파이 다들 잘 돼?
2022-11-21 10:27,0,도서관에서 뜨개질 해도 될까요
2022-11-21 4:00,0,지금 학교가면 공부할수있는곳 있나 ?? 도서관 24시야 ?
2022-11-20 15:24,1,덕조는 덕대 조신남덕망이는 덕대 까망이(근데 다들 덕성 망나니라 알고있음)미고는 미스터 고양이지금은 입양 간 도덕이는 도서관 덕냥이..덕설이는 덕대 눈송이 같은 애라 덕설인가?
2022-11-20 13:14,0,지금 도서관 가도 되는 거지?
2022-11-20 2:57,0,혹시 도서관 레이저컷팅기 써본사람있어?뭐자를때쓰는거샤?
2022-11-19 23:16,0,에타공지 도서관 운영시간이랑 도서관 홈페이지 시간이 달라서 그런데덕성다움 일요일에도 23시까지야?아니면 일요일은 운영안해?
2022-11-19 19:48,0,내일 도서관 열지?
2022-11-19 15:38,2,부산대 도서관 리모델링 보다 덕성다움이 더 좋은데..?
2022-11-19 3:43,133,이화여대 진덕규 명예교수 명언 모음+3줄요약ㅡ담담하게 살래이 두려운 거 없이 살래이ㅡ다들 성공할라고 돈벌라고 같은 길로 갈 때 너거는 돈돈하는 천박한 세상말고 another월드로 가야한데이ㅡ호랑이는 굶어죽어도 풀을 뜯는게 아이야 알겠니++다른여대 교수님 명언도 추가ㅡ오늘 너네 왜 이렇게 예쁘게 꾸몄니 졸사 찍어야 해서? 좋지~ 근데 얘들아 꽃처럼 예쁘게 살지말고 독버섯처럼 예쁘게 살아 독버섯도 예쁘잖아 근데 예쁘다고 막 건드리면? 죽는 거야~ 내 생각에 여자 인생에서 최고의 칭찬은 
2022-11-18 22:55,37,"다음카페 인기글에 ‘싹 바뀐 부산대학교 도서관 근황’ 으로 리모델링한 거 올라왔는데 반응 좋다우리 학교가 규모 크고 더 좋은 것 같은데 덕성다움, 오스카라운지, 3층 휴 다음카페 홍보 안되나??"
2022-11-18 21:51,2,ㅇㅅ에 부산대 도서관 리모델링 했다고 싹바뀐 부산대 도서관~ 이럼서 글 올라왔던데우리 덕다 공사한거랑 운현관 쓰게 되는것도 누가 사진 셀렉해서 글좀 올려줬음 좋겠다(나는 글쓸 권한 없음)다른 학교들은 맨날 오버쌈바해가면서 바이럴하던데
2022-11-18 17:41,8,오늘 아침에 도서관쪽 지나가는데 어디서 계속 야옹소리가 나는거야그래서 미고인가?하고 불러봤는데 풀숲에서 나 불렀냐옹하고 야옹해줬다귀여워...❤️
2022-11-18 12:01,77,#덕냥당사진콘원래 나혼자 보려했는데.. 밥먹다가 도서관에서 내가 나오니까 놀래서 올라가길래 줌 살짝 해서 찍어본 멍충덕설..
2022-11-18 11:59,4,아그네스 그레이 빌려 간 덕우…… 1000%의 확률로 연뮤덕이라고 확신 중 ( ◠‿◠ ) - 아그네스 그레이 빌리려고 도서관 왔다가 허탕 친 덕우
2022-11-18 8:48,13,#덕냥당사진콘도서관 지킴냥
2022-11-17 23:21,0,전자도서관에 치유의 미술관은 없는거야..?찾아도 안나오네…
2022-11-17 20:53,1,도서관 2층에서 하얀 무선 마우스 보관중이에요창가자리에서 찾았습니다!대출반납해주시는 쪽 가면 받을수 있을거에요
2022-11-17 20:34,0,도서관에서 dvd 빌려보는거 휴학생도 되나? 뭐 신청하는 거 해서 책은 빌리고 있어 그리고 멀티미디어실이 로비 들어가면 컴퓨터 많은 거기야?
2022-11-17 20:05,5,‼️핫게 부탁‼️ 도서관 3층 정기간행실 휴에서 에어팟 분실물 발견되었습니다. 데스크에서 보관 중이니 찾아가시길 바랍니다.
2022-11-17 17:40,0,🎥운현방송국 도서관 내 촬영 공지🎥운현반송국 도서관 내 촬영을 공지합니다.도서관 측 사전 협조를 받아 11월 18일 오후 1시부터 도서관 3층 테라피존에서 공식 보도 영상을 촬영할 예정입니다.부득이하게 소음이 발생한다는 점 양해 부탁드립니다. 🙂✔️일시: 2022. 11. 18. (금) 오후 1:00 - 2:00
2022-11-17 17:12,0,도서관 누군지 계속 진동울리는데 누군질모르거든 이럴때 걍 소리질러서 무음좀 부탁드립니다!!!!하고싶다 자리에 없는 사람은 없는거같은데
2022-11-17 16:36,40,#덕냥당사진콘개인적으로 오늘 덕설이 레전드
2022-11-17 16:18,0,도서관 2층 화장실 첫 번째 칸 안에 휴대폰 두고 가신 거 2층 대출 데스크에 맡겨 뒀습니다~
2022-11-17 15:00,3,#행근딸나 4학년... 입학하고 학교도서관 딱 두번 들어가봄... 책을 안읽음+읽고싶어도 시간이없음+도서관에서 시험준비하는 전공이 아님... 아직도 내게 도서관은 미지의 공간이야... 가고싶다.....
2022-11-17 14:31,25,도서관 신착자료 이게뭐야 ㅋㅋㅋㅋㅋㅋㅋㅋㅋㅋㅋㅋㅋㅋㅋㅋㅋㅋㅋㅋㅋㅋㅋㅋㅋㅋㅋㅋㅋ ( ͡° ͜ʖ ͡°)
2022-11-17 14:21,0,학교 전자도서관 이용하려는데 다운보기해도 뭐가 안뜨는데... 이거 교보문고 전자도서관 같은 거 깔아서 들어가야하나요?
2022-11-17 13:27,0,도서관에서 중국어동화책 읽었는데 누가 병음이랑 뜻 표시해놨냐;; 본인 노트에 단어정리해놓던가
2022-11-17 13:17,0,나 지금 도서관끼반 있음
2022-11-17 12:01,2,후문에서 도서관 오는 길목에 있는 벤치 위에 카드 있습니다! ㅇㅇㅊ 덕우님 찾아가세요!
2022-11-17 3:10,0,#행근딸도서관 입구 딱 들어가면 왼쪽에 있는 긴 책상에서 타이핑 가능한가요?
2022-11-17 1:32,0,도서관에 스캔 가능한 곳 있나?? pdf로 다운 받을 수 있는
2022-11-16 20:42,0,도서관 3층 (정기간행실) 데스크에서 분실물 보관 중입니다. 주인 찾아가세요!
2022-11-16 16:52,18,#컴퓨터공학전공 #WISCOM컴공 졸전 위즈컴 구경 다녀왔습니다🥳🥳선배들 너무 멋졌어요.. 관람하는 것만으로도 많이 배웠네요 모든 팀 다 둘러봤는데 작품에 애정도 넘치시고 하나하나 친절히 설명해주셔서 즐겁게 보다 왔어요 정말 수고 많으셨습니다👏👏👏
2022-11-16 16:19,0,도정경 꼭 오늘 도서관 안 들리고 내일 가서 둘러봐도 되겠죠 ?
2022-11-16 16:10,0,도서관 이름을 몰라서 그러는데 2층도서관 그 컴퓨터 많은 곳 몇시까지야?
2022-11-16 15:37,0,도서관에 있으신분 중 혹시 삼성 폰 충전기 1시간 정도 빌려주실 분 있을까요?
2022-11-16 14:54,3,남색 곰돌이 스크런치 잃어버린 분!!제가 수업이 급해서 바닥에 있던 거 화단에만 올려놓고 갑니다! 도서관 정문 왼쪽 덕냥이 숨숨집 근처예요
2022-11-16 12:20,3,2022 덕성여자대학교 컴퓨터공학과 제32회 졸업전시회WISCOM ; Carve Out and Fly High* 지금 오시면 선착순으로 샌드위치와 주먹밥을 드립니다.Duksung Women's UniversityDepartment of Computer Engineering32nd Graduation Exhibition🔹 장소 덕성여자대학교 쌍문근화캠퍼스 도서관 오스카라운지🔹 일시11.16 WED 10:00 - 18:00
2022-11-16 12:17,0,도서관 컴퓨터에사 워드도 사용할 수 있어.?
2022-11-16 11:19,0,도서관 3층 휴 바로 옆에 독서실처럼 되어있는 1인 공간은 예약없이 이용해도 되는건가요??
2022-11-16 11:17,1,2022 덕성여자대학교 컴퓨터공학과 제32회 졸업전시회WISCOM ; Carve Out and Fly HighDuksung Women's UniversityDepartment of Computer Engineering32nd Graduation Exhibition🔹 장소 덕성여자대학교 쌍문근화캠퍼스 도서관 오스카라운지🔹 일시11.16 WED 10:00 - 18:0011.17 THUR 10:00 - 18:00 
2022-11-16 10:59,0,"파이썬을 공부해 보고 싶은데, 프로그램 깔려고 보니까 RAM이 8GB 정도 되어야 하더라고.근데 내 노토북은 RAM 4GB임.동네에 공공 도서관 있고, 공부할 수 있게끔 컴퓨터실 무료로 제공해주는데 공용 컴퓨터 에다가 프로그램 깔면 안되겠지?"
2022-11-15 20:30,0,인테리어 관심있어서 보다가 우연히 발견했는데고등학교 라운지가 울학겨보다 좋네..
2022-11-15 16:16,0,교보 전자 도서관 컴으로 어케 이용해? 도서관 홈페이지에는 교보가 안 보이는데
2022-11-15 13:48,3,"아까 12시 쯤에 차관 입구에서 도서관으로 가는 방향 길에 동전 떨어뜨리신 분!동전 3개 더 떨어져 있었는데, 발견 못하시고 뛰어가버리셔서 제가 주웠습니다!바로 옆 화단에 두었으니 찾아가세요!밥 먹고 왔는데도 아직 300원이 계속 있더라고요"
2022-11-15 13:08,0,도대체 도서관 4층 어떻게 가는 거야 .. 교수님 상담있는데 길을 모르겠다
2022-11-15 11:30,0,도서관에서 안경에 김서리는 거 싫어서 코스크 하면 좀 싫어?
2022-11-15 11:16,0,흔한 신발 신는 사람들 도서관 3층 누울때 꼭 신발 신발장에 넣어ㅋㅋㅋㅋ저번에 화장실 가려는데 흰 에어포스만 4켤레 있어서 당황했음 사실 아직도 내꺼 맞는지 모르겠어..
2022-11-15 3:17,0,휴학생인데 덕성다움이란게 도서관 쪽에 원래 있던 스터디룸을 명칭만 그렇게 부르는거 맞아??
2022-11-15 2:59,0,혹시 도서관에서 애플펜슬 1세대 본 사람!! 곰돌이 모양 펠트 스티커 붙어있어
2022-11-15 0:47,0,도서관 아침 8시 30분쯤엔 열려있다고 봤었는데혹시 8시 10분쯤에도 열려있을까요?멀티미디어실 쓰려고하는데...
2022-11-14 23:00,0,도서관 사물함에서 폰 충전 어떻게해?
2022-11-14 21:00,0,도서관에 분실물  파우치 있습니다!
2022-11-14 20:46,0,오늘 4시 30분쯤에 책 빌리시고 화장실에 두고 가신 덕우님 일단 데스크 사서선생님께 전달해두었습니다 -도서관 근로생-
2022-11-14 20:12,0,혹시 1층 도서관 화장실에서 주황색-갈색 계열의 무늬가 있는 파우치 보신 분 계신가요..손씻으면서 깜빡하고 놓고나온 듯한데 다시 찾으러가니까 없더라고요생리대만 들어있는 파우치인데 꼭 찾고싶습니다...
2022-11-14 19:12,7,[ 에어팟/버즈 분실물 ] 핫게 부탁드립니다.도서관 3층 참고도서실 데스크에 보관 중입니다.
2022-11-14 15:54,5,도봉도서관에 있는 고양이~
2022-11-14 15:48,1,#행근딸내가 허리가 길어서 그런가 덕다도 도서관도 열람실도 책상이 너무 낮아서 허리 아파 흑
2022-11-14 15:40,1,도서관 소파 눕기만 하면 점점 기억이 사라져... (자다가 수업늦었다는뜻)
2022-11-14 15:16,0,"도서관 3층 화장실 칸 거치대에 폰 올려두고 고냥 나왔는데, 도서관 2층 데스크에 맡겨주셔서 감사해요 이름 모를 덕우🫶"
2022-11-14 14:34,0,학생증 말고 도서관앱 바코드로 책 빌릴 수 있나요?
2022-11-14 13:18,0,도서관 2층 노트북 써도 돼?
2022-11-14 12:47,0,도서관 옥상 흡구 맞아? 금연구역 붙어 있던데
2022-11-14 12:13,1,우리 수면실 언제 쓸 수 있어? 하... 도서관 1층 라운지 소파 맨날 차있어서 자지도 못함
2022-11-14 11:27,25,문정의 자랑 키티헌 교수님이 웬일로 … 강의 하신다 하길래 신청했는데 신청률 너무 저조해서 공유해 봅니다.줌으로도 한다니까 많관부 많관부링크 : https://discover.duksung.ac.kr/#/bbs/notice/5720신청 : 딜라이트
2022-11-14 0:30,0,✨P.O.P X SPLing 연합세션✨에서 청중평가단을 모집합니다!(~11/19)여러분은 현재 무얼 '하는 중'이신가요? 각자 자신이 현재 몰입하고 있는 활동과 그 활동을 하는 목적이 있으실 겁니다. 이에 관한 이야기를 폭넓은 시각에서 듣고자 대학생 연합발표토론동아리 P.O.P와 SPLing는 <ING>를 주제로 연합 발표 대회를 준비했습니다. 이 자리에 청중평가단 여러분을 초대합니다![P.O.P X SPLing 연합세션]주제: ing(~하는 중)일시: 2
2022-11-11 20:28,1,도서관 1열람실쪽 화장실에 칫솔세트 놓고가신덕우!!!! 흰색케이스에 초록색친솔!!이요!!!!
2022-11-11 19:53,2,"시험준비중이라 도서관 다녀서 하루 두끼 밖에서 사먹는데 밥값만 해도 이만원이네,, 그냥 분식집가서 김치찌개 먹어도 칠팔천원이고 어휴,, 내가 알바로 버는게 한달 70만원인데 밥값이랑 교통비 빼면 0원임..ㅋㅋㅋ 그나마 엄마아빠가 독서실이나 인강 책비용 지원해줘서 이정도지 돈없으면 공부도 못하겠다"
2022-11-11 19:10,0,학교 도서관에서 담배 필분 계신가요
2022-11-11 18:33,0,외국가면 대학교 도서관 한번 구경하고싶은데 보통 외국대학도 학생증 있어야 도서관 들어갈수있지?
2022-11-11 16:12,0,도서관에서 신발 너무 삐걱거려 진ㄴ심 개죄송함;;
2022-11-11 12:02,0,도서관에 카드 두고 가신 ㅊㅇㅈ 님 앞에 맡겨 뒀으니 꼭 찾아가세요!
2022-11-11 10:37,8,"🤗조심스럽게 해보는 제안🤗오늘 빼빼로데이라 빼빼로 선물도 좋겠지만, 오늘이 농업인의 날이기도 하니까 가래떡을 선물하는 건 어때? 겨울에 구워 먹으면 맛있기도 하고…빼빼로 못지 않게 좋은 선물이라 생각해. 초등학생 때 빼빼로 대신 학교 도서관에서 가래떡 나눠준 기억이 갑자기 떠올라서 올려"
2022-11-10 17:05,0,도서관에 테이크아웃 커피 먹을 수 있는 곳 어디야..?!!?
2022-11-10 16:10,0,도서관 3층 세번째칸에 칫솔치약 세트 두고 가신분 가져가세요~
2022-11-10 15:11,0,도서관 인공눈물 빌려주실 분 구해요..!
2022-11-10 15:06,0,도서관 컴퓨터도 어도비 돼? 플레이앤크리에이티브는 인디자인이 안 되니...
2022-11-10 14:11,0,도서관에 가방 놔두고 나갔다와도 되려나 이런거 되게 불안해해서....
2022-11-10 13:11,0,도서관에서 타자치는 거 별로일까? 조금 소리날 것 같긴 해.
2022-11-10 9:18,0,"덕우들, 기분 안좋거나 우울할 때 도움된 책 있어? 당장 도서관에 가서 #행근딸"
2022-11-10 2:17,0,<착석 인증 단톡방 멤버 모집>!!월 - 금 집밖에서 공부하는게 목표!!인원 : 10명오전에 공부하고 싶은데 계속 늦게 일어나게 되네 타임스탬프어플로 도서관 책상이나 카페 테이블 나오게 공부시작사진 올리면 돼(집 책상 nono)세부적인 사항은 진행하면서 정할게https://open.kakao.com/o/g60jgWMe
2022-11-09 20:40,1,‼️도서관 1층 분실물입니다‼️분실물함에 두었습니다
2022-11-09 19:19,0,도서관 2층 인터넷 존에서 문서 작성 가능한가요?
2022-11-09 17:40,0,집근처 도서관에서 책 빌렸는데 2주동안 그냥 안읽고 반납하는 사람이 있다? 그게 바로 나.....
2022-11-09 17:05,0,도서관 학생증 찍으면서 들어가는 곳은 9시까지 하는거 맞지?? 빨간 쇼파 있는 곳!
2022-11-09 16:31,0,혹시 학교 도서관에 계신 분들 중에 아이폰 충전기 한 시간만 빌릴 수 있을까요? 늦게까지 도서관에 있을 예정인데 충전기를 깜빡했네요… 빌려주시면 감사하겠습니다!!!
2022-11-09 15:36,0,"학관 편의점 담배 민증검사 하던가? 원래 맨날 무조건 들고다니는데 어제 지갑 잃어버려서 전자학생증(도서관앱들어가면서 보여줄수있는거)이랑 카톡 인증서? 같은거에 이름 펴시되어있는거 이거밖에 없는데,,,, 어케 안되려나 01인디.."
2022-11-09 15:02,0,도서관 3층 데스크 앞 소파랑 휴 말고 더 안에 들어가서 발 올릴 수 있는 소파에선 자도 돼?
2022-11-09 11:15,0,진짜 당연한 거일 수 있는데... 도서관 2층 들어왔을 때 왼편의 긴 소파들 있잖아 그거 자리 나면 그냥 앉아도 되지..? 🫤 약간 마주보는 느낌이라 좀 부끄러워서...
2022-11-09 9:17,6,도서관에서 사진상의 베이지색 목도리 잃어버리신 학우는 학생서비스센터로 찾으러 오시기 바랍니다
2022-11-09 2:51,0,덕우들은 도서관에서 공부할 때 어디가 제일 잘되는거같아? 덕성다움? 일반도서관자리? 아니면 칸막이열람실?
2022-11-09 1:33,0,교보문고 전자도서관덕성여대 도서관 들어가서 로그인할때아이디 학번비번 학교도서관비밀번호 하면되는거 아닌가요?계속 서비스 오류라고 뜨네요1. 교보문고 측 오류인가요?2. 아니면 제가 따로 비밀번호를 앱 사용 전 재설정해야하나요?
2022-11-09 1:19,0,도서관 통해서 논문 찾고 싶은데 들어가도 계속 로그인 하라고만 떠 .. 어떻게 하는지 아는 덕우 있을까
2022-11-09 0:22,0,혹시 오늘 도서관 이용하신 분 중에 파우치 보신 분 계실까요…? 오트밀 무지 파우치 입니다..
2022-11-08 17:42,14,도서관에서 나가는데 애옹 하면서 날 붙잡은..미고
2022-11-08 13:23,0,도서관 1층 항상 너무 미묘하게 추워...
2022-11-08 12:50,5,☆☆☆ 도서관 3층 데스크 앞 소파에선 누우면 안됩니다☆☆☆☆☆☆ 도서관 3층 휴 공간 수면 공간 아니여요 ☆☆☆안내문 다 붙여있는데 모르는 덕우들 많아서 글 올림..3층 소파에서 자다가 지적 받고 호다닥 나가는 덕우들 보면 맘이 아프다..
2022-11-08 12:29,0,지금은 도서관 책 반납 2층 데스크에서만 가능한거지??
2022-11-08 12:09,0,오스카 라운지 스터디룸 4인실 가려면 도서관 어디로 올라가야하나요…??
2022-11-08 11:52,0,"도서관 1층 스터디룸 발권 어디서 하는지 아시나요…? 오스카 라운지는 따로, 2~3층은 덕다 앞 키오스크에서 하는걸로 아는데…. 1층 발권도 거기서 해야하나요…?"
2022-11-08 11:31,0,도서관에 있는 컴퓨터 사용하려면 어떻게 해야하나요?
2022-11-08 7:37,0,도서관 사물함 1시간에 얼만지 아시는 분 계신가요
2022-11-07 23:22,0,도서관 24시 휴게실 난방 어떻게 키는지 아시는 분 계시나요
2022-11-07 21:45,0,도서관 2층 창가자리에 반지 두고가신 분 찾아가세요
2022-11-07 20:17,0,도서관 출입문 쉽게 열리니까.... 훅 열고 그냥 가지 말아주세요... 제발...
2022-11-07 18:33,10,도서관 화장실에 두고가신 키티 달린 파우치 찾아가세요! 출입구에 맡겨져있습니다
2022-11-07 18:10,321,등록금 뽕 뽑기 팁아는 덕우들은 아는데 은근 모르는 덕우들 많은 것 같아서 적어봄우리학교 교보문고 전자도서관 들어가서 책 무료로 대여 가능해방법도 엄청 간단하거든 책 종류도 많고교보문고 전자도서관 어플 다운받고 우리 학교 검색해서 로그인만 하면됨아이디는 학번이고 비밀번호는 우리학교 도서관 페이지 들어가서 비밀번호 설정하면됨요즘 아이패드로 통학할 때 여기서 책 빌려보는데 편하니깐 추천대출이랑 반납 걍 터치로 한번에 할 수 있어유명한 책은 대부분 있는 듯
2022-11-07 17:54,0,오늘 새벽 3시쯤까지 도서관에서 공부하쉴 덕우분 계신가요?
2022-11-07 17:05,5,도서관 출입구에서 분실물 찾아가세요.입생로랑 립제품
2022-11-07 14:03,0,#행근딸오늘부터 공부하겠다고 강의 시간보다 일찍 왔는데 약 먹었더니 너무 졸려서 1층 도서관 소파에서 잤거든 근데 사서 선생님?이 담요 덮어주셨어...😳
2022-11-07 12:39,0,#행근딸도서관에 도서구입신청하면 보통 될확률보다 안될확률이 높나?
2022-11-07 11:45,0,도서관앱 로그인 자체가 안되고 스터디룸도 대여가 안되는데 이럴 경우에는 어떻기 해결해야하나요…
2022-11-07 10:42,5,도서관 2층 소파에 안경 두고 가신 분 찾아가세요
2022-11-07 1:08,0,잃세찾 걍 영화 보고 쓰는 게 훨 쉬울 거 같은데.. 영화 학교 도서관에 있거든 !! 그거 빌려서 다 같이 보면 안 되나 ㅋㅋㅋㅋ.. 바뀐 주제 어려워서 ^^;;
2022-11-07 0:01,0,도서관 자료 구입 신청했는데 따로 연락 안왔고 처리상태 주문이라고 되어있으면 아직 도착 안한거죠?
2022-11-06 23:55,0,도서관 사이트 통해서 논문 사이트 들어갔는데 로그인을 어떻게 해야 볼 수 있는거야 ? 포털 아이디 아니야 ?
2022-11-05 12:11,0,"#행근딸 #개방이사 #메일총공도서관에서 빌린 책 읽는 중인데 이정도면 그냥 필기해놓은 거라고 봐도 무방할 정도로 밑줄, 글씨 쓴 거 개많음 ㅋㅋ 심지어 그중 반은 빨간 볼펜으로 씀^^"
2022-11-05 2:54,0,내일 도서관 사용 가능한가요..?
2022-11-04 18:03,0,#행근딸 덕우들아 내가 인천 부평에 볼일이 있어서 왔는데 지금 집에 가고있거든? 원래 도서관 가는데 오늘은 닫혔어그리고 내가 부평 갔다온걸 말하면 안되는 상황인데...대체 뭐라고 둘러대야 할까... 부평에서 뭐 상담받음...
2022-11-04 17:18,0,졸업생 겸 교직원인데 도서관 사용하고싶어서 학생증 로그인 시도중인데 안되네…..
2022-11-04 16:53,0,교보 전자도서관 사용할 때 노트북으로는 들어가지는데 아이패드는 로그인 처리 중 오류가 발생했다고 뜨네... 이거 왜 그런지 알려줄 수 있는 덕우들있을까?
2022-11-04 12:59,0,#행근딸저번에 어떤 덕우가 도서관 벤치 저거 개구리라고 해서 봤는데 진짜였네ㅋㅋㅋㅋㅋㅋ 웃기다
2022-11-04 12:48,0,#행근딸 덕다랑 도서관 2층에서 계속 키스킨 안 끼고 타자쳤었는데 원래 키스킨 껴야돼?
2022-11-04 10:21,0,1. 집2. 카페 3. 도서관 혹은 스카
2022-11-03 22:44,1,🎥 운현방송국 도서관 내 촬영 공지 🎥운현방송국 도서관 내 촬영을 공지합니다.도서관 측 사전 협조를 받아 11월 4일 금요일 오전 11시부터 도서관 3층 테라피존에서 공식 보도 영상을 촬영할 예정입니다.부득이 하게 소음이 발생한다는 점 양해 부탁드립니다.🙂☑️ 일시 : 2022. 11. 04 (금) 오전 11:00 - 오후 12:00
2022-11-03 21:03,0,혹시 과잠 중에 바탕은 검정색에 글씨 테두리가 버건디인 과잠 있을까? 버건디보다는 좀 더 명도가 밝고 핑크에 가까운 느낌이었어 얼마 전에 도서관에서 공부하다가 봤는데 예뻐서!
2022-11-03 19:59,2,도서관 대출실 근로할 때 1층 근로하는 경우에 다들 안쉬어? 3-4시간 연속으로 일할 때.. 내가 체력이 안좋아서 책 100권 정도 나르면 진짜 쓰러질 것 같은데 다들 안쉬는 것 같아서..
2022-11-03 17:34,0,도서관에서 말로 통해서 인대쪽으로 가는 길 있잖아 거기 말로 이용 안하고 그냥 길로만 써도 되나 혹시?
2022-11-03 17:09,2,지금 11/3 목요일 오후 5시 방금 도서관에서 정문 가는 길에 아이보리(흰 색) 피아노 덮개같이 생긴 폴로 목도리 잃어버렸는데 혹시 발견하신 분 계신가요 정말 아끼는 건데 미치겠어요 댓글 부탁드려요
2022-11-03 17:02,5,학교 옆 도봉도서관에 있는 고영이~
2022-11-03 16:15,0,디지털도서관 오늘수업자세히알려주실분... 사정이잇어 못갓습니다
2022-11-03 16:01,0,우와 근데 도서관이랑 종로캠 다 총장님이 진행하신 건가
2022-11-03 15:47,22,종로운현캠퍼스 얘기 나왔길래 나도 아는대로 말해보면(몇년전 기준이라 틀릴 수 있음)가끔 착각하는 파란색으로 덕성여대 써있는 안국역 빌딩은 종로캠 아님(덕성여자대학교 종로캠퍼스 써있는 건물은 ㅇ) 근처긴한데 종로캠은 낮아서 역에서 바로는 안보여그리고 아무래도 쌍문동 이사오기 전에 썼던 건물이라 좀 낡았음 엘베없는 건물도 있고리모델링 내가 알기로 그전에 했다고 들었는데 해서 그 정도인거... 재건축은 신축보다 돈이 더 들고(철거+신축이라) 옆에 문화재도 있어서 현실적으로 어려움크기는 대학 캠퍼스로 보기엔 작은데 건물 하나만 있는
2022-11-03 15:42,0,도봉도서관에서 말의 품격 대출해가신 분~¿포토카드 두고가셨어요~~
2022-11-03 14:32,0,덕성다움 f좌석 현황 보려면 여기서 뭐 눌러야 해..?
2022-11-03 14:29,0,#행근딸딘들 시험 끝나지 않았어? 오늘 도서관에 사람이 많네...
2022-11-03 13:15,2,#행근딸혹시라도 도서관3층 휴 이용하는 덕우들 신발장에 신발 꼭 넣어주길 바라 앞에 공지도 붙어있으니까 한 번씩 읽어보고!
2022-11-03 11:32,0,도서관 태라피존이 2층 빨간쇼파있는 곳인가요??
2022-11-03 11:22,0,어제 문자오길래 오늘이 학술제인줄알고 일찍 왔다가 빈강의실 보고 기함했는데 그냥 도서관 가서 무료 카페다 생각하기로함 스껄~
2022-11-03 10:30,21,휴 수면 금지된거 안내문! 근데 규칙 내려올만 하더라.. 신발 신발장에라고 대놓고 붙어있는데 지금 신발 장난아님 ㅎ…
2022-11-03 10:20,1,도서관 휴 수면 금지네 ^..
2022-11-03 2:42,0,이거 위에 두개 다 듣고 설문 조사도 했었는데..창업전문가 특강 이건 왜 미이수라고 뜨는건지 아는 덕우 있어??이거 들었던 덕우들 다 이렇게 떠?
2022-11-02 20:59,0,캡스 진짜 외부인들은 안 잡으면서 재학생은 왜 잡냐.. 해지고 도서관에서 공부하다가 잠깐 편의점 갔다 다시 들어가는데 내 외모랑 옷차림 보고 잡아서 엥했음
2022-11-02 19:11,0,"저녁 같이 먹어줄 사람 .. ?  저는 도서관에서 공부 중인데 배고파서요 ,,, 2학년입니다 시켜 먹는 거 좋구요 만나서 먹어도 좋아요 🫶🏻"
2022-11-02 15:24,1,도서관 소파에서 에어팟 주워서 카운터에 맡겨놨어요
2022-11-02 15:14,20,도서관에서 돌아다니다가 발견! 신기하다
2022-11-02 14:17,2,덕설이 귀엽긴한데 사람 경계심이 너무없다...도서관에서 구경하는데 자꾸 다가오니까 어떤 덕우가 안돼! 씁! 안돼! 이러심..ㅋㅋㅋ
2022-11-02 13:47,0,도서관에서 충전기를 빌릴 수 있는곳이 있을까요….
2022-11-02 12:30,52,도서관 3층 휴게실에서 깨움당한 덕우! 코 고는게 시끄러워서 깨운게 아니라 숨을 잘 못 쉬는 소리가 나서 깨운거에요. 엄청 피곤해 보였는데 깨자마자 도망가서 미안해짐.
2022-11-02 12:18,0,아 도서관 알바 지원메일 썼는데 마지막에 전화번호 적는걸 까먹고 보내버렸어 이거 전번쓴 메일을 하나 더보내야되나 우째야되나 개오바
2022-11-02 11:24,0,도서관 1층에 있는 독서대 덕다 가져가도 써도 되려나? 대여하는데 절차 있어?
2022-11-02 10:10,0,와 도서관에서 노트북 켜지는 소리 들렸는데 맥북은 어쩜 전원 켜는 소리도 좋니
2022-11-01 17:53,0,우리학교 도서관에서 e북 대출 가능해?
2022-11-01 14:15,0,도서관 소파에서 계속 코골면서 자는 분 있는데 고통이다...
2022-11-01 14:15,0,"혹시 도서관에 계신 분중에 팬 한번만 빌려주실 분 계신가요 ,,"
2022-11-01 12:27,1,도서관 3층 누울 수 있는 공간 가방만 두고 사라지지 않았으면 좋겠어 눕고 싶은데 공간이 없어서 딱딱한 바닥에 눕는 덕우들도 있는데#행근딸
2022-11-01 11:38,0,오늘 급하게 나오느라 파우치를 놓고왔는데 도서관 생리대 하나만 기부해 줄 덕우....?
2022-11-01 11:01,33,경기도 사는 덕우들 경기도사이버도서관 거비스 좋으니까 한 번 이용해봐!혹시 모르는 덕우 있을까 싶어서 공유해!일반전자책 대여랑 구독형 전자책 대여 있는데 구독형이 더 좋아. 구독형은 대기나 예약 필요없이 그냥 빌려볼 수 있어서 편하더라! 일반보다 책도 더 다양해. 일반책10권+오디오북 10권으로 한달에 20권 빌릴 수 있어.교보도서관에서 '경기도사이버도서관(구독)' 추가하면 돼!
2022-11-01 7:31,0,도서관에서 자면 안 되는 곳이 어디야??
2022-10-31 23:05,0,도서관 2E 스터디룸은 어디를 말하는건가요??
2022-10-31 19:50,0,교내 도서관 꼭 방학까지 해야하나요? 방학 기숙사 공지 올라왔는데 이번엔 신청 못할 것 같아서… 그냥 그만둘 때 중도포기 하면 될까요
2022-10-31 18:51,1,도서관 3층 휴게실에 하늘색 버즈 두고 가신분 옆에 있는 인포에 맡겼습니다! 찾아가세요~
2022-10-31 17:45,0,도서관 3층 빈백 브랜드 아는 사람! 별개로 빈백 브랜드 추천도 받음!!
2022-10-31 14:18,0,3층 도서관 히터 쎄다.. 개노곤노곤해
2022-10-31 11:36,0,도서관 좀 춥지 않아? 나만 춥나
2022-10-31 11:26,8,금요일에 진행했던 내가 그린 피크닉 후기!10월 중순부터 친환경적인 행동을 통해 적립금을 쌓고 지난주 금요일에 플로깅도 하고 용기를 가져와 포장해오는 활동을 하고 같이 피크닉을 했어요~그 주가 추워서 걱정했는데 날이 따듯해서 다행이었어요.솔밭공원쪽으로 돌아 백운시장을 거쳐 다시 후문으로 왔는데 쓰레기가 정말 많더라고요. 정문쪽은 많이 없었으나 도봉도서관 담장쪽 화단에 특히 쓰레기가 많아서 안보이는 곳에 많이 버리는구나 생각했습니다. 그리고 담배꽁초가 너무너무 많았습니다. 길만 보고 깨끗하다고 생각했는데 플로깅을 직접해보니 이
2022-10-30 16:26,0,"서울에 공부하기 좋은 북카페 추천좀 부탁해!!내가 부천 살긴 하는데회화, 수유처럼 너무 멀지만 않고신촌, 홍대, 강남 정도 거리면 서울로 잘 다녀서서울로 물어봤어!!스터디카페랑 도서관은 좀 갑갑하고 그냥 카페는 시끄러워서 집중이 안 되더라고..북카페 어쩌다 한번 가봤는데조용한 카페고 다들 공부중이라 좋았어서!!"
2022-10-29 22:45,0,취업+시험 겹쳐서 3주동안 못보고 있고 남친이 아침 9시부터 밤 12시까지 도서관+스카만 가는데 기다리는거 넘 힘들다….. 난 직장다녀
2022-10-29 13:26,0,도서관 열람실 일욜에도 여나요?
2022-10-29 12:04,0,도서관 왜 열려있지?
2022-10-28 19:47,42,"밑글 보고 쓰는건데..어떻게 시스템 상의 문제를 얘기하는데 ""그럼 니가 가서 직접 해결해 ""이딴식의 발상이 나올수가 있을까? 내가 본 사람 중 탑급으로 멍청함; 심지어 대학생이, 그것도 우리학교 학생씩이나 되는데.. 비꼬는거 아니고 진짜 신기함 예를 들어 ""도서관 몇열의 누구누구 시끄러워요"" 이런건 직접가서 개인이 해결할수 있는 문제 맞지. 그런데 밑글 덕우가 얘기하는건 ""여대생은 밥을 적게 먹는다, 그러니 양을 적게 줘도 된다""는 차별적 가정하에 운영되는 급식 시스템의 부조리에 대해 말하는 거잖아"
2022-10-28 12:15,51,"#행근딸 #개방이사""덕성여대 ""MZ세대 취향 담은 도서관 '덕성多움' 개관""https://n.news.naver.com/article/003/0011503140?sid=102덕우들아 덕성다움 기사 나왔다. 좋아요 많이 눌러주자ㅎㅎ(여유금 있으면 예비새내기들 위해 총학이 진행 중인 모금도 하자 속닥속닥)"
2022-10-28 1:10,0,졸업생중에 학교 도서관에서 공부하는 사람 있어??
2022-10-27 22:37,0,#행근딸 교보도서관 앱 덕성포털 아이디랑 같은거지?? 왜 아이디 비번 다르다고 하지 복붙했는데 중간에 비번 바꿔서 적용이 안되나
2022-10-27 21:05,19,"#행근딸 덕성다움에서 애플펜슬 주우신 분, 가져가신 분이 있다면 돌려주시면 감사하겠습니다10월 21일 금요일 덕성다움 A12자리에서 애플펜슬을 분실하였습니다. 지금까지 캡스, 학생서비스센터, 도서관을 돌아다니며 찾았으나 발견하지 못하였습니다. 다음주 월요일까지도 찾지 못하면 도서관 사서님께 양해를 구하여 씨씨티비를 보기로 하였습니다. 혹시라도 가져가신 분이 계시다면 캡스에 분실물로 놓고 가셔도 좋으니 꼭 돌려주시길 바랍니다. 분실한 건 제 불찰이나, 새로 살 돈이 없고 공부에 꼭 필요합니다. 부탁 드립니다..! (애플펜슬을 "
2022-10-27 20:45,4,‼️양치도구 두고 가신 분 도서관 1층 분실물함에 뒀습니다‼️
2022-10-27 20:28,6,‼️도서관 1층 팔찌 분실물입니다‼️분실물함에 뒀습니다
2022-10-27 19:22,4,‼️도서관 분실물입니다‼️2층 세미나실 학생증라운지 볼펜
2022-10-27 17:08,0,도서관 옥상에서 같이 담배 필 덕우?
2022-10-27 15:56,6,도서관에 사탕 아직 많이 남았어요 드세요!
2022-10-27 15:56,4,아까 수업 끝나고 인대에서 도서관 가는 길에 덕조 발견함😎 풀 뜯어 먹던데ㅋㅋㅋㅋㅋ
2022-10-27 14:58,6,도서관에서 사탕주고 간 천사 덕우순간 놀라서 인사도 제대로 못했는데 고마워요❗️❗️벌써 하나 먹었는데 존맛!!!
2022-10-27 14:57,4,도서관 이면지 활용함에 자두 사탕 놓아 뒀으니 가져가세요 ...🫶
2022-10-27 14:51,5,도서관 사탕요정님 감사해요 드러누워있는 저까지 챙겨주시고... 최고의 하루 되세요
2022-10-27 14:48,20,방금 도서관에서 모르는 사람이 사탕 주고갔어...
2022-10-27 14:03,0,도서관 1층.. 그 책 많은 곳에는 테이크아웃 커피잔 들고 들어갈 수 없겠죠?
2022-10-27 13:19,1,덕성다움 여기로 들어가는 거 맞나요? 힘줘도 안 열리는데 어떡하죠
2022-10-27 11:47,0,도서관 2층 컴퓨터 공간에 있는 컴퓨터에 한글프로그램이랑 어도비 같은 프로그램들도 다 깔려있나요?
2022-10-27 11:42,0,도서관 1층 히터 마음대로 틀어도 되나요? 창가 옆에있는 히터요!
2022-10-27 11:28,0,도서관 라운지에서 마스크 벗지 마세요
2022-10-27 11:10,31,"현 코로나 상황에서 실내 마스크는 이제 의미 없는 듯ㅋ. 의미를 잃어도 한참 잃음ㅋㅋ 왜냐? 모순이 존재하거든^^ 마스크를 벗어야만 하는 공간(식당, 카페 등)에서 예전처럼 방역패스로 일일이 확인하는 것도 아니고. 방역패스에 대해 왈가왈부하는 거 아님. 식당이나 카페에선 마스크 벗고 말도 하고, 하하호호 거리고 다 하잖아. 침방울 다 튀기면서. 근데 대체 실내 마스크를 그렇게 고집하는 이유가 뭔데? 특히 도서관과 같이 정숙한 공간에서 말 할 경우가 뭐 그렇게 있다고 마스크를 쓰라는 건지.. 선택도 아니고 의무ㅋ. 진짜 애먼 짓도 이런 애먼 짓이 없음."
2022-10-27 10:23,0,도서관 정기간행실에서 검은색 지갑 분실물 데스크에서 보관 중입니다.
2022-10-27 7:30,0,아 도서관 제1자유열람실cd는 지금 안하는구나 먄날 꽉차있길래 사람들 짇짜 존나 부지런하다 생각함ㅋㅋㅋㅋㅋ
2022-10-27 1:00,0,도서관 열람실 갈때 지문인식 해야 갈 수 있는 건 어떤 경우인가요??
2022-10-27 0:49,0,그 도서관 3층 열람실이나 노트북존 발권하려면 학생증만 있으면 될까요..? 한번도 안가봐서 떨려요..#행근딸
2022-10-27 0:16,0,과제땜에 자료조사하고 문서정리하려는데 도서관 인터넷존 사용하면 될까요? 노트북 무거워서 안 챙겨가고싶어서요
2022-10-26 23:52,48,도서관 1층 자료검색 컴 배경화면 무서워
2022-10-26 23:03,7,아까 9시쯤 도서관에서 나오는 길에 마주친 미고랭
2022-10-26 16:15,0,도서관 테라피존 진짜 넘좋다... 없었으면 나 오늘 알바가서 정신 못차렸을 거 같음#행근딸
2022-10-26 14:54,0,도서관 2층 라운지에 0.7 제도샤프 두고 가신 분??
2022-10-26 11:55,0,도서관 소파에서 잠깐 잤는데 이마에 모기물림진짜 어이없다 10월 말인데 모기가?
2022-10-26 11:31,0,혹시... 덕성다움 쪽에서 잠깐 눈 붙일 수 있는 데 있을까...? 밤새고 와서 너무 피곤한데 도서관 3층? 빈백은 자리가 다 찼더라고...........
2022-10-26 11:23,0,경조론 도서관 들어갈 때 찍는 모바일 학생증도 가능한가?
2022-10-26 11:22,0,도서관에서 줌 수업 들으려고 했는데 와파 연결이 도저히 안 되네퍼블릭도 안 되고 덕성 와이파이도 안 되고 무선랜도 안 되고…뭐 어떻게 해야되나
2022-10-26 10:59,0,"미고 자주 출몰하는 지역 어디야,,,예대 자대쪽이랬나??나 인대-차관-도서관쪽만 다니는데 딱 한번밖에 못봄..."
2022-10-26 3:36,0,도서관 지금 좌석 발급 안되는 시간인가요?
2022-10-26 0:26,0,여법 큐앤에이 들어갔던 덕우들 나 그때 뜨문뜨문 들었었는데 교수님이 학교 도서관에서 시험 응시하는거 안된다 하셨어????
2022-10-26 0:16,44,미쳤다..시험 중 조교폭행...누가봐도 그 성별...
2022-10-25 23:50,0,온라인 시험 최악이네... 바로 전 타임 수업있어서 후다닥 자리잡고 셋팅해야되는데 도서관 어딜 가야하지... 자리 없을 것도 생각해야하니까 골치아프다
2022-10-25 23:11,1,헉 도서관앱 좌석 확인 가능해졌네!!!
2022-10-25 23:00,0,ㅁㅊ 나는 도서관 앱 안 들어가지는데들어가지는 사람들도 있구나지금 앉아있는 자리 연장 못해서 발동동구르고있음… 어떡하지
2022-10-25 22:55,0,지금 덕다 연장하는 덕우들은 도서관앱 들어가지는거야...?!부러워서
2022-10-25 22:43,0,도서관앱 아직 안되는거지??
2022-10-25 22:17,0,도서관앱 안들어가지는데 이렇게 뜸아니 어쩌라는..
2022-10-25 22:13,0,아니 나 자리반납하고 갈거야 도서관 앱아....
2022-10-25 22:12,0,덕다 지금 자리 얼마나 있어? 도서관 어플 먹통이라 안들어가짐..
2022-10-25 21:50,0,도서관어플 나만 잘 안들어가져?
2022-10-25 20:10,1,도서관 어플 접속이 안 되네… 반납하려고 했는데…
2022-10-25 20:07,0,"그럼 26일 00:00시부턴 도서관 24시간 사용 못하는 거 맞지??24시간열람실만 가능한 건가,, 오늘부터 시험 시작인데 왜 그런거지"
2022-10-25 20:03,0,지금 나만 도서관 어플 안 들어가지나..?
2022-10-25 20:03,0,"아직 시험기간인데 (담주월까지) 도서관 24시간 되는 거 내일부턴 24시간열람실 밖에 없는 거 너무 슬프다바뀐 거 없지,, 하 눈물"
2022-10-25 19:09,0,#행근딸도서관 4층은 뭐가 있길래 쿵쿵거리고 시끄러운거야? 과방이라도 있는건가?
2022-10-25 18:59,0,인간적으로 덕성다움이던지 어디든지 도서관 자리 쓰면 지우개가루랑 흔적은 좀 치우고 가자;
2022-10-25 18:22,0,노트북존어디에요.....?도서관 3층 올라가봤는데 여기는 아니죠??
2022-10-25 18:15,0,재무관리 잼관 장욱교수님 연습문제 6번 찍어서 보내주실 덕우 있나요 사례하겠습니다 도서관에도 없고 배송이 늦어서요
2022-10-25 18:08,0,#행근딸 #개방이사교보전자도서관 왜 몇주째 로그인이 안되냐 개열받는다 진심 앱 지웠다 깔아도 오류뜨고 난리임
2022-10-25 17:53,0,도서관 앞에서 미고 찍은 덕우들공유 제발 부탁......개귀엽던데 사람 많아서 못 찍음....
2022-10-25 17:26,0,#행근딸 휴학생도 내일부터 도서관 쓸 수 있는거 맞나??https://everytime.kr/255745/v/271742735 이글 보니까 25일까지인 것 같아서!!
2022-10-25 15:51,0,혹시 지금 도서관 2층 라운지(오스카라운지 말고)에 있는 분 계신가요..??
2022-10-25 15:14,0,도서관에서 온라인 시험보기 괜찮은 장소가 어딜까...
2022-10-25 15:05,0,잼관 연습문제 찍어서 보내주실 분 계신가요…?도서관에 책도 다 대출중이라서요…
2022-10-25 14:58,0,아침에 학교에서 새까만 고양이 봤는데 이름이 뭘까 도서관~인대 사이에 있는 물빠짐구멍(?)을 하염없이 보고있더라구 귀여운데 바빠서 눈으로만 봤다..
2022-10-25 14:24,0,학교 검정색 고양이 이름 뭐야??나 아침마다 마주치는데 이상하게 동선이 겹치는건지 암튼 맨날 나란히 같이 걷다가 도서관 앞쪽에서 항상 헤어짐
2022-10-25 13:57,12,#행근딸 #개방이사 열람실 B-13에 반지 분실물 있습니다
2022-10-25 13:41,0,도서관 공지 봤는데 헷갈려덕다 24시 오늘 새벽으로 끝인거야아니면 오늘까지 밤 샐 수 있는건가
2022-10-25 13:31,0,이북리더기 추천해줄 수 있어?주사용 플랫폼은 리디북스랑 교보 전자도서관가격은 20만원대 생각하고 있어+이북리더기 사용하면 어때? 확실히 다른가?
2022-10-25 12:31,0,덕성다움은 자리 현황 도서관 어플로 못보는거 맞죠..?
2022-10-25 11:57,0,지금 도서관 소파쪽에 윙윙대는소리 벌레지?뭔가했네
2022-10-25 10:20,17,"계속 끌올 죄송합니다! 제대로 작성해서 다시 올려요. 핫게 보내주시면 너무 감사할 것 같습니다.버즈2를 찾습니다!! 케이스는🖤검정색 게임기 모양🖤에 🤍하얀색 일본어 차 번호판 키링🤍이랑 🐠금붕어에 한자 적힌 키링🐠 달려 있는 버즈2입니다.전부 다 선물받고 아끼는 것들이라 너무 간절해서 습득하셨거나 보신 분 계시면 꼭 말씀해주셨으면 좋겠습니다.어제 아침 7시부터 덕성다움에 있었는데,7시 반에 B16(창가쪽)에서 A12로 건너온 이후로 버즈를 케이스째 보지 못하고 있습니다.다녔던 동선 "
2022-10-25 6:21,0,덕다 중에 1인좌석은 개인학습공간B맞아?도서관 앱 보니까 여기 벌써 다 차있던데 다들 몇시에 오는거야..?
2022-10-25 6:02,0,도서관에 음료 자판기있어?? 달달한 게 갑자기 땡기네
2022-10-25 0:39,1,도서관 위 덕새~
2022-10-25 0:12,0,도서관 1층 앞에서 배달 받아도 되나요?
2022-10-24 23:50,0,도서관 24시 개방 화요일까지던데 그럼 화>>수 넘어가는 새벽은 포함 안되는건가..?
2022-10-24 23:24,0,도서관 휴게실에서 뭔가 먹고싶은데 혼자먹기 좀 그럼..
2022-10-24 22:41,0,이따 새벽에 담타할사람? 나는 도서관 자유열람실B에 있어!! 혼자 흡구 가기 무섭더라...
2022-10-24 21:50,0,혹시 지금 도서관 열람실에 음두헌 교수님 자바 교재 가지고 계신분 있나요? 잠시만 빌려주시면 정말 감사하겠습니다~!
2022-10-24 20:40,19,우리학교는 헤르미온느만 있는 게 분명해
2022-10-24 18:55,3,도서관 앞쪽에서 지갑 주웠어요! 후문 캡스에 맡길게요!
2022-10-24 18:16,0,도서관 자료구입신청 개인별 예산초과라고 뜨면 이제 더이상 자료구입신청이 안되는건가요..?
2022-10-24 17:49,0,그 도서관 3층 서가 바로 옆 자리에서 타자 쳐도 되나요?? #개방이사 #행근딸 #메일총공
2022-10-24 17:46,0,도서관 9시 전에도 열려있나요??
2022-10-24 17:09,2,도서관에서 공부하다가 뭐가 날래게 움직이길래 봤더니 덕설이
2022-10-24 16:37,3,변기 위에 신발신고 올라가지 마세요도서관 화장실 이용하려고 들어가서 뚜껑 올려보니 신발자국이 떡하니..제발 다음 사람도 배려합시다
2022-10-24 14:09,28,엥...덕우가 쓴 쪽지 또 훼손 돼 있어대학원입구쪽 도서관인데 노란색 쪽지가 덕우가 쓴거임..얼마전까지만 해도 멀쩡했는데 오늘 가보니 반쪽 찢어져 있어쓴덕우가 일부러 찢은거 아니면 무조건 훼손인거 모르나
2022-10-24 13:16,2,도서관 센서 지날때 무선이어폰 끼고있으면 나만 이상한 소리나? 둘이 뭐가 반응하는지 우우웅 하다가 순간적으로 노래도 끊기고 그럼
2022-10-24 12:39,0,도서관 중앙 야외공간에서 떠들면 열람실 안까지 다들려요!! 울려서! #행근딸
2022-10-24 11:00,0,차 13X호는 대강의동 옆쪽 문으로 가는게 빨라 아니면 도서관 맞은편 쪽이 빨라?
2022-10-24 10:06,0,도서관 창문 원래 안 열리나요..
2022-10-24 8:01,3,처음 : 도서관 어플에 사용중 좌석 점점 늘어가면서 보면서 덕성다움 내자리!!! 어카지... (현타 개오짐)지금 : 열람실가지뭐... 스카나 카공할까(코파기)#행근딸 #개방이사
2022-10-24 7:29,0,다들 왜 덕성다움가려고 애쓰고 제1열람실은 별로 안가려해? 난 도서관 별로 안가봐서 모름...
2022-10-23 22:30,0,얘들아 나 급한데 우리학교 도서관 홈페이지에서 로그인하려고 저기 클릭했더니 자꾸 아이디 비번 로그인 페이지가 아니라 저 메인 페이지로 다시 돌아가는디 어케 해야해..? 진짜 계속 로그인 버튼 누르면 무한 새로고침중이야..ㅋ
2022-10-23 20:19,0,여러분 도서관 가려고 하는데 2층 그 입구가 닫혀있는데 어디로 들어가야하나요..?
2022-10-23 16:51,0,도서관 연장하고 앉아있자 ..; 발권하고 가보면 연장 안하고 그냥 앉아있더라
2022-10-23 15:28,0,혹시 도서관이신분 저랑 공부하실분 있나요? 집중력 사라져서요
2022-10-23 14:31,0,도서관 일요일에 안 열지 않아??? 하운지갤러리 열었네
2022-10-23 14:02,0,압축봉 (커튼용... 등등) 필요한 사람 !!!!!!! 오늘의 집 '헤이안신도' 여기껀데 짱짱하고 좋음나는 블라인드 달아서 이제 필요가 없어좀있다 나 도서관 가는길에 받아갈 수 있는 사람 구함 ~~
2022-10-23 11:06,0,도서관 건물에 프린트할 수 있는 공간 없는거지?? 학관이나 인대로 가면 되려나#행근딸
2022-10-23 1:01,55,"노파심에 글 남깁니다오늘 8시 20분~9시 사이에 정문 행정동 앞 대자보 및 메세 지들 붙어있는 곳에서 저와 제 지인의 뒷모습을 촬영하신 분 이 계시다면 지워주시기 바랍니다제가 오해한 것이라면 죄송합니다제가 연대 메세지를 작성하기 위해 마커로 내용을 적던 중 (노조 연대 X, 총장님 및 덕우 연대 0) 뒤에서 밝은 빛이 느껴졌습니다저와 지인은 처음에 차가 지나가는 줄 알았는데 확인해보니 차는 없었고 학우로 추정되는 분이 핸드폰을 들고 계셨습니다아마 핸드폰 후레쉬로 추정됩니다"
2022-10-22 23:49,20,시험기간 수업들은 휴강하거나 줌 대체였으면 좋겠다...(혼자만의 바람입니다)도서관은 항상 자리잡기도 힘들고 오전에 수업있는데 시험은 저녁이고 이러면 그사이에 텀이 너무 끔찍해차라리 집근처 스터디카페에서 수업듣고 시험만 보러 학교가고싶음(다시말하지만 이뤄질 일 없는 혼자만의 바람입니다)
2022-10-22 21:12,0,도서관 자리빌렸는데 사람있으면 말해?연장 까먹으신듯....
2022-10-22 17:11,0,도서관에서 이상형인 사람 봤다....
2022-10-22 12:37,25,이 친구 이름이 뭐야..? 도서관 뒤에서 까치한테 농락당하고있는데 뉴페이스같아. 길막고 드러눕는게 귀여움으로 사람 한명죽이겠어..
2022-10-22 10:36,28,쭉빵 준회원방ㅋㅋㅋㅋ시위 얘기 힘빠지면 그냥 지나가!나도 졸업생이라 백퍼 아는건 아니라 조심히 말하고 있는데 쟨 지가 뭘알아서 저럴까
2022-10-22 1:18,0,학교 도서관에서 공부하려고 하는데 혹시 평일에 많이 시끄러워? 화장실도 더럽고??
2022-10-22 0:08,0,제가 어제 크레마s룰 샀어요! 책이랑 친해지고 싶은데 e북 추천 해주세요! 최대한 다양한 작품 읽어보고싶어서요 ㅎㅎ 교보도서관에 있으면 더 좋을 것 같아욯ㅎ
2022-10-21 22:22,2,도서관에 있으면 시위소리 안들린다 하는데 나 그때 덕성다움에 있을때 잘만들렸는데? 내 귀가 이상한거니
2022-10-21 21:02,9,"시위, 트위터 반박얘기 힘빠지면 들어오지 마.....트위터에서 졸업생 만났는데 자꾸 시위소음 얘기로 도서관이나 인문대는 멀어서 들리지도 않는다, 학생들이 들리지도 않는 시끄러운걸로 불만갖는다는 식으로 몰아가길래 내가 걍 다 설명해줬거든? 학교 돌아다니면서 시위도 했고 무조건 들린다, 근데 소음땜에 불만 갖는게 아니다 등등… 시위 내용에 불만있는 거라고 하니까 자꾸 이상한 얘기하면서 렏펨이냐, 취업할 때 페미는 쓸모없다, 사회성 좀 길러라 온갖 혐오 다하더니 결국 반박못해서 나보고 트위터에서 인"
2022-10-21 20:25,0,"아까 도서관에서 충전기 빌려주신 분 넘 감사합니다행운이 가득하시길,, 찍은 것도 다 맞으시길 ... 덕분에 집가는길에 폰하면서 갑니다 감사합니다"
2022-10-21 19:58,146,ㅌㅇㅌ에서 퍼온 덕성여대 학생들에게 보내는 익명의 편지
2022-10-21 19:04,51,"특히 욕먹는 글들최저임금9160원 청소노동자 임금 9390원 > 이것도 도서관 앞에서 마이크에 대고 ""학생들한테 등록금 올려받아서 임금올려줘라""라고 내내 외치고 다닌 데 대한 말이었고노동자 OUT > 이것도 노동자들 다 꺼져라 이게 아니라 여자화장실 찾고, 과방 문 열어재끼고 다니던 남자 시위대들, 폭언, 인신공격 혐오발언 일삼는 노동자들 향해 쓴 말이었던거잖아사람들이 해석하는대로 어딜 감히 대학생인나보다 니가 돈을 더받아? 이런 심보로 쓴거 아닌거 우리는 다 알아!밖에서는 사람들이 내부사정 잘 모르니까 언뜻본사람"
2022-10-21 17:59,0,#행근딸도서관 휴게실에서 엘수에뇨 먹어도되나? 너무 냄새날거같은데…
2022-10-21 17:33,0,도서관 24시 열람실 가려면 발권도 24시입니까..??
2022-10-21 16:12,0,나 도서관인데.. c타입 충전기 있으신분.... 있나요..
2022-10-21 16:00,0,도서관 앱 자동 로그인하면 계속 튕기는데자동 로그인 설정 다들 어떻게 했어??
2022-10-21 15:59,0,#행근딸요즘 중고딩들 시험기간이야?? 도서관에 사람 짱 많네
2022-10-21 14:46,0,#행근딸밤낮 바껴서 지금일어났는데 밥먹고 도서관 갈까말까...
2022-10-21 12:45,0,도서관 가본 사람 있나요..?도서관 한 번도 안 가봤는데 어떻게 이용하면 되나요?아이패드 사용하고 싶은데 키보드 소리가 날 것 같아요. 이럴 때는 어디 이용하면 되나요?되도록이면 도서관 내 층수나 위치 좀 알려주세요.
2022-10-21 12:10,0,말로에서 도서관 와이파이 연결 가능?? 그리고 잘 돼???
2022-10-21 11:38,38,하 ㅅㅂ 다리다쳐서 계단 손잡이 잡고 걸어야되는데; 도서관계단 레일에 현수막걸어서 올라가기 힘들게해둠 개빡치네; 뭐 장애배려 기본윤리는 개나줬나사진못찍어서 누가 올려둔글 링크 걸어둠..https://everytime.kr/255745/v/272378632
2022-10-21 9:49,0,#행근딸도서관 지하에서 노트북 타이핑해도 되나요?
2022-10-21 8:03,0,덕성다움은 도서관 어플로 발권이 안되는거야?? 도서관 어플
2022-10-21 2:55,0,도서관에서 공부 중인 21있니?
2022-10-21 0:25,102,학교근처에서 최근에 찍은 사진들배경화면으로 쓰랴고 찍고 보정했으가을이라 풍경 쥑임 요새인스타에 올려서 친구나동기들은 본 사진인데더 많이 같이 보자고 올려봐~~
2022-10-20 20:26,3,도서관에서 과제하면서 화장실 갈 때마다 떨어진 휴지나 머리카락 주웠음. 시험기간이지만 조금이라도 도움이 됬으면 하는 바람..
2022-10-20 19:57,9,"학생들 처우개선 반대하는 건 아니지 않아?옳지 않은 시위방법 (가령 거짓 정보로 학생들 선동, 행정동 꽹가리, 도서관 앞 시위, 학교 시설물 회손)외부 노조의 참여로 인한 피해(비흡연 구역에서의 흡연, 여혐발언 등)이런거 반대하는거 아니야?"
2022-10-20 19:02,0,나덕우 휴학생.. 덕성다움이 도서관이야??
2022-10-20 18:56,4,‼️도서관 분실물 핫게 부탁드립니다‼️도서관 2층 인포데스크에서 찾아가시면 됩니다
2022-10-20 17:59,5,에휴 트위터 아직까지 까대고 있네 ㅋㅋㅋㅋㅋ 정작 덕성여대생들은 도서관에서 밤새고 새벽까지 공부하고 갓생 살고 있음…푸하하하하하현생 좀 살아라…
2022-10-20 16:07,7,나도 미고 발견.. 도서관에서 자다가 나왔는데.. 너무 귀엽다 줌 땡겨서 찍었어요!
2022-10-20 16:03,3,도서관 2층 이면지 놓는 곳에 공책 3개 뒀어요 길거리에서 나눠주는 거......... 쓸 사람 가져가세요...
2022-10-20 15:17,0,도서관 1층 너무 좋아.. 자리가 쏙쏙 숨겨져 있는 거 같아서 좋고 시험기간 아닐 때 가면 엄청 사람도 없어서 맘 편해짐
2022-10-20 14:52,0,도서관인데 c타입 충전기 빌려줄 천사덕우구함..
2022-10-20 14:21,0,도서관 3층 휴에 지금 자리 있나요..
2022-10-20 13:52,0,#행근딸집 근처 도서관 vs 카공 골라줍쇼
2022-10-20 12:01,0,공강인데 공부하러 집 근처 도서관 vs 카페 어디로 갈까?
2022-10-20 11:55,0,도서관 1층 자리 있나요?
2022-10-20 11:48,0,도서관 서가도서 며칠동안만 빌릴수 있는건지 아는사람? 아무리 찾아봐도 안나와..
2022-10-20 11:36,0,도서관이랑 오스카 라운지 가는 길목에 웃고  떠드시는데 애기 해도 되지만  스터디룸에 소리가 다 들립니다.. 좀만 조용히 애기해주시면 감사하겠습니다.
2022-10-20 11:12,14,도서관에 놓고 갔어요
2022-10-20 9:31,1,근데 난 갠적으로 제1열람실이나 덕성다움보다 도서관1층 그 책 많은 곳이 젤 좋다 ㅋㅋㅋㅋ 고학번이라 늘 거기서 공부해와서 제일 편하고 뭔가 오리지날 같아서 좋음
2022-10-20 9:27,0,누가 덕성다움 사진 좀 잘 찍어서 커뮤에 리모델링 한거 홍보좀 해 줬으면 좋겠다... 저번에 보니까 경북대 도서관 리모델링한거이런것도 글 따로 올라오던데
2022-10-20 8:15,0,어제 도서관 몇시쯤 열었나요? 9시 전에 열려있었던것 같아서요!
2022-10-20 8:02,40,도서관 인대 어디에서도 시위 소음 못 들었다는 덕우저번에 다들 들렸다고 댓글 단 사람이 열 명이 넘어갔는데 결국 학생들이 유난이라는 식으로 몰아가네민주동산 앞에서 캠퍼스 떠나가라 전국노래자랑 하고 소리 지른 얘기는 왜 쏙빼고 정문에서 시위한다고만 하세요 ㅎㅎ… 저 날 학교에 있다가 두통만 얻어서 간 사람인데 진짜 너무 어이없음… 심지어 다음날인가 도서관-인대쪽 행진함
2022-10-20 1:30,0,#행근딸공강인데 집 근처 도서관vs카페 어디서 공부할까
2022-10-20 0:47,0,도서관 열람실 있으면서 나와서 누울 수 있는곳 없지…
2022-10-20 0:45,41,트위터 글도 에타도 둘 다 어느 정도 수긍하고 있는 상태고 노동자 out 같은 문구는 잘못된 문구가 맞다고 생각하긴 하는데.. 트위터 살펴보면서 좀 웃겼던 게.. 외부 노조원이나 시위대 쪽에서 여혐 인신공격한 건 시위대 전체 문제가 아니고 그냥 몇몇 사람들 잘못인데 왜 연대 안 해? 이러면서 노동자 out? 요즘 mz 세대 덕성여대 애들 글렀구나 하는 말은 왜 나옴? 일반화 너무 심해.. 그리고 시위대 쪽에 문제가 조금 있는 거 그 이유 하나만으로 연대를 안 하는 게 아님.. 전에 코로나 때문에 외부인 출입 금지였을 때 여장남자 들여보냈다고 학생들이 시위대
2022-10-19 23:44,0,아침 7시쯤에 덕성다움 가려고하는데  도서관 통해서만 가봐서 길을 모르는데 어디로 가야하나요??? 혹시 지문 필요할까요....?
2022-10-19 23:37,0,학교 도서관은 몇시에 여나요?
2022-10-19 23:30,0,"☀️ ""굿모닝 썬라이즈""는 하루를 일찍 시작하고 싶은 사람들을 위한 모임입니다.☀️ 1. 활동 내용 (1일 1회 인증) (시험기간 중에는 변경될 수 있습니다.)⭐평일 오전 8시 기상인증 : 온라인 카톡을 통해 인증(오전 7시 인증도 가능)⭐자신만의 아침 활동 인증하기-아침산책-도서관 열람실 가기-저전거타기-아침식사 공유-등교전 커피 한 잔의 여유-하루 계획 목표 공유 등(부담 없이 1가지 활동만😊) "
2022-10-19 21:32,0,도서관에서 한번만 더 마주쳤으면 좋겠다
2022-10-19 21:22,0,자연대 지금 지문인식 등록 못하겠지아 도서관있는데 지문 때문에 못들어올까봐 못나가고 있음 ㅁㅊ
2022-10-19 20:32,0,혹시 도서관 계신 분들 중에 아이폰 충전기 빌려주실 수 있으신 분 계실까요.. 빌려주신다면 감사의 마음을 담아 포키를 드립니다..
2022-10-19 20:32,0,오늘 오후 5시 30분 넘어서도서관이랑 스머프 동산 사이 길이나 정문 근처에서 노란색 실리콘 케이스 낀에어팟 케이스 보신 덕우 있나요…
2022-10-19 20:26,0,열람실 말고 지하 1층이나 로비같은 그냥 도서관은 9시에 문닫는구 맞지?
2022-10-19 20:16,0,컴퓨터 사용할 수 있는 공간 도서관 뿐일까요?? 도서관 문 닫으면 개인 컴퓨터를 뺀 공용컴퓨터를 사용할수있는 곳은 없을까요??
2022-10-19 20:06,0,그 9시 지나면 도서관 문 닫잖아 그럼 컴퓨터 사용할 곳은 이제 없는거지..? 개인컴퓨터말고 학교내 공용 컴퓨터 같은거
2022-10-19 20:01,0,#행근딸도서관 안인데 연장 안되는 이유가 뭘까..? 도서관 내부가 아니라고 뜨는데..
2022-10-19 19:56,0,시험 전날 어디서 공부해?1. 집2. 도서관3. 카페
2022-10-19 19:56,0,혹시 도서관 밤샘러들 중에 폼클렌저 있는 덕우 있어..?
2022-10-19 19:42,0,디지털도서관 세번째 피피티 10쪽 1번이랑 3번 내용 바뀐거 같지 않아? 비판적 이해가 신뢰성 파악 비판적 대안 제시고 협력적 의사소통이 상호작용 아닌...가...?
2022-10-19 19:35,0,근데 학교에서 밤새도록 도서관이나 열람실에 공부하는 사람 많네… 나만 집인가
2022-10-19 19:28,54,난 오늘도 부르주아 영애답게 차관 세면대 도구로 쫙쫙 밀어서 물 치워놓고 도서관 화장실에 새 휴지 채워놨다~~^^난 집 가는 길이지만 학교에 남아 공부할 영애들은 너무 스트레스 받지 말고 공부 열심히 하길 바라~~ 애프터눈 티... 마실 시간은 지났지만 이브닝 티라도 한잔들 하라고~~^^
2022-10-19 19:28,0,도서관 자율위원석이라는데 앉아도 돼??
2022-10-19 19:13,0,1층 도서관에서 아이패드 필기해도 되나요? 다른 분들께 거슬릴수도 있을거같아서 여쭤봅니다
2022-10-19 18:38,13,제1 자유열람실도 뚜껑있는 음료 반입 가능하대!
2022-10-19 18:09,34,“야!!! 공부해!! “ 도서관 탈출한 덕우에게 덕설이가…
2022-10-19 18:03,0,#행근딸도서관 휴게실에서 라면 같은 거 먹어도 되는걸까?
2022-10-19 18:00,2,북 카페에서 습득한 분실물 도서관 2층 책 대출하는 곳에서 보관 중입니다.사서 분께 말씀드리면 찾아주실 거예요!
2022-10-19 17:57,19,덕조랑 덕설이 싸움났어요 도서관 건물에서..
2022-10-19 17:16,0,도서관 앱에 잔여석 마이너스 뜨는건 뭐야
2022-10-19 16:27,0,덕우들 도서관3층 자리 많이 비었어~ 다움에 자리 없으면 여기서 해!#행근딸
2022-10-19 15:51,0,도서관 1층 물흐르는소리 저만 들이나요? 신경쓰여죽겠
2022-10-19 15:43,0,교보전자도서관 아이폰으로 로그인 되는사람 있어? 난 폰 아이패드 둘다 며칠동안 오류있다고 안돼 지웠다 깔아도 똑같고 고객센터는 연결도안됨
2022-10-19 15:08,0,학교 도서관인데 와이파이 저만 연결 안 되는 건가요? Duksung_WiFi 아이디는 학번이고 비번은 포탈 비번 맞죠? 왜 네트워크에 연결할 수 없다고 뜨는 거죠..
2022-10-19 14:24,1,"졸업생인데 그 도서관1층(지하1층) 노트북 사용가능한곳은 인기가 없나...?아님 거기 이제 없어졌으려나.. 지난학기까지 쓰긴 했는데! 거기 콘센트있고 자리도 넓어서 독서대, 노트북, 탭 다 두고 공부하기도 편하고 창문 보여서 구경도 좀 할수있고 자리 괜찮아! 졸리면 뒤에 소파가서 자다가 일어나도되고. 난 음료마시고 싶어서 여기랑 라운지에서 계속 공부했었는데 혹시나 잘 모르는 덕우들 있을까봐..! 알고있었으면 미안.."
2022-10-19 13:39,24,"#행근딸학생한테 진짜 미안하면 학관이나 도서관,기숙사 이런 곳은 파업하지 말았어야지"
2022-10-19 13:23,0,덕성다움이나 도서관 자유석 시험기간인데 가방놔둔다고 자리 차지하는거 짲응
2022-10-19 13:13,0,열람실 말고 책 있는 도서관 쪽 자리들은 다 발권 안 해도 되는 거 맞을까요?
2022-10-19 13:01,1,근데 도서관 자리 맡고 수업듣고 오는거 난 이해되는데.. 아예 3-4시간 비우고 이러는 건 배려없긴한데 수업정도는 하나 듣고 올 수 있지않나? 요즘 워낙 자리가 없으니까
2022-10-19 12:29,0,진짜 실화야...? 도서관 라운지 오스카 덕성다움 어딜가도 자리가 없네;;
2022-10-19 11:54,4,도대체 왜 자리 맡아놓고 수업들으러 감??? 도서관이 스카냐???
2022-10-19 11:48,5,도서관 소파 테이블에 에어팟 있어요!!
2022-10-19 11:05,28,새삼 정말 다양한 사람이 있구나 싶다 파업 때문에 나서서 청소하는 덕우도 있고 도서관 지 혼자 쓰겠다고 죙일 맡아놓는 애들도 있고… ㅋㅋㅋㅋ#행근딸
2022-10-19 10:36,0,도서관 테이크아웃 음료 반입가능한곳은 어디야...? 우리 책 대여하는곳 있는 공간 거기랑 그 건물 위층+아래층 이렇게는 가능한거지?? 덕성다움은 안된다는거같고..
2022-10-19 10:25,0,도서관 책 많은곳 몇시까지 여는지 아시나요? 도서관 알못 한번만 도와주세요 ..
2022-10-19 8:36,0,도서관 문앞에 고영씨가 햇빛 쬐면서  문을 막고 있다!!
2022-10-19 8:32,18,따숩대
2022-10-19 7:48,0,아침에 도서관 어떻게들어가나요?? 문이 잠겨있어요
2022-10-19 1:22,0,도서관 휴게실은 어떻게 생겼나요..? 새벽 샐 때 거기서 두세시간 정도 잘 수 있나요..
2022-10-19 1:03,0,학교 도서관 휴게실에서 싸온 도시락 먹어도 되나요? 간단하게 간장계란밥 싸가려고 하는데 좀 그런가요..?
2022-10-19 0:49,2,혹시 월공강인 문정덕우들 참고해~! 좋은 시간 될 듯해서 올려봐
2022-10-18 23:54,0,도서관옥상 흡구 맞죠……? 냉동실같고 멋지네요
2022-10-18 21:53,0,도서관 맞담하실 분 구해요🫶🏻
2022-10-18 20:11,0,6시 이후에도 도서관에서 책 빌릴 수 있나요?
2022-10-18 19:44,33,"#행근딸이게 학교 언혁에 적혀있는 건물들 준공된건데학교 언혁https://www.duksung.ac.kr/contents/contents.do?ciIdx=36&menuId=929학생기숙사(지하1층, 지상8층 연면적 4,086㎡) 준공식 거행국제기숙사 (지하1층, 지상4층 연면적 1,999㎡) 준공식 거행"
2022-10-18 19:42,0,문빅분 질문드리고 싶은게 있는데요!!도서관 이용도가 높을 수록 학생 성적이 높다.도서관 이용도가 독립변인 학생 성적이 종속변인인건 알겠는데성적이 높은 학생이 도서관 이용도가 높다.성적 높은 학생이 독립변인 도서관 이용도가 종속변인 인건가요??
2022-10-18 19:21,11,헐 나 방금전에 도서관 앞에서 덕조 봤는데 원래 눈이 빛나야 하는데 너무 어두웠거든..? 백내장 때문인건가???...에바야.... 그리고 앞에 참치인지 뭔지 있던데 멀리 떨어져야해서 자세히는 못봄... 어떡해....
2022-10-18 18:52,0,도서관 차관쪽 몇시에 닫아?
2022-10-18 18:36,0,내가 심혈관계 질환이 있어서 피곤하면 숨이 잘 안 쉬어지거든 그래서 공부하다가도 종종 깊게 심호흡을 해줘야 하는데.. 도서관에서 공부하다가 이런 숨소리 들리면 거슬릴까? 다른 곳에서 공부해야 하나...
2022-10-18 15:52,18,막학기 존나 스펙타클하구나 화장실 개더러워서 도서관에서 공부하기도싫음 ㅋㅋ 그냥 위약금 물고 다른 용역썼음 좋겠다
2022-10-18 15:46,0,도서관 3층 테라피존 옆에 소파에서 자면 안돼?
2022-10-18 14:21,23,#행근딸덕우가 인용반박하니까 쫄삭하고 계정 차단한듯... 알고욕해 제발~~~!
2022-10-18 14:05,0,#행근딸도서관에서 공부하다가 한시간 정도 밥 먹고 오러 나가는 거 민폔가…? 솔직히 말해줘
2022-10-18 13:56,0,도서관 2층 이러닝존 옆 창가자리는 발권 없이 그냥 앉아도 되는 자리 맞죠?
2022-10-18 13:53,1,도서관 제발 노트북 노트북 존에서 하면 좋겠다…화려하게 타자 치는거 부러운디 시험기간에 매우 방해가….
2022-10-18 12:58,0,도서관 3층 화장실 저는 물 간신히 내렸는데 수압이 많이 약한 것 같더라고요 조심하세요
2022-10-18 12:49,21,"덕성다움이랑 제1열람실a타이핑 가능!조용한 곳에서 하고싶으면제1열람실b,c는 타이핑 금지래"
2022-10-18 12:42,3,"도서관 3층 노트북 쓰는 거 노트북실이나 노트북존에서만 가능한거아님???? 타자 개빨리 치시는 거 뭐 부러운데 소리 너무 거슬려…,. 말씀 드려도 되겠지?"
2022-10-18 11:38,2,#행근딸 #개방이사뭘 그렇게 부당대우를 당했길래 저리 당당할까 양심 가 팔아먹은 사람들... 도서관 건물에 현수막 도배해놓은 것도 진짜 짜증남 맘에 안 들면 돈 더 많이 주는 학교 찾아서 그냥 그만두세요
2022-10-18 11:09,0,도서관에서 빌린책 5일 연체됬는데..걍 그 반납통에다가 넣어도 되는거지..?
2022-10-18 10:32,1,교보 전자도서관 로그인 오류 계속 뜨는데 이유가 뭘까 비번 틀린건 아닌거같은데 폰 아이패드 둘다 안되네 고객센터도 맨날 점검중이라고 연락도안돼
2022-10-18 10:17,0,문정 듣는 덕우들 디지털 도서관은 정보학이랑 도서관학 맞을까? 이거 하나 필기를 못해서 ..
2022-10-18 5:24,0,이렇게 됐다..6시부터 발권이더라...
2022-10-18 1:23,0,1500원짜리 방금사온 바나나우유 800원에 팔아요. 빨대도 있어요. 도서관에서 거래해요
2022-10-18 1:16,0,도서관 앱 로그인 또 안되네
2022-10-18 0:14,1,도서관 꽉 찼다는거 보면 진짜 나빼고 다 공부하는거같음...- 도서관에 들어가지도 않는 사람 -
2022-10-18 0:06,0,문정 듣는 덕우들아 1주치 수업에 메타데이터 및 분류 실습 이거 데이타 사이언스 분야 아니야? 도서관학이라고 필기가 되어 있어서..
2022-10-17 20:13,0,혹시 지금 도서관에 이어폰 파실 분안 계신가요....
2022-10-17 19:33,0,혹시 내일 도서관 옥상에서 밤에 같이 담배 피실 분 있을까요... 혼자 피니까 좀 무섭네요
2022-10-17 18:14,0,도서관에서 밥 먹으러 가야하는데 거의 어디서 드시나요?? 서브웨이나 엘수에뇨 갈건데 30분 정도 자리 비워도 되나해서요...
2022-10-17 18:04,1,나만그런가 도서관 왤케 답답하지
2022-10-17 18:03,0,혼자 도서관오면 잠깐 나갈때 노트북 두고나가?
2022-10-17 17:53,0,도서관 출입하실 때 문 닫아주세요 확 열리면 그대로 열려있으니 주의 부탁드립니다
2022-10-17 17:47,0,혹시 도서관 대출하고싶은 책 있으면인포메이션에서 여쭤봐야해?
2022-10-17 17:44,0,덕성다움은 운영시간 그러면 어떻게 되는거야? 시험기간엔 24시간 개방이고 시험기간 외 시간에는 다른 도서관처럼 9시에 끝??
2022-10-17 17:25,0,국통 같이 공부할사람..! 참고로 아직 시작안함..도서관이나 덕성다움 스터디룸에서!
2022-10-17 17:25,0,가끔 유튜브 볼때 해외 도서관에서 뭐 먹어도 된다는거 나오는데 신기해 샌드위치 쿠키 이런거...
2022-10-17 16:56,1,지금 도서관 3층 휴에 사람 가득찼나요?
2022-10-17 16:51,6,#행근딸도서관 2층 화장실에 덩그러니 놓여진 주머니…분실하신 분 찾아가세요!
2022-10-17 15:48,0,혹시 차관 / 도서관 에서 에어팟 양쪽 유닛을 보신 분들이 계실까요 😢 주머니에 넣어놨다가 다들 도망갔어요 …… 제발 연락주세요 … 😭
2022-10-17 15:46,0,와 도서관 이렇게 바뀐 줄 몰랐는데 너무 예쁘다 그렇다고 예쁘기만 한 것도 아님..진짜 실용적ㅋㅋㅋ사용인원이 준 건 좀 아쉽지만 그래도 개쩐다
2022-10-17 15:22,0,도서관 열람실 자리 발권해서 쓰고있는데 잠깐 사물함 다녀와야돼서 나갔다와도 반납 안되는거맞나요?!
2022-10-17 15:07,0,도서관 테이크아웃 가능한곳 어디야…? 다움은 닫혀잇는 음료만 가능하대서
2022-10-17 14:58,0,학교 도서관으로 교보도서관 어플 이용해본 덕우 있어? 학번으로 로그인했는데 며칠동안 오류 있다고만 뜨고 고객센터에 전화해봐도 점검중이라고만 하는데 시스템 오류인걸까
2022-10-17 14:47,5,덕성여대 청소노동자만 검색해도 기사 여러개 뜸...다른 사람들이 이 사태를 객관적으로 어떻게 보는지 좀 봐줘자기주장은 펼칠 수 있지만 편향적인 얘기들만 자꾸 듣고 그러지 말자... 이것들 쫄리네 어쩌네 하면서 혐오하지도 말고 빈정대지도 말자. 다 성인이잖아. 그냥....의미 없어서 안 올리려다가 올려봐욕해도 상관안함그냥 한 곳에 너무 파묻히지말고 제3자의 시선으로도 좀 보고 판단하라는 목적임학교가 한 학생 갈라치기 얘기도 나오고교수임금 동결은 거짓말이라는 얘기도 나와.
2022-10-17 13:31,0,임상 책 도서관에서 빌리신 분 반납해주시면 감사하겠습니다.. 11일 반납이시던데 9월 말에 대기 걸어놓고 아직 못보고있어요 ..
2022-10-17 13:31,0,도서관앱에서 연장할라그랫는데 ap범위가 아니라고 뜨는이유 먼지아는사람...??밖에나가서연장하기구찬은데 흐흑
2022-10-17 12:55,0,도서관에 짐 보관소 같은 거 있던데 이거 그냥 사용해도 되는 건가요?
2022-10-17 12:55,0,153번어느새 163번이 된거지뭐가 달라진건가??
2022-10-17 12:16,0,지금 도서관인데 보조배터리 빌려주실분 있을까요..? 아이패드 충전한줄 알았는데 안되어있더라구요….. c타입입니다!
2022-10-17 11:11,0,도서관 근처 흡연구역 학관밖에 없나?옥상 된다해서 가봤는데 다 잠겨있네
2022-10-17 8:13,0,도서관 난방 돼? 밖 너무 추워서
2022-10-17 6:44,0,혹시 지금 학교인 사람 중에 이따 나 도서관 들여보내즐 사람…있나요…얼마전에 보니까 지문등록해둔거 없어져있드라고요☠️
2022-10-17 0:25,0,근데 시험 기간에는 시위 좀 자제해 줘야 하는 거 아니냐 뭔 도서관까지 쩌렁쩌렁 울려서 금요일에 개짜증났음ㅋㅋㅋ
2022-10-16 23:24,6,"냄새 너무 나길래 내일 시험 끝나고 도서관 화장실 쓰레기 비우는 거 하고 싶은데비닐이랑 휴지, 손비누 같은 건 덕우들 사비로 한 거야? 혹시 해본 덕우들 알려줄 수 있을까?쓰레기 봉투는 대강의동 뒤에 두면 되나#행근딸"
2022-10-16 22:19,0,학교 도서관인데 너무 배고프다 학교 편의점 문따고 들어가고싶다
2022-10-16 20:21,0,우리 도서관 카페 바로 옆에 덕우들 앉아있잖아 거기 발권하고 앉아야돼?! 거기를 뭐라고 그러더라… 플레이…? 뭐더라 기억이안나ㅏ…
2022-10-16 19:32,38,여러분 학교에서 음료 마시는건 좋은데 지금 청소하시는 분들이 없으니까 개인 텀블러를 적극 활용하는건 어떨까요? 오늘 도서관 갔다 쓰레기통 보고 조금 충격먹어서 적어봐요..
2022-10-16 17:56,7,내일부터 학교 도서관에서 빡공한다. 그러니 쉰다. 내일부터 진짜 갓생 공부한다.
2022-10-16 17:48,0,주말 6시 넘으면 학교 정문후문 출입 안 돼? 긱사생이 도서관 가고 싶어지면 어떡하란 거지!
2022-10-16 17:35,0,도서관인데 밥먹으러 잠깐 나갔다 오는 건 ㄱㅊ지..?
2022-10-16 14:18,0,와 덕성다움에 자리 별로없어..? 도서관앱에 거의 꽉찻네
2022-10-16 14:06,2,혹시 도서관 자유열람실1 A구역에서 이런 케이스 보신 분 계신가요?? 제가 어제 도서관에 두고 왔는지 보이지 않아서.. 혹시 발견하시면 연락부탁드립니다.핫게보내주시면 감사하겠습니다..!!
2022-10-16 12:00,1,개인적으로 도서관 화장실에 입구 문 있었으면 좋겠어... 똥 쌀 때 너무 민망
2022-10-16 11:28,0,오늘 도서관 개방 안 해?
2022-10-16 9:59,0,그냥 실기시험때 입시생이랑 교직원 제외하고 막으면 안됐던거야?? 시험기간이라 도서관 안가도 좋으니까.. 쟤네 못들어오게 막으면 큰 문제 일어나려나..?
2022-10-16 9:50,2,"도서관 일요일 아르바이트 하실 분 연락 주세요 ‼️위치: 성북구 아리랑도서관시간: 9시~17시(점심시간 1시간)기간: 11월~업무: 안내데스크, 자료실근무일 빠지지 않고 잘 출근하실 수 있는 분이었으면 좋겠습니다~ 편하게 댓글이나 쪽지 남겨 주세요 !"
2022-10-16 3:16,35,"#행근딸도서관 4층 쓰레기통인데.. 너무 심하신 것 같아서 올립니다.  청소미화원 분들 파업하신다고, 다른 덕우분들이 시험기간임에도 불구하고 나서서 청소하고 그러시는 상황에 이건 좀 많이 심한 것 같습니다.  이 글을 보실지 모르겠지만, 늦게라도 다시 와서 본인이 드신거 정리하고 가시면 좋겠습니다."
2022-10-16 0:55,0,혹시 우리 학교안에 공부할수 있는 공간중에 도서관같이 정숙해야하는 공간 말고 생활소음정도는 나도 괜찮은 공간 있을까??
2022-10-16 0:10,0,이 날씨에 반팔입고 다니는 덕우들은 뭐야..? 엄청 강해보인다...대박(도서관임)
2022-10-15 23:26,0,우리 대학교 도서관에서 구독해갖고 볼 수 있는 강의(약간 클래스 101 같은 거)있어? 아니면 혜택 같은 거라도…
2022-10-15 22:18,0,지금 학교 도서관 갈까 덕성다움.... 정문 살아 ..!!!!!!
2022-10-15 20:16,0,#행근딸 #개방이사우리 집이 항상 티비 소리도 크고 강아지들도 있어서 내가 계속 신경써애하고 특히나 엄마아빠가 진짜 많이 싸워.. 집에 있을때 거의 불안한 상태로 있는데 그래서 공부에 집중할 수가 없어 핑계가 아니고 진심으로... 그래서 학교다닐때는 도서관에서 했는데 내가 휴학을 했거든? 엄마가 카공하는거 진짜 싫어하고 무시해서 약속있다고 뻥치고 나가서 공부할때도 있어 엄마아빠는 자기들이 많이싸우고 집이 시끄럽다는것도 인정안하고 핑계대지말라고 해ㅋㅋㅋㅋ 아 너무 스트레스 받아 지금도 토익 기출풀다가 싸우는 소리 들려서 집중력 다 흐트러졌어
2022-10-15 19:36,0,수유사는 덕우들 공부 어디서 해?학교도서관?
2022-10-15 17:50,88,‼️ 도서관 운영 시간 정리 ‼️
2022-10-15 16:32,2,덕다 a구역 -1 뭐야 ㅋㅋㅋ #행근딸
2022-10-15 14:27,0,도서관 1자유열람실 A는 노트북(타자 포함) 사용 가능한 거 맞지?? 불안해서..
2022-10-15 11:08,0,도서관 오늘 갈 수 있는 거야?
2022-10-15 2:05,0,나 에타가 며칠째 이상해... 글을 한참 내려도 다 방금이라고 뜨고 글 누르면 글씨가 위로 올라가서 글씨끼리 겹쳐보이고... 지웠다가 다시 깔았는데도 이런데 이런 적 있는 덕우 있어?
2022-10-15 0:47,36,덕새 왕 크니까 왕 귀엽다고~~
2022-10-15 0:45,3,학교 도서관 리모델링하니깐존나 도서관 가서 공부하고싶어짐ㅋㅋㅋㅋㅋ
2022-10-15 0:19,22,캡스분들께 물어봤는데 하나누리관 라온센터 차관 출입안되고 도서관 학관은 재학생 출입 가능하다고 해요!
2022-10-14 23:37,0,혹시 오늘 학교 도서관 휴게실 이용가능할까요? 내일 일찍 일어나야하는데 집에서는 못 일어나서 거기서 잘까 하거든요
2022-10-14 23:16,0,근데 시위 소리가 강의시간에 어디서 어떻게 들려소 교수님 목소리를 가린다는 거야? 강의실 있는 건물 중에 정문에서 제일 가까운 곳이면 인대 아닌가? 듣는 수업들 싹다 인문계열이라 거의 종일 건물 떠돌고 도서관 닫을 때까지 있다가 가는데도 뭐 들은 적이 없어서 의아하네 교수님이 벌레 들어온다고 창문 닫은 적은 있어도 시위 소음은 들어본 적이 없는데...
2022-10-14 22:51,0,도대체가… 덕성다움 몇시까지인거야누구는 24시간이라고 하고 누구는 11시까지라고 하고학교 사이트 아무리 찾아봐도 안보여 내가 못 찾는 걸수도 있긴 한데…일단 도서관 홈페이지 이용안내에는 학기중 11시까지라고 되어있는데 시험기간에 시간 변경되었다는 안내나 공지 본 사람 있어? 있으면 어디서 봤는지 알려주라 나 제발 내 눈으로 보고싶어서 그려
2022-10-14 22:39,0,덕성 다움 연장 오류나면 어떻게 해야돼???
2022-10-14 20:59,80,"이틀 전까지 청소노동자 지지했어그냥 우리엄마같으시고18학번으로서 시험기간마다 정말 야식이며 밤새 미친듯이 더러워지는 학교 청소해주시는 분들께 감사한 마음도 컸거든.그래서 18,19년도 청소노동자 모금에도 참여했었고그렇게 선물 받으시면 감사하다고 하시면서 도서관에 작은 보답 선물이나 글 써주시고인사하면 다정히 받아주셨던 모습이 안 잊혔었거든마음속으로는 지지하지만 꿘으로 오해받을까봐 그냥 가만히 있었는데오늘 청소 어머님들보다 우선인 학우들이 몇번이나 모여서 청소하는 모습에 진"
2022-10-14 20:43,0,이번주 주말은 실기 때문에 도서관 사용 못하는 거 맞아? 이거에 대해 정확히 공지 나온게 안보이네
2022-10-14 20:08,0,혹시 지금 도서관에서 아이패드 씨타입 충전기 빌려주실분..#개방이사 #행근딸 #메일총공
2022-10-14 19:16,0,혹시 지금 도서관에서 아이패드 C타입 충전기랑 기본 아이폰 충전기 빌려주실 분 있으신가요?.. 깜빡하고 안 가져왔네요한 40분 정도만 빌려주시면 감사하겠습니다..!!#개방이사 #행근딸 #메일총공
2022-10-14 19:15,0,내일 학교 도서관 이용 못하나요?
2022-10-14 19:13,1,덕성다움 너무 더워요... 도서관 자율위원 아무도 안계셔서 에타에 남겨봅니다
2022-10-14 18:48,0,이번주말 실기 때문에 도서관도 못들어가나?
2022-10-14 18:38,45,"#행근딸 #청소노동자_나가주세요 #꿘_손잡고_나가논리도 없고 맹목적이고자아도 없고 노조에 위탁 중이고학교소속도 아니고 외부인일뿐이고오직 440원인상 외에의 대안이나 그에 대응한 덕우들의 의견을 찢어 발기고다른 건물에서 업무보는 총장님을 도망간다고 표현하고좀 잠잠히 시위했던건 시험기간, 수시기간을 노린 워밍업이었고학생들은 모금하고 남은 금액으로 선물드리고총장님은 예산의 남은 금액을 상여금으로 지급해드리고그동안 "
2022-10-14 17:55,0,도서관 발권시스템 혼란하다쓰던 자리 반납했다가 다시 발권하려니까 동일 좌석 선택 에러 어쩌구라네...#개방이사 #메일총공
2022-10-14 17:54,0,문정전탐 이부분 교과과정 어느 분야에 해당하는지랑 빅데이터 부분 필기 공유하여주실 덕우분 계실까요..? 깊티로 사례해드리겠습니다..!
2022-10-14 17:24,0,도서관 열람실 연장 어떻게 하는건가요?? 어플은 자꾸 도서관 내부에서 해야한다고 뜨고(덕성 와이파이 사용했는데도 그럼) 반납 후 같은 자리 다시 쓰려고 하니까 안되더라고요.. 다른 자리 빌렸다가 반납 후 원래자리 빌리는걸로 다시 쓰긴 했는데 이 방법밖에 없나요...?
2022-10-14 16:30,24,#행근딸덕성다움 자리 반납은 도서관 앱 발권내역에서 할 수 있으니까 자리 종료되면 꼭 해주고 연장 안해놓고 짐 내내 두고 자리 몇시간 비우고 그러지 말자 자율위원도 자리마다 확인하고 다니거나 딱히 뭐 해줄 거 없는거 알아 그래서 아까 도서관쪽에 짐 치울 카트를 놔두면 좋을 거 같다고 건의했고 (너무 자리 비운채로 있는 자리 정도는 제보하고 치워달라 할 수 있을듯) 사용 종료후엔 반납해야 한다는 안내문 좀 부착해달라고 부탁드렸어 시험기간에 다들 하나하나 종이에 써서 사라진 이용기간 종료된 자리주
2022-10-14 16:19,0,혹시 도서관 옥상 흡구 밖에서 피우고 꽁초만 안에 버리는 거 맞지? 재떨이가 안에 있어서..
2022-10-14 16:04,0,외박쓰고 학교 도서관에서 밤새는거 오바야?ㅋㅋㅋ 방에서 공부안됨
2022-10-14 15:08,1,혹시차관에서 도서관으로오는길에 떨어진 안경 보신분있나요…… 검정테입니다 보신분 사례해드릴게요..............
2022-10-14 14:58,9,"(지갑 분실물) 핫게 부탁드립니다.반지갑이고,오늘 ‘휴’에서 발견했습니다. 도서관 3층 참고도서실 데스크에서 보관 중입니다."
2022-10-14 14:03,0,도서관내부에서 텀블러 잃어버린거같은데 어디에서 분실물 찾을수 있을까? 캡스에는 없다고하더라고
2022-10-14 13:33,13,덕설 모음집
2022-10-14 13:23,0,주말에도 도서관에 사람 먾을까?
2022-10-14 13:22,1,#행근딸도서관 개방형 B 좌석 아무도없는데 발권만 되어있는 곳 있네요 다른 덕우들을 위해 나가실때 꼭 퇴실해주세요
2022-10-14 13:13,0,지금 또 시위해 ?? 도서관인데 웅성대는 소리들리는 것 같아서
2022-10-14 13:08,3,"📌분실물 핫게 부탁드립니다.📌도서관 입구 앞에서 신한카드 분실하신 ㅇㅂㄱ님, 도서관 입구 데스크에서 찾아가세요!"
2022-10-14 12:01,0,오늘 공강이지만 도서관가려고 하는데 오늘도 시위해?
2022-10-14 11:35,0,덕성다움 지문인식으로만 들어가나요? 도서관 아이디도 필요한가요? 도서관 비번을 잊어버려서..
2022-10-14 1:54,5,"🔥덕성다움, 제 1열람실도 이제 24시 개방🔥안 한 덕우들 다들 지문인식 등록해 얼른자취러들 우리 시험기간 덕성다움에서 불태워보자😎"
2022-10-14 1:50,1,얘들아 우리 죽어도 학교에서 죽자 도서관 커몬
2022-10-13 23:44,0,"도서관이랑 차관 사이 길목에 너구리 한마리 돌아다닌다,, 덕우들 조심해,,,"
2022-10-13 22:45,0,덕성다움 발권 도서관앱으로 할수있나? 내일 가려고
2022-10-13 22:26,0,도서관에서 밤샐건데 야식 추천부탁...
2022-10-13 22:19,45,덕성다움 좌석배치도야! 쪽지로 올려달라고 하는 덕우 있어서 올림
2022-10-13 21:48,0,덕성다움에서 지금 집가려는데 도서관이 닫혔네..? 어디로 나가야해?????
2022-10-13 21:23,0,도서관 홈페이지 로그인돼?나 왜 안될까
2022-10-13 21:13,0,도서관 자리 연장 4번까지이면요.... 한 자리에서 4번하고 다른 자리로 예약해서 또 할 수 있나요?
2022-10-13 20:58,0,아니 왜 이 시간에 도서관 1층에서 노래를 트는거지
2022-10-13 20:37,30,에타에 찾아봤는데 새로 붙은 공지는 안올라온 것 같아서 올려봐요시험기간 도서관 이용안내 24시간 가능한 곳
2022-10-13 20:32,1,2관 n-604호분 카드 도서관 앞에 떨어져 있길래 주웠어요!!!
2022-10-13 20:20,0,우리 도서관 주말에도 이용 가능한가요?!
2022-10-13 20:18,0,"문정 전탐 듣는 덕우들아문헌정보학의 기초랑 정보문화의 역사, 디지털도서관은 문헌정보학 학문 영역 중 어떤거에 해당되는지 알아?"
2022-10-13 20:10,0,"* 일시: 2022. 10. 22. 토요일 14시* 장소: 경기도 안양시 동안구 동편로 13번길 57 관양 1동 해오름공원* 주요행사: 기념식, 콘서트, 전시회, 체험부스* 주최: LH동편행복한홈스쿨, 관양흰돌지약야동센터* 주관: 이루다사회적협동조합* 문의: 031-423-0019, 031-422-7447- 일하는 곳의 원장님께서 급하게 봉사자 분들을 모집한다고 하셔서 학교에도 봉사시간이 필요하실 분들에게 도움이 될 것 같아 올립니다! - 대학생들이 시험 기간인거 원장님도 아셔서 봉"
2022-10-13 19:14,8,"수업 끝나고 도서관 가는데 누가 애옹애옹 거리길래 읭 하고 봤더니 미고가..!! 졸귀탱,,,, 휴 가려니까 애옹애옹 하더라,, 큽 참고 도서관 올라갔다 끄아아"
2022-10-13 18:53,0,도서관 옥상 흡구 어디 계단으로 가야 해?
2022-10-13 18:35,0,구립도서관인데 왜이리 고딩들이 없을까
2022-10-13 18:32,3,덕성다움 자리 반납 안하신분들 반납 부탁드려요…! 빈자리 많은데 발권기엔 자리 없다고 뜨네요. 독성여대 도서관 어플-내자리-반납 가능하시니까 부탁드리겠습니다#행근딸
2022-10-13 18:32,0,도서관 옥상 어디쪽 계단으로 올라가야 돼?
2022-10-13 18:12,0,도서관에서 공부하다가 밥먹으러 가려면 퇴실하고 가야하난요?
2022-10-13 18:08,0,덕성다움 학교도서관어플로 보니까 자리 다 차있던데 맞아..?
2022-10-13 18:07,6,📌📌 도서관 분실물 핫게 부탁드려요 📌📌해당 분신물 도서관 2층 인포데스크에서 찾아가시면 됩니다!
2022-10-13 18:03,0,혹시 도서관에서 감귤 그려진 파우치 보신 분 계신가요..??
2022-10-13 17:37,0,#행근딸#개방이사#메일총공오잉 단기용역업체 오신 건가..? 도서관 화장실 깨끗해졌어..!!!!!
2022-10-13 17:11,40,청소노동자 임금 인상하면 1년에 8600만원인데 그 돈으로 도서관 화장실 리모델링 하겠다 ㅋ ㅋ ㅋ
2022-10-13 16:37,114,"⭐️⭐️핫게 보내주세요⭐️⭐️덕성다움 규칙 정리 글1. 발권E 구역 빼고는 A~F 다 발권해야합니다. 좌석에 A-13, B-2 처럼 번호가 지정돼있는 경우는 발권해야한다는 뜻입니다. 그러니까 그렇게 적힌 자리에 발권 없이 짐 놓고 가지마세요. 발권은 입구 들어가서 오른쪽에 있는 발권기 사용하시면 돼요.2. 음료카페 음료는❌, 뚜껑을 닫았을 때 넘어져도 흐르지않는 음료는 가능하대요(텀블러, 페트음료 등)3. 퇴실이용 다 하시고 나가실 때는 제발 🔥반납🔥부탁드려요"
2022-10-13 16:34,34,#행근딸 #개방이사 #메일총공 덕성다움 이용수칙 참고!! 도서관 사이트에서 사진 가져왔어~!
2022-10-13 16:24,608,"오늘 친구 한명과 함께 학관 1층 CU옆 화장실, 오스카 화장실 그리고 소영근터에 있는 쓰레기통을 비웠습니다. 그리고 도서관 2층에 있는 화장실 쓰레기통에 다음에 정리하기 편하도록 쓰레기 봉투를 설치하고 왔습니다!덕우분들은 새로 배치한 쓰레기 봉투를 가능한 깨끗하게 사용해주세요!그리고 쓰레기 봉투가 꽉 차서 더이상 버릴 수 없을 때, 쓰레기 봉지를 처리하시고 싶으신 분들은 쓰레기 봉지를 묶어서 소영근터 뒤쪽 일반 쓰레기 봉투 쌓아놓는 곳에 놓아주시면 됩니다!"
2022-10-13 16:11,8,파우치를 도서관 화장실에서 주워서 일층에 사무 보시는분에게 드렸어요!! 찾아가세요
2022-10-13 16:00,0,도서관 일요일에 안열지?
2022-10-13 15:31,49,파업을 원하지않지만 단체행동이라 어쩔 수 없이 같이 하는 분들인가 했는데 뒤에 써있는거보고ㅎ
2022-10-13 15:20,0,혹시 도서관에 C타입 충전기 있으신덕우 1시간만 빌려주실수있을까요? ctoc 케이블도 좋아요..!덕성다움에서 쓰고 계신위치로 돌려드릴게요
2022-10-13 14:41,0,디지털도서관 오늘수업 녹음본 구합니다 카페기프트콘드려요
2022-10-13 14:32,0,그 도서관 3층 테라피존 휴에서 자유열람실 가려면 어디로 들어가야해???????#행근딸
2022-10-13 14:03,52,"[13시 50분 포스트잇 현황]1.정문2&3. 차관 앞 게시판인대 앞은 기를 쓰고 실시간으로 제거하나봐요^^10시대까지는 포스트잇 되게 많았는데, 어찌나 열심히 제거했는지 지금은 대자보 덮은 비닐까지 뜯긴 흔적만 남았어요.많은 학생들이 포스트잇 남겨놓았었는데, 다 제거되어서 학생들이 아무것도 하지 않는 것처럼 비춰지는 게 싫어서 사진으로 기록합니다.이후에 저 포스트잇들 없어지면, 시위대나 인권동아리 쪽 사람들이 제거한 것이라고 봐도 되겠지요."
2022-10-13 13:00,0,왜 도서관 3층 와파 안되지
2022-10-13 10:51,0,#행근딸도서관에서 자리 비울 수 있는 시간이 정해져 있나요?
2022-10-13 10:28,35,#행근딸 #메일총공댓글 봐아무말 대잔치 하면서 우기고 있는 건 당신들 아님?팩트로 까니까 할 말 없어서 글씨 빨간색으로 까는 거 유치하지 않나? 깔 게 없어서 색으로 까냐 ㅋㅋㅋㅋㅋ 개어이없네 ;
2022-10-13 9:21,40,"#행근딸아까 지나가는데 노랫소리를 뚫고 들리는 한마디..""학생들에게 방해되지 않은 시간대를 이용해서 시위를 하고 있습니다!!!!!""...........그 시간에 스피커놓고 마이크로 그렇게 쩌렁쩌렁 소리지르시는건 방해가 되지 않는것일까요.. 시험기간이라 이른 아침부터 도서관 간 학생들도 많을 텐데...진심 반응 안하고 싶었는데 띠용함ㅋㅋㅋ,,"
2022-10-13 8:52,36,정문에 애새끼라는 종이에 학우들이 쓴 글들🔥
2022-10-13 2:44,7,도서관에서 공부하고싶은데마스크쓰느게 ㄹㅇ 답답ㅂ해 죽을거같아
2022-10-12 23:45,0,혹시 솔밭공원(학교에서 건너편쪽) 자취하는 덕우들중에 내일부터 학교에서 새벽 1~3시까지 공부하고 집갈 덕우 있을까??시간은 덕우한테 맞출게! 늦게까지 도서관에서 공부하고싶은데 밤길이 무서워서..!!!
2022-10-12 22:11,0,도서관 건물에 있는 휴게실도시락이나 음식 먹어도 되는 곳인가?우연히 휴게실 알게됐는데 가보니 다들 음식없이 공부만 하고있어서
2022-10-12 20:08,0,근데 차관 몇몇 화장실이랑 도서관 열람실 올라가는쪽 쓰레기통도 그렇고 원래같으면 쓰레기가 넘쳐야되는데 한번 비워진거 같은 쓰레기통은 뭘까...? 우리 학생들이 했나..???
2022-10-12 18:55,0,종종 도서관 옥상에서 담배 필 사람 있어?
2022-10-12 18:45,0,도서관 1층 와이파이 나만 안 되니
2022-10-12 17:53,5,아까 3시쯤인가 단체로 무작정 소리지르면서 도서관까지 이동해서 깜짝 놀람 학생들은 대체 무슨 죄임? 나이 먹고 그러고 싶나? 이성적인 접근을 해도 모자를 판에
2022-10-12 17:05,0,#행근딸도서관에서 마스크 써야 하는 거 아녀??
2022-10-12 16:56,0,덕우들 10월부터 도서관 오후 9시까지 여는 거 맞아요? 대출은 4시 반까지로 똑같나요?
2022-10-12 16:41,0,애드라...골라줘나 원래 도서관에 갇혀서 공부하고 집갔는데오늘도 하기 vs 오늘은 집가서 하기
2022-10-12 16:35,2,📚[덕성여대 도서관 어플리케이션 관련 설문조사 부탁드립니다!]본 설문은 시각디자인 리서치와 기획 수업의 자료 수집을 위해 진행됩니다. 도서관 어플리케이션을 이용하면서 불편함을 겪으신 덕우 여러분들의 의견이 필요합니다. 본 설문은 2페이지로 구성이 되어있으며 1분 내외의 시간이 소요됩니다.⬇️설문 링크⬇️https://forms.gle/mFsEu4GWbn37JkUp9본 설문은 10.
2022-10-12 16:25,1,#행근딸도서관인데 당당하게 마스크 벗고 공부하시네..
2022-10-12 16:04,0,와 진짜 ㅋㅋㅋ 도서관이랑 학교 건물에 공부하는 사람이 몇인데 저 난리래 ㅎ
2022-10-12 15:06,0,도서관 옥상 흡구 4층보다 더 올라가야하나요??
2022-10-12 15:05,0,도서관 옥상 4층보다 더 올라가야 돼??
2022-10-12 15:04,0,도서관에 머리끈 놓고 가신 분 찾아가세요! 데스크(?)에 맡겼어요-!
2022-10-12 14:59,0,#행근딸도서관 옆자리 사람 에어팟으로 노래 듣는데 소리가 다 들려…
2022-10-12 14:58,0,도서관 열람실 자리 반납 제때제때 좀 해주세요
2022-10-12 14:57,1,#영문이벤트우리 학교 도서관 최고👍 다들 중간고사 화이팅입니다
2022-10-12 14:50,0,아 도서관에서 공부하려했는데 ㅋ...
2022-10-12 14:29,1,도서관 환기 못해?? 맨날 창문 안열리던데 공기가 너무 먼지낀 답답함이야...
2022-10-12 14:28,0,지금 도서관인데 노이즈캔슬링있어서 다행인듯
2022-10-12 14:20,1,#행근딸아 도서관인데 진짜 소리 크게지르네...
2022-10-12 14:10,0,지금 도서관 안인ㄷ 소리 들리는 거 다 녹음할 거임^^
2022-10-12 13:47,0,#행근딸6시에 도서관에 모이는거 후문쪽 도서관 입구인가요??
2022-10-12 13:21,0,도서관에 혹시 ..15분만 아이폰 충전기 빌려주실분 계신가요..?
2022-10-12 13:15,0,아까 도서관 왜이리 시끄럽나 했더니 시위한거였구나ㅆㅂ.. 나 저번학기 모금 왜 했냐ㅋㅋ
2022-10-12 12:49,0,도서관에 출입증 찍고 들어가서 왼쪽에 빨간소파랑 하얀 테이블 있는 곳은 뭔가요 ?? 발권해야 사용할 수 있는 곳인가요 ?
2022-10-12 12:44,46,6시에 도서관 앞에서 천 뗄 사람 같이 모여요! 여럿이 있으면 시각적 효과가 좋으니까.. 떼지 않으셔도 몸만 같이 있어주셔도 좋아요! 아무도 안 오시면 저도 용기가 안 나서 포기할 거 같아요..
2022-10-12 12:22,0,배 꾸룩거리는거 어케해야 멈춰...? 도서관인데 진짜 민망해 죽을거같아
2022-10-12 12:03,19,#행근딸 얘들아 도서관 화장실 벌써 휴지 아무데나 버리고 쓰레기통 꽉 차고 있어 귀찮아도 제대로 휴지통에 넣고 휴지 아껴 사용하자
2022-10-12 11:51,0,📚[덕성여대 도서관 어플리케이션 관련 설문조사 부탁드립니다!]📚본 설문은 시각디자인리서치와 기획 수업의 자료 수집을 위해 진행됩니다. 도서관 어플리케이션을 이용하면서 불편함을 겪었던 덕우 여러분들의 의견이 필요합니다. 본 설문은 2페이지로 구성되어 있으며 1분 내외의 시간이 소요됩니다.⬇️설문링크⬇️https://forms.gle/mFsEu4GWbn37JkUp9본 설문은 10.09
2022-10-12 11:50,0,#행근딸#시위반대#개방이사혹시 지금 학교가면 많이 시끄러울까?자취생인데 수업 없어도 학교가서 공부할랬거든 도서관 가는거 괜찮아?
2022-10-12 11:49,0,방금 도서관 나가신 분들 중에서 소리 울릴때 나가신 분 다시 도서관으로 와주세요
2022-10-12 11:20,26,이게 뭐냐..
2022-10-12 11:11,22,#행근딸 아까 도서관 앞에서 시위한건 존나 선 넘었음나 그거 보고 육성으로 쌍욕날릴 뻔했음;;정문 더럽히고 생떼부리면서 떠드는것도 다들 참고있는건데 도서관???정신나갔냐 조팔
2022-10-12 10:15,43,청소 노동자 분들 개 실망인게.. 이때까지 학생들이 많이 연대해 드리고.시험기간이면 매번 학우들이 아주머니들 힘드시다고 선물이나 응원편지 같은 것도 전달해드렸는데 알고보니 학생 인질로 잡고 학교협박하는거였다는게 진심 인간같지 않음.... 게다가 시험기간에 도서관에서 떠들면서 난리 피운다??어처구니가 없음...이래서 다른 업체들 월급 올려줄때만 같이 올려줘야는거라는거 깨달음. 괜히 다른 업체들 가만 있을때 혼자 월급 올려주면 만만하게 보고 호구됨
2022-10-12 10:00,0,"도서관 많이 시끄러워? 공부하러 갈라했는데.......,"
2022-10-12 9:36,31,"도서관에서 시위하는건 아니지않냐 ㅋㅋ와서 총장님보고<< 도망갔다>> 워딩쓰는것도그렇고여러모로 너무하네;;; 그리고 << 청소를 잘했는데 왜 인정을 안해주는거야~ >>이건 뭐야 ,,"
2022-10-12 9:33,0,학교 도서관 되게 시끄럽네..
2022-10-12 8:11,0,도서관 컴퓨터 c타입 이어폰 사용할 수 있어?
2022-10-12 0:26,0,집에 있으니 너무 공부 안하는데 지금이라도 학교 가는거 어때? 자취생임.아예 담요까지 들고가서 학교에서 잘려고... 혹시 지금 학교 도서관인 사람 있어??
2022-10-11 23:45,0,"학교 도서관 독서대 대여 이런건 없겠지,,,??"
2022-10-11 21:23,0,"나 지문등록 안돼서 학생증으로 지문등록했는데오늘 학생증 잃어버림그럼 도서관 24시 열람실 그 쪽은 못들어가는건가,,"
2022-10-11 18:04,0,"#행근딸 #개방이사현재 체감 날씨는 15도! 자전거 타기 에바다 아니다!?할일: 동네 도서관 방문, 저녁 포장"
2022-10-11 17:47,0,#행근딸도서관 바로 들어오면 있는 라운지는 몇시까지해?
2022-10-11 16:01,1,도서관 와파 왜이래? 진짜 환장할것같다
2022-10-11 15:31,0,#행근딸도서관에서 계란 까먹을 곳 없지..?
2022-10-11 14:51,0,열람실 자리 연장하려 하면 도서관 AP 범위 아니라고 안 되는데 혹시 해결 방법 아는 사람 있어? 열람실 안인데도 이래
2022-10-11 13:21,0,#행근딸생리가 갑자기 터져서 그러는데 생리대 중형이나 대형 하나만 주실분.. 도서관입니다
2022-10-11 13:20,0,도서관 1층 너무너무 추운데 히터 틀어주셨으면 좋겠다.. 근데 나만 추워할까봐 틀어달라고 못 하는 중 덕우들 따뜻하면 졸릴까벼..
2022-10-11 13:07,23,도서관에 영철이 인형이 떨어져있어요 주인 분 찾아가세요
2022-10-11 12:56,7,아오 이놈의 마스크때문에 도저히 도서관에서 공부 도저히 못하겠음 집가서 하고말지..이래서 도서관 덕우들 확 줄은것도 있을듯
2022-10-11 12:30,0,도서관에서 빌린 책 반납하고 바로 다시 빌릴 수 있나요?
2022-10-11 10:54,0,도서관 프린터기 고쳤어??그때 갔더니 고장났던데..
2022-10-11 3:00,0,학교도서관 몇 시에 여는지 알아?
2022-10-11 1:39,0,"도서관, 학교 홈페이지에도 찾아봤는데 안 나와서 여쭤봐요열람실 사용할 때 시간 제한이 있나요?제한이 있다는 글을 본 것 같아서요#개방이사 #행근딸"
2022-10-11 0:03,0,블랙펄 2성 찍고 끝났ㄷr...
2022-10-10 23:44,0,학교 지리 자랑ㄹ들이 이 길로도 학교 들어갈 수 있어??#개방이사
2022-10-10 23:35,0,화분기 필기 펼쳐보기만 한 것 15000원에 팔아요(정가29000원)
2022-10-10 23:29,0,#행근딸 #개방이사 #메일총공내일 학교에서 저녁 6시부터 9시까지 공부할건데 어디서 하는게 편할까? 카페? 아님 도서관? 스터디카페? 덕우들은 다들 어디서 공부해?
2022-10-10 19:12,0,도서관 2층에서 타자 쳐도 되나요
2022-10-10 19:02,0,새벽까지 학교 도서관에서 공부하실 분!! 24시 휴게실도 괜찮고 열람실도 괜찮아요같이 하자는 의미가 아니라 그냥 혼자 덩그라니 있으면 무서우니까 한분이라도 학교에서 함께 공부하는 분 계셨으면 좋겠어요..
2022-10-10 18:11,1,내일 디지털 도서관 휴강 맞죠..??!
2022-10-10 13:59,0,도서관 리모델링한 거 저번 리모델링처럼 좀 멋지려나? 기대된다
2022-10-10 2:16,1,24시간열람실/휴게실 24시간 계속 열려있다는게 아니라 24시까지라는거죠?
2022-10-09 19:52,0,학교 도서관 갈랬는데 그냥 안 가는게 나을까..? 비가 너무 많이 오네.... 학교에서 15분거리인데 어케 생각해
2022-10-09 18:57,0,도서관 내일 안열겠지?
2022-10-09 16:49,0,내일은 1열람실이랑 후게실만 연대요
2022-10-09 14:51,5,언젠가 찍어놨던 도서관 지도 3층
2022-10-09 13:33,0,📚[덕성여대 도서관 어플리케이션 관련 설문조사 부탁드립니다!]본 설문은 시각디자인 리서치와 기획 수업의 자료 수집을 위해 진행됩니다. 도서관 어플리케이션을 이용하면서 불편함을 겪으신 덕우 여러분들의 의견이 필요합니다. 본 설문은 2페이지로 구성이 되어있으며 1분 내외의 시간이 소요됩니다.⬇️설문 링크⬇️https://forms.gle/mFsEu4GWbn37JkUp9본 설문은 10.09(일)~
2022-10-09 13:05,1,📚[덕성여대 도서관 어플리케이션 관련 설문조사 부탁드립니다!]📚본 설문은 시각디자인리서치와 기획 수업의 자료 수집을 위해 진행됩니다. 도서관 어플리케이션을 이용하면서 불편함을 겪었던 덕우 여러분들의 의견이 필요합니다. 본 설문은 2페이지로 구성되어 있으며 1분 내외의 시간이 소요됩니다.⬇️설문 링크⬇️https://forms.gle/mFsEu4GWbn37JkUp9본 설문은 10.0
2022-10-09 8:31,0,지금 전자도서관 어플 로그인 돼?
2022-10-08 22:23,0,#개방이사 #메일총공교보도서관 나만 이렇게 돼? 자꾸 실패함…
2022-10-08 21:50,0,이소세 ㅊㅇㅅ교수님 선량한 차별주의자 책 교보문고 전자도서관에서 빌리려고 했는데 없네 ..?
2022-10-08 20:35,0,학교 도서관 옥상에서 어딜보면 여의도 보일까???
2022-10-08 19:11,1,도서관 연장 어케하는지 아는 사람…????
2022-10-08 17:29,0,도서관에 있는 교내 카페 몇 시까지 운영해요??
2022-10-08 13:56,0,#행근딸혹시 도서관 보존서고 가본 적이 없어서 그러는데 책 찾으려면 사서 선생님한테 물어보면 되는 거야??
2022-10-08 9:14,0,혹시 1층 공부할수있는 곳중에 콘센트 쓸수있는 곳 없어? 도서관이랑 식당은 없고..도서관 안에 유리문으로 된 작은방? 에도 없고 휴게실같은데만 있으려나 거긴 안가봐서 모르겠다
2022-10-08 7:31,0,학교 도서관 열람실 학생증 있어야 이용할 수 있나요?
2022-10-07 22:17,0,도서관 건물에서 보이는 불들어온 건물 뭐하는데야?저긴 항상 밤늦게도 불 켜져 있더라구..! 왼쪽이 학관 건물이고 중앙에 불들어온데가 묻는거 예대나 자연대 같은데 뭘 하는 방인지 모르겠네
2022-10-07 13:58,1,내 근로지...걍 도서관온거같음 근로생은 할 일이 거의 없어서 내 할 일 하면 돼
2022-10-06 23:27,0,#행근딸 #개방이사 #메일총공시위하실 때 총장님이 자꾸 피하기만 하시고 심지어 도서관에서 일하신다고 하시던데총장님이 대화를 거부하고 계신게 사실인가요?총장님께서 협의안을 보냈지만 합의가 이루어지지 않아서 총장님께선 이후 대화를 거부하시는 건가요??
2022-10-06 22:12,0,도서관 11시까지 문여는 곳이 1층 제1열람실인가요?오스카라운지나 2층 입구쪽은 일찍 문닫나요?
2022-10-06 21:27,0,도서관에서 한번도 공부 안해봤는데......어디가 공부하기 젤 편해?
2022-10-06 21:14,0,학교도서관운영 조원 천천히 구해도 되겠죠…?
2022-10-06 21:10,0,도서관 3층 화장실도 리모델링할까?
2022-10-06 18:59,14,#행근딸 #개방이사10월 5일 도서관 2층 창가에서 시계 잃어버리신 분! 도서관 2층 대출하는 곳으로 가시면 물건 찾으실 수 있어요. 시계 주인이 볼 수 있도록 핫게 부탁드립니다.❤️‍🔥
2022-10-06 18:42,0,저 학교도서관운영 4학년이시거나 고학번이신분 찾아요!
2022-10-06 17:27,0,도서관 라운지(책상 있는곳)에 음료 들고가면 안돼?
2022-10-06 15:57,0,도서관 2층에 스터디룸 206 207은 예약 어디서해요?? 예약하는곳에 이름이 206 207인건 없더라구요..
2022-10-06 14:18,0,도서관 노트북존 원래 발권하던 기계에서 안되는데 어디로 옮겨진거야?
2022-10-06 13:45,0,코로나 확진이라 도서관에 책 반납이 불가능한데 과제도서라 내일까지 반납해야하고 연장이 안되면 어떻게 해야하나요…?
2022-10-06 13:36,0,지금 도서관 시터디 룸에서 떠들어대고 있는 사람들 누구야?????
2022-10-06 13:12,0,도서관 리모델링 하는 곳 어디인가요?
2022-10-06 13:10,0,자대에서도 시위소리 꽤 크게 들리는데..인대랑 도서관은 진짜 크게 들릴것 같은데..
2022-10-06 12:26,0,도서관1층 곱등이 출몰...
2022-10-06 12:02,0,"혹시,,,, 저 도서관인데 아이폰 충전기 빌려주실 분.... 한 삼십분만....... plz.. 8시까지 버텨야 해요..."
2022-10-06 12:00,0,#행근딸 학교 기똥찬 똥스팟 추천좀 나 도서관 4층밖에 몰라
2022-10-06 11:36,0,도서관에서 음료 마셔도 되나ㅛ? 안 잡는 것 같아서요
2022-10-06 11:32,0,말로에서 QR 안찍고 도서관으로 바로 들어갈 수 있나요?
2022-10-06 6:43,0,왜… 도서관 닫혀있는거죠..? 6시부터 아니냐구요…!!!!
2022-10-06 1:11,0,근데 코로나 이전에도 열람실 말고 그냥 도서관은 9시에 문 닫았나요..? 도서관 책은 못 빌려도 거기서 공부할 수 있으면 좋을 텐데
2022-10-06 0:43,0,도서관 1층 쇼파나 테라피존 말고 누워서 잘 수 있는 곳 또 있어? 저기는 항상 사람 차있고 차관 쇼파는 사람들 너무 지나다녀서 민망함..
2022-10-05 23:34,0,#행근딸도서관 3층 독서실 같이 생긴 1인석은 몇시까지 이용 가능한가요?
2022-10-05 22:32,0,학도운 도서관에 인터뷰 요청드리는거 보통 전화로 하나요 서면으로 하나요..??
2022-10-05 21:40,2,#행근딸 #메일총공✨ 분실물 핫게 부탁드려요 ✨파우치 도서관 화장실에서 주워서 2층 인포메이션 데스크에 맡겨놨어요 ! 찾아가세요 !
2022-10-05 21:36,52,아니 짜증남..; 이제 시험기간인데 갑자기 열람실 11시까지로 바뀜... 얼마전까지 24시간이였는데캡스한테 물어보니까 도서관측에서 11시까지로 제한했다는데 어차피 자기들이 문 관리하는것도 아니면서 개방 좀 하면 안되나? 시험기간엔 원래 11시까지었던 열람실도 24시로 연장했던걸로 기억하는데 일처리 왜이럼...;
2022-10-05 20:23,23,"🚨 유기된 3개월 연령 추정 강아지를 임보중입니다. 지금 있는 곳에서 딱 이틀 허락을 받아서 급히 다른 임시보호처 혹은 입양처가 필요한 상황입니다. 🚨예쁜 아가의 가족이 되어주실 분 구해요ㅠㅠ 널리 퍼트려주시면 감사하겠습니다ㅠㅠ <아기 강아지 아지의 가족을 찾습니다> 🐶 3개월 추정 믹스견 , 여, 5.6kg, 심장사상충약 먹었어요 🐶 서귀포서부도서관 앞에서 발견되었어요. 아침부터 한 자리에 계속 누워만 있었대요. 직원분이 확인해보니 숨을 아주 가늘게 쉬고 있었다고 합니다. 물이랑 소세지"
2022-10-05 18:21,0,#행근딸지금 도서관 1열람실 a 24시간 하는 거 맞아? 노트북 사용 가능한 것도 맞고??
2022-10-05 18:07,0,이소세책 요즘 라인업 뭐임? 나 도서관에 없어서 책 세권 구매한거있는데
2022-10-05 18:07,0,#행근딸도서관인데 아이폰 충전기 빌려줄 덕우..! 아이폰 12 프로야!!
2022-10-05 17:54,0,도서관 평상시에 9시까지 이용 가능한가요???
2022-10-05 17:43,0,#행근딸 #개방이사 #메일총공 도서관 4인실 원하는 시간대에 예약되어 있어서 그런데 6일실 2명이서 사용가능한가??..
2022-10-05 16:48,0,#개방이사 지금 도서관 덕성 와이파이는 안되고 퍼블릭만 되는거지…? 나 왜 퍼블릭만 되는걸까
2022-10-05 15:31,0,도서관 옥상 흡구 언제 열려…
2022-10-05 15:18,0,도서관 연체걸렸는데 대출은 안 하고 그냥 도서관에서 읽는 것도 안 되려나??…. 그냥 읽고싶어…
2022-10-05 12:41,15,📌분실물 핫게 부탁드려요📌1층 도서관에서 주웠습니다! 2층 인포데스크에서 선생님께 말씀드리고 찾아가시면 됩니다!!
2022-10-05 10:58,0,포털 아이디 비번이랑 덕성 도서관랑 같은 거 아니야..? 전에는 괜찮았는데 왜 자꾸 틀리다고 뜨지
2022-10-05 10:53,0,혹시 나만 도서관앱 로그인 안되는거야???...
2022-10-05 10:00,0,혹시 덕성여대 도서관 비번이랑 포털 비번이랑 다른건가요?
2022-10-04 21:59,20,핫게 보내주면 감사!거.. 사진은 못 찍었는데도서관 3층 나무 책상 좌르르륵 있는 곳에서손잡이가 둥근 검은색 우산 두고 가신분3층 데스크에 있으니 낼 챙겨가시길~~!!
2022-10-04 20:09,15,제1열람실이든 24시간 열람실이든 24시간 개방해줘요…. 그와중에 덕성다움 너무 기대된다
2022-10-04 19:39,0,도서관 1층 노트북존에서 키링이나 꼬만고양이몸통처럼 생긴거 보신분 계시면...꼭좀 덧글이나 쪽지 부탁드립니다....원래 가방키링이었는데 고양이 머리만 덩그러니 땅에서 발견했어요.....
2022-10-04 16:59,0,도서관 열람실 아니면 마우스 사용 가능해? 아 너무 시끄러움
2022-10-04 16:35,5,분실물 찾아가세요!!도서관동 쪽(카페말로근처)에서 어피치 필통 주워서 정문앞에 맡겨두었습니다. 수업가는 길에 주워서 바로 올리진 못했네요.. 잃어버리신 덕우님 찾아가세요!!
2022-10-04 16:23,0,그래서 도서관공사 언제 정확히 끝난대..?
2022-10-04 16:13,0,와 도서관에서 3시간 내리 잤다..
2022-10-04 15:25,0,학교 도서관 대출 몇시까지 가능해?
2022-10-04 15:08,16,⭐️핫게부탁드립니다⭐️어피치 필통 학생서비스센터에서 보관중입니다.도서관과 인대 사이에서 습득하셨다고 합니다.
2022-10-04 14:08,0,도서관 이러닝존 쪽은 몇시까지 하나요???
2022-10-04 12:17,0,학교에서 줌수업 들을만한 곳 어디가 있을까..? 과방 동방 도서관 빼고!
2022-10-04 12:01,1,#행근딸아까 도서관 앞에서 넘어졌던 사람인데 괜찮냐고 물어봐준 덕우들... 고마워 화장실 가서 확인해봤는데 좀 긁힌 정도더라 아무튼 덕우들 넘 고마워 에타에선 임티 잘 안 쓰는데 이번만 쓰윽.. 💖
2022-10-04 11:20,29,혹시 핫게 보내서 많은 덕우들이 알 수 있게 도와줄 수 있을까!!여러분 도서관 3층 데스크 앞 소파는 못 누워요. ( 전시장 )벽에 눕지 말라고 아예 안내문 붙여두심.누우면 와서 눕지 말라고 말도 함.바로 옆에 휴 공간에서 자거나 다른 곳 가야함!
2022-10-04 11:12,0,도서관 프린트 정문들어가자마자 있는 인터넷존에서 가능한거야??
2022-10-04 11:06,0,도서관 1층에 노트북 권장 좌석도 발권하는 곳인가요? 발권은 어디서 하나요? 홈페이지에 노트북 좌석이 나와있는데 위치는 없어서 헷갈려요…!
2022-10-04 10:24,0,도서관 허리 안 아픈 의자 있나...1열람실은 의자 끝까지 안 들어가서 허리아파...
2022-10-04 9:53,0,혹시 도서관 1층 라운지 같은 곳에서 배터리 충전도 할 수 있나요??
2022-10-04 3:42,0,"금토일월 기상,공부 인증 할 사람? 아침 9시에 도서관이나 집에서 공부 시작하는 거 인증하고오후 2시랑 오후 8시에 두 번 더 인증할 사람..!"
2022-10-04 0:15,0,#행근딸#개방이사#메일총공학교 도서관 공부 잘 돼?
2022-10-03 22:18,0,#행근딸에어컨 필요 없으니까 도서관 빨리 열어주먼 안되나 걍... 하... 안되는거압니다
2022-10-03 19:32,3,#행근딸 #메일총공 #개방이사나 도서관에서 공부하는데 개빡침. 중학생같은 여자애들 여섯명 정도가 우르르 몰려오더니 개시끄럽게 하는것부터 거슬렸는데 배터리 부족해서 충전해놓다가 집갈때돼서 보니까 모르는 핸드폰이 내 충전기를 쓰고있는거임. 내 핸드폰은 15%.. ㅅㅂ 3시간을 충전했는데 15퍼면 대체 언제부터 충전기도둑질을 하고있던건지? 앞에서 어리둥절해있으니까 몇명이 눈치보더니 내가 뒤돌아서자마자 핸드폰 휙 뽑아감. ㅅㅂ 걍 핸드폰 들고 열람실 나가볼걸 쫓아오나 안쫓아오나 보게. 진짜 짜증나죽겠어 왜이렇게 싸가지없고 몰상식하지.. 난 지금부터 2시 30을 열
2022-10-03 17:01,0,오늘 도서관 안 열죠?
2022-10-02 15:57,1,[협동 과제에 관한 실험 연구 참가자 모집]덕성여대 임상심리 연구실 맘닥터에서 ‘협동 과제와 의사결정에 관한 연구’의 참가자를 모집합니다. 만 19~29세 남녀를 대상으로 모집합니다. 참여조건은 다음과 같습니다. 1.   신경학적 혹은 정신과적 질환 병력이 없는 자 2.   오른손잡이인 자3.   덕성여대 도서관에 2회 방문하여 실험 참여가 가능한 자(1회 방문 당 1시간 소요 예정)참여 시 소정의 보상비을 제공합니다.
2022-10-02 15:38,1,도서관 출입 동선 추가!?@ 너무좋아!!! #행근딸
2022-10-02 13:26,0,더구들아 도서관에서 공부중인데 누가 갑자기 뒤에서 방구를 뽱! 하고 뀌면 어떨 것 같아
2022-10-02 10:53,0,3일과 10일 도서관 문 여나요?
2022-10-02 10:50,2,월요일부터 갓생산다 진짜현실 : 도서관 소파에서 디비자는 중
2022-10-01 22:54,0,우리학교 도서관 사이트 나만 안들어가지나7?? 1시간째 과제 못하는 중..
2022-10-01 19:38,0,....? 도서관 어플 안 열리는데 나만 그래?
2022-10-01 18:36,0,#행근딸지금 학교 홈페이지 자체에 아예 접속이 안 되는 거야? 포탈 도서관 다???
2022-10-01 14:47,0,혹시 교보 전자도서관 로그인 안되는것도 포털 점검때문이야?? 책읽고싶은데 로그인이 안되네..
2022-10-01 14:27,0,도서관 통해서 DB 로그인하고 들어가려 했는데 지금 도서관 점검 중이면 DB 사용할 수 있는 방법 없는 건가..?
2022-10-01 12:24,5,우리학교 도서관으로 해커스 들으려면무조건 학교 도서관 로그인 -> 해커스 이렇게 들어가야만 로그인 되는거야?다행히 즐겨찾기 해놔서 학교연계 해커스 홈페이지는 들어와지는데 로그인이 안됨🤬지금 도서관 홈페이지 막혀서 로그인을 못하는데해커스에서 따로 로그인 하는 법 없나?????하 인강 듣다 이게 무슨 일이람...
2022-10-01 10:58,6,오늘 도서관 문닫음이거 말고도 점검 어찌구 붙여져 있는데 기억 안남
2022-10-01 10:56,0,나 오늘 도서관 가야하는데 학생증 없으면 어떡해...?지금 어플도 안돼서.. 말씀드리면 들어갈수있나?
2022-10-01 10:30,0,주말 학교 열람실 노트북 써도 되는 곳 있나요? 공지 확인해보려 했는데 도서관 접속이 안되네요..
2022-10-01 9:15,0,혹시 오늘 오전중에 학교 도서관 가시는 분 계신가요…아니면 지금 계신분이요. 제가 도서관에 들어가있는 책 한권의 특정부분 대략 15쪽 정도…를 봐야하는데 편도두시간이라도저히 학교에 갈 상황이 아니여서요. 혹시 제가 요청드리는 부분 사진으로 찍어서 보내주실 수 있는 분 계신가요. 사례하겠습니다!!
2022-09-30 21:52,0,컴사 ㅈㄷㅇ교수님 월요일 대면 다음에 실강있는 사람 있어? 어디서 들을 생각이야? 도서관 문 안열지않나..?
2022-09-30 21:21,0,#행근딸 #개방이사혹시 도서관에서 현재 24시간 운영되는 열람실있어??
2022-09-30 19:41,0,도서관 1층에서 할일 하는 중인데 누가 구석에서 화상?영어수업을 말하면서 진행하는 거 같은데 제정신인가? 눈치보면서 말하는 거 보니까 자기도 잘못하는 건 줄 아는 거 같은데그렇게 눈치보면서 조용히 말해도 거슬리니까 학교근처카페가서 하던지….. 겁나 거슬려
2022-09-30 15:37,35,난 어제부터 꿘 느낌이 강하게 났던게청소노동자들 힘들다 > 왜냐면 학교가 후져서 건물 안 좋아서 > 도서관은 그래도 정부에서 인정받을 정도로 좋다 > (비웃으며) 오래되고 낡아서 그런거겠지 > 학교가 후져서 돈이 없나봐?ㅋ 왜 돈 안 올려줌?( 학교는 그간 꾸준히 임금인상시켜줌) 좆같다 학교 망하는거 같다> new) 컴퓨터와 사고는 친기업적인 자본주의  과목아님? 이것도 학교가 문제다... 노동의 언어같은 과목을 필교로 해야한다...!(다른 학교가도 컴사같은 과목 다 있음 만약 이 필교 없었으
2022-09-30 15:20,0,학교도서관 갈까 카페 갈까
2022-09-30 13:30,0,#행근딸#개방이사#메일총공도서관 리모델링한 부분 말고는 시설 진짜 낡은 듯 학교 소속 활동하는데 엘베 없어서 4층까지 물품 옮기다가 쓰러질 뻔
2022-09-30 10:10,0,스페인어를 공부히고 싶은 타과생인데 혹시 도서관에 스페인어+한글이나 영어 번역이 같이 있는 책이 있을까요? 차근차근 원서 읽기를 도전해보고 싶은데 어떻게 검색을 해야할지 막막해요. 학교 도서관에 원어 동화책은 없죠…?!
2022-09-30 0:15,0,1. 학교에서 해야 잘된다. 온니학교파2. 카공3. 스카 정기권이나 시간권끊고 이용4. 구립도서관 이용기타 댓글로 남겨주세요.
2022-09-29 23:59,0,우리 주말에도 도서관 하나?
2022-09-29 20:29,8,난 우리학교 도서관 호그와트 같아서 좋음ㅋㅋ 외부인들은 절대 침입 못할 구조
2022-09-29 20:26,0,도서관.. 가끔 보면 구조 이상함 원형감옥같아
2022-09-29 18:20,0,#행근딸 #개방이사 #메일총공스터디룸 1H는 도서관 1층에 있는 거 맞나요?.?
2022-09-29 17:40,0,도서관열람실 문 또 쾅쾅닫힌다 아악.. 분명 한번 고친거같은데 이거 다시 어디에 건의해야할까
2022-09-29 16:26,0,도서관2층에서 노트북 타이핑해도 되나요??
2022-09-29 15:22,0,지금 소영근터? 에 new 고양이 애기 뛰어다니고 있고뒤에 도서관 오스카라운지쪽 화단에 미고 누워있다가 걸어댕기는 중
2022-09-29 14:26,0,도서관에서 거미 봤는데 왤케 커..
2022-09-29 13:27,0,1월까지 같이 룸 쉐어하실분 구합니다.고시준비중이라 내내 도서관에 있다가 잠만 자러 들어갈거에요.월세 절반 부담할게요.쪽지주세요!
2022-09-29 13:24,0,오늘 도서관 모바일학생증 찍는거 오류가 좀 자주 나는 것 같아요.... 10번은 찍은듯
2022-09-29 13:22,0,도서관 1층 공부하는 곳에서 카페음료수 마셔도 되나요??
2022-09-29 12:21,0,"도서관 2층 로비랑 1층, 3층 중에 어디가 젤 시원해?"
2022-09-29 10:44,0,도서관 2층 흰색 의자에서 연결 잭? 긴 걸 발견해서 그 도서관 입구에다가 맡겼어요. 띡 하고 들어오는 거기. 주인 찾아가세요~
2022-09-29 9:36,0,우리 학교 도서관 운영시간 중에도 무인반납 돼?
2022-09-28 21:52,5,생쥐주의...어제 도서관에 생쥐가 나타났었어 어떻게 들어왔는지는 모르겠지만..애가 작고 바닥이랑 보호색이라 사람들이 있는지 모르고 지나치더라.처음보는데 생각보다는? 귀여웠음
2022-09-28 18:28,0,책 찾으러 도서관 1층가서 헤매다 과제서고인가 뭔가래서 2층 가서 헤매다 겨우 찾았다..
2022-09-28 17:52,0,담주 월요일에도 도서관 여나요?
2022-09-28 16:40,1,혹시 전자도서관 쓰는 그림러 덕우들 있으면..드로잉이나 캐릭터 작법서 희망도서 신청 많이 해줘..ㅎ 키워드는 드로잉/그리기/데셍/캐릭터 이렇게 검색하면 뜨는 책 많더라아 게시판 특성이랑 좀 안맞는글인가..?
2022-09-28 15:17,0,점심 대신 먹을 간식 뭐가 있을까? 도서관에서 먹을 수 있는 걸로!!
2022-09-28 13:53,0,도서관 책 반납은 2층 데스크에서만 할 수 있는거야?
2022-09-28 13:00,0,도서관 3층 열람실 공사 다 끝났어??
2022-09-28 12:23,0,집근처 도서관 vs 집 어디서 공부할까??
2022-09-28 11:48,0,도서관 이러닝존 소리 안나오는데 어케해야되는지 아는 덕우
2022-09-28 10:46,0,오늘 학교씨유에서 도서관이나 차관 가는 길에 학생증 보신 분 있나요?????!!!!????
2022-09-28 0:01,0,퇴근하고 회사 관련 스트레스가 너무 심할 때해결 방법이 있을까...친구들을 좀 자주 만나고 취미 생활을 가져볼까??입사한지 이제 2달됐는데몇달 다니다 이직하고 싶어서 친구들이랑 연락도 잘 안 하고 계획세운다고 카페 가고 도서관 가고 그랬거든..근데 아직 업무도 잘 몰라서 너무 헷갈리고실수 하면 퇴근하고도 계속 생각하느라막상 이직에 필요한 공부는 못했어..내가 너무 조급하게 생각했던 것 같아서그냥 좀 너무 빡빡하게 계획 세우지 말고이직 준비도
2022-09-27 22:49,0,도서관 공부하는거 몇시까지 운영해요??
2022-09-27 19:14,0,#개방이사 #메일총공 도서관 운영시간 홈피에서 다 보고왔는데 밤 10시나 그 이상으로 할수있는곳 중에 음료마실수 있는곳 없어...? 밤늦게까지 하는곳이 1열람실밖에 없던데 열람실은 커피 안된다고해서
2022-09-27 19:04,0,도서관 밤늦게까지도 공부할 수 있나요?(저녁9시 이후)
2022-09-27 18:18,2,※※※도서관 퇴실 처리 해주세요※※※도서관 이용후 퇴실 처리 꼭 해주시길 부탁드립니다발권기에서는 입실되어 있는데 막상 가보면 사람도 짐도 없는 경우가 너무 많아요지금은 학기중이기도 하고 시험기간이 가까워져서 자리가 적습니다다음 이용자를 위해 부탁드립니다
2022-09-27 18:10,0,도서관 1층에서 노트북 타이핑 칠 수 있나요? 아니면 2층이 나을까요?
2022-09-27 17:53,0,#행근딸도서관 옥상 어떻게 올라가나요?
2022-09-27 14:52,0,나 드디어 도서관 3층 독서실자리 잡음 진심 처음인듯
2022-09-27 13:46,0,다들 도서관 어디서 공부 잘돼?
2022-09-27 12:45,0,도서관 스터디룸에서 줌 수업 들어도되나요?? 그리고 말 해도 되죠..? 토론이라 말해야될거같아서요
2022-09-27 12:00,0,책 좋아하는 친구가 우리학교 도서관 와보고싶어하는데(당연히 여자) 도서관 외부인 출입 방법이 아예 없는 거지?
2022-09-27 11:39,1,도서관 3층은 계속 전시공간이라 소파에 못 누워휴 공간에서 자거나 안쪽 둥근 소파에서 발 뻗고 있어야 함회색 소파에 눕는거 안된댜
2022-09-26 22:34,0,#행근딸학교 도서관 책 2권 빌렸는데 반납할때 1권만 먼저 반납하는거 가능하지? 기한은 좀 남았는데 학교까지 두권 한꺼번에 들고가기는 좀 벅차서...!
2022-09-26 19:50,0,덕우들은 공부할 때 어디서 해? 긱사? 아니면 학교 도서관?
2022-09-26 19:49,0,학교에서 한글파일 작업 가능한 곳 있나요? 도서관 인터넷 존은 문서작업이 안 된다는 글을 봐서요
2022-09-26 19:43,0,#행근딸핸드폰 잃어버려서 그러는데 아이패드에 덕성여대 도서관 어플 받아서 거기 모바일 학생증으로 도서관 들어갈 수 있을까..?
2022-09-26 19:37,16,아기 고양이가 도서관 길가에 앉아 있길래 봤더니꿀렁꿀렁하면서 혀를 내밀고 토를 2번 하고 갔어요뭐를 잘못 먹었는지....토하고는 아무렇지 않게 돌아다니긴 했어요어디 아픈 건 아니겠죠?
2022-09-26 19:32,0,행구법 시험 비대면이면 앞에 수업있는 사람들은 도서관 뛰어가서 시험 봐야되는건가..? 엄청 급할듯해서
2022-09-26 18:00,87,도서관에 데스노트 놓고 간 류크분 누구신가요?
2022-09-26 17:36,0,지금 학교 홈페이지 도서관 저만 안 되는 건가요? 논문 찾아야 하는데..
2022-09-26 14:11,0,"도서판매합니다 :) ‘미드나잇 라이브러리’ 베스트셀러고 너무 재미있어요.. 한 번 정도 읽었고,상태 매우 깨끗합니다! 원가 15800-> 10000원에 판매합니다! 직거래,택배거래,사물함거래 모두 가능합니다!"
2022-09-26 13:25,1,3층 도서관 빈백있는데 휴게실 뭔가 세미 수면실같은....덕우들 따뜻해...나 암것도 안 베고 맨땅에 걍 누워있는데 졸다 인나니까 내 옆에 쿠션있었어
2022-09-26 12:53,0,학교 안 간지 꽤 오래돼서 그런데 요즘도 도서관 와이파이 잘 안 터져? 노트북으로 작업할 거 있어서 학교 갈까 하는데 할만한 곳 있어?
2022-09-26 11:27,0,도서관 1층 시험기간에 공부하는 사람들로 가득 차??
2022-09-26 11:27,0,도서관 리모델링인가 공사인가 끝났나요?
2022-09-26 3:00,0,도서관에 있는 컴퓨터에 워드 있나요?? 문서작업할게 있어서요!
2022-09-25 22:00,1,🎥운현방송국 도서관 내 촬영 공지🎥운현방송국 도서관 내 촬영을 공지합니다.도서관 측 사전 협조를 받아 9월 26일 월요일 오전 9시부터 도서관 3층 테라피존에서 공식 보도 영상을 촬영할 예정입니다.부득이 하게 소음이 발생한다는 점 양해 부탁드립니다.🙂✓ 일시: 2022. 9. 26. (월) 오전 9:00 - 10:00
2022-09-25 17:57,0,내가 허리가 긴건가도서관이나 카페 의자랑 책상 높이가 안 맞아서 불편해책상이 한 15센치 정도 더 높았으면
2022-09-25 16:28,0,도서관 옥상 어떻게 가나요?
2022-09-25 13:25,0,그 인대쪽에서 도서관 입구 들어가서 계단 하나 올라가면 나오는 게 몇 열람실이야?
2022-09-25 12:48,1,기간은 며칠 안남았지만 일요일 도서관 알바 구하시는 분 있을까 해서 올려봅니다..!https://www.songpafac.or.kr/recruit_view.do?brd_seq=324&curPage=&searchtype=&keyword=
2022-09-25 3:43,2,우리학교 건물 구조가 존나 특이해서 건물이 더 좁아보이지 않음?도서관만해도 그 중간에 네모 없었다면 더 넓어지짆아
2022-09-25 3:22,1,딴말이지만 우리학교 건물 구조 ㅈㄴ 어렵지않음?1층같은 2층도 그렇긴 한데 도서관은 진짜 진짜 어려움... ㅋㅋ
2022-09-24 18:36,0,도서관 열람실은 항상 24시인가요?
2022-09-24 18:03,0,교보도서관 (15/15) 이렇게 뜨면 이북이래도 못 읽는거야 ..?
2022-09-23 21:22,0,혹시 여기 어딘지 아는 사람 있어? 도서관 옥상에서 인사관쪽 바라보면 보이는 산 중턱에 있는 건물..초등학교 살짝 왼쪽에서 직진하면 있는것 같은데 산 한가운데 있는 것 같아 근데 지도에도 안 뜬다? 한옥같아서 절인줄 알았는데 줌 댕겨보니까 양옥인것 같기도 함...대체 무슨 건물일까?
2022-09-23 14:40,7,도서관 3층 여자 화장실에서 무선 이어폰 봤어요! 3층 데스크에 맡겨놓았습니다!
2022-09-23 14:26,0,도서관에서 이제 못 누워?
2022-09-23 13:00,0,나 덕우쓰 막학기생인데궁금증에 학교 귀신스팟 찾아다니는중지금 도서관수면실 화장실왔음또 갈만한곳 추천좀
2022-09-23 11:52,0,미친 차관 > 도서관이라 우산 안쓰고 그냥 뛰었는데 물웅덩이 밟아서 신발 다 젖었네 그냥 우산쓰고 천천히 갈걸...^^
2022-09-23 2:16,0,도서관에서 책 빌린거기간 늘릴수있어?
2022-09-22 22:42,0,도서관에서 실강 들으려고하는데 말을 해야되거든 말할수있는곳이 휴게실뿐인가?
2022-09-22 22:23,0,도서관 열람실 몇시까지야? 10시까지인줄 알았는데 문 안닫네
2022-09-22 20:00,0,헐 예전엔 도서관 로비에서 음악이 나왔었어??? 진짜 최고다..요즘엔 왠 왜 안나오게 된거지?
2022-09-22 18:37,32,그 도서관 앞 벤치에서 덕우들 누워서 자는거 세상 평화롭고 안전해보여서 나까지 행복해짐 진짜 우리학교 다니면서 정말 행복한 점은 이름은 모르지만 지나가는 학우 한명한명이 사랑스럽다는거야 벤치에서 도시락 까먹는 덕우 도서관앞에서 헤드폰으로 음악 듣는 덕우 무언가 열심히 공부하고 있는 덕우 동기랑 꺄르르 웃으며 지나가는 덕우 다 다 다 사랑스러워 -졸예생이…
2022-09-22 16:38,2,이번주 화요일(9/20)에 usb 분실했는데 보신분 있으시다면 연락 부탁드립니다!강의 실습 내용이 있어서 꼭 찾고 싶어요...사진에 있는 usb 뒤편에 파란색 별 스티커가 붙어 있었어요!화요일에 제가 갔던 곳은 차관 325 - 도서관 2층 - 인대 328이에요!
2022-09-22 15:17,0,도서관 이소세 책 반납하고 바로 다시 빌려도 되나요..??
2022-09-22 15:07,0,핸드폰 충전하고싶은데 도서관 창가쪽은 이미 만석오스카 왔는데 오스카도 꽂을 곳이 없네...나 수업 하나 더 들어야하는데 배터리 방전되겠네...
2022-09-22 15:04,3,도서관 3층 자리맡아놓는 거 너무 심하다 오늘 공부하느라 하루종일 있었는데 가방만 놓고 거의 3시간 넘게 비워둔 사람도 있음
2022-09-22 13:34,1,혹시 도서관 2층 화장실에 핑크 텀블러 보신 분 계실까요?? 그대로 두고 버스 타버렸어요....아오
2022-09-22 13:32,0,#행근딸도서관에서 공부하다 밥 먹으러 갔다왔는데 내 껌 봉투 위치가 바껴있어.. 기분탓인가..?!
2022-09-22 11:40,0,도서관에서 하는 정기교육 받아본 덕우 있어?이거 혼자 걍 신청해서 들어도 되는건가?
2022-09-22 10:23,0,근데 도서관 빌렸던 책 반납하고 바로 다시 빌리는 거 되려나?..
2022-09-22 10:19,0,도서관 3층에 독서실같은? 칸막이 있는 좌석도 발권 해야돼??
2022-09-22 10:16,0,학교 도서관 한번에 최대 몇 권까지 빌릴 수 있어??
2022-09-22 9:37,2,화요일(9/20)에 usb 분실했는데 혹시 보신 분 있으시다면 연락부탁드립니다사진에 있는 usb 뒷편에 파란색 별 스티커가 붙어있었습니다당일에 제가 갔던 곳은 차관 325 - 도서관 2층 - 인대 328입니다
2022-09-21 22:06,0,도서관 책에 낙서는 왜 해놓는거임 진짜 이해안된다...
2022-09-21 21:05,0,이소세 토론할 때 책 없이 내용만 숙지해가도 되나요..? 도서관에 다 대출중이라 못구하고있어요 ..
2022-09-21 20:21,1,사실 학교 도서관 한번도 안가봄
2022-09-21 20:11,18,아놔 도서관에서 왜 못누워요...그람 어디서 누우라고!!!
2022-09-21 20:08,0,이제 도서관 소파 못누우니까 테라피존 미어 터지겠지....? 하...
2022-09-21 17:16,21,"*핫게 부탁드립니다*도서관 화장실에 아이폰 두고 가신 분, 2층 대출/반납 데스크에서 보관 중이니 들려서 찾아가세요! 사서 선생님께 말씀드리면 됩니다!"
2022-09-21 17:05,0,지금 학교에 노트북 쓸 수 있는 공간 없나? 도서관 3층 공사중이네.
2022-09-21 16:05,0,도서관 왔는데 중딩들이 나보다 공부 더 열심히 하네....
2022-09-21 14:43,0,도서관에서 공부 안 하고 그냥 폰하고 유튜브만 봐도 되나요??
2022-09-21 13:49,2,이시간대에 도서관 처음 와보는데 분위기 너무 좋아 힐링돼 공부하는 덕우들이랑 누워서 쉬는 덕우들 보니까 진짜 평화롭고 뭔가 동화 속에 들어와 있는 기분이야 날씨도 좋고 너무 행복하다
2022-09-21 13:15,0,동생이 커피 사다줬는데 공부 걍 집에서 할까.. 아니면 들고 집근처 도서관갈까..
2022-09-21 13:06,0,도서관와이파이 아이디 학번 맞지 않아? 왜 로그인이 안되지..
2022-09-21 12:20,0,나 오늘 공강인데 집근처 도서관 vs 카페 어디서 공부할까?
2022-09-21 10:54,0,학교에 충전기 꽂을 수 있는 곳 있나? 도서관 왔는데 없네… 오늘은 고요함을 즐기는 여자로 살아야되나(이어폰 배터리 나갓다는 뜻)
2022-09-21 10:19,0,"도서관3층에 빈백있고, 소파있고, 그런 자리들도 예약 해야하나요?"
2022-09-21 9:14,0,도서관 음료 반입 되나요? 검색해봤는데 어떤 분은 된다고 하시고 어떤 분은 안된다고 하셔서 헷갈리네요...
2022-09-21 4:33,0,도서관 모바일 학생증 찍고 들어가서 오른쪽으로 가면 있는 소파에 그냥 누워있어도 되나요 ?
2022-09-20 22:23,0,도서관 3층 열람실 공사 다 끝났나요??
2022-09-20 14:42,0,도서관에 지문인식이나 발권 필요한 열람실같은 거 있나요?? 관련한 내용을 어디서 찾아야하는 건지 모르겠어요🫠...
2022-09-20 14:30,0,도서관 지하에서 공뷰하다가 엎드려서 자도 괜찮죠..?
2022-09-20 12:05,2,"🎤류수경 아나운서가 알려주는 스피치 노하우🎤📚도봉구립 원당마을한옥도서관에서 9월 독서의 달을 맞이하여 특별한 시간을 준비했습니다!🗣류수경 아나운서가 알려주는 스피치 노하우!🎤면접 or 프레젠테이션을 앞두고 있거나, 대중 앞에서 말할때 어려움을 느끼는 분들!▪️일시 : 2022.09.24(토) 13:00~▪️장소 : 원당마을한옥도서관 바른채(프로그램실)▪️신청 : 도봉구통합도서관 홈페이지 -> 독서문화프로그램 (온라인 신청만 가능)▪🚨️선착순 20명🚨"
2022-09-20 12:04,0,도서관 빈백존에서 휴대폰 충전할 수 있나요?
2022-09-20 12:01,2,학관이나 도서관에서 버즈프로 보신분 연락해주세요..
2022-09-20 10:52,0,도서관 카페음료 테이크아웃잔 반입 가능해?
2022-09-20 10:22,0,도서관에서 프린트 가능한가?
2022-09-20 10:09,0,도서관 와이파이 왜 안돼... 정신차려!!
2022-09-20 9:04,2,과제서고 과제도서 정보
2022-09-20 1:15,0,도서관 근로 지금 시점에서 시간변경 가능할까요? 근로에 시간을 덜 쏟고 싶어서요.. 혹시 학기중에 시간 정정해본 경험있으신 분 알려주시면 감사하겠습니다.
2022-09-19 22:53,0,학교 도서관에서 자는거 너무 편하고 좋은데집으로 착각해서 자다가 방구뀔까봐 편히 못자겠어 ㅌㅋ
2022-09-19 22:34,0,학교 도서관 무료 토익인강 있잖아! 선생님 추천해 줄 분 있을까??
2022-09-19 19:04,4,도서관 열람실 옆 화장실에서 백OO 덕우님 지갑 주웠어요! 학생 서비스 센터가 닫혀서 정문 캡스에 맡겼습니다.
2022-09-19 18:12,5,실내마스크 언제쯤 해제될까... 진심 도서관에서 공부할때 마스크 너무 불편함.. 거기다가 숨이 잘 안쉬어지니까 머리도 개아픔... 휴
2022-09-19 13:20,0,아 환장하겠네 포털 비번 바꾸니까 덕성 와이파이 로그인도 안되고 도서관 어플 로그인도 안됨ㅋㅋㅋㅋㅋㅋ도서관 홈페이지에서 비번 바꿨는데도 어플에서는 안되네 미쳐진짜
2022-09-19 8:57,0,도서관 열람실 말고 2층에 소파 있는 곳도 9시부터해요?
2022-09-19 8:18,0,도서관 1층인가 지하1층 소파에 누워도 되나요?
2022-09-19 0:59,0,학교 어디서 냅다 드러누울수있어요..? 듣기론 도서관쇼파  대강의동의자? 수면실은 안하는거맞죠?이상 물음표살인마였습니다
2022-09-18 23:59,41,이소세 책 구하기 어려운 덕우들!빌릴 수 있는 방안- 학교 도서관 과제 도서 대출- 학교 도서관 e-book- 도봉도서관- 쌍문채움도서관- 시간의 여유가 있다면 '상호대차' 서비스 이용*상호대차: 도봉구 내 27개 도서관(공립 작은도서관 포함)의 소장자료를 집근처 가까운 도서관이나 작은도서관에서 대출/반납 할 수 있는 서비스1학기 때 이소세 책 구하기가 어려웠어서 내가 사용했던 방법들 공유해 :)다른 방법도 있다면 댓글로 알려줘!!
2022-09-18 23:26,0,독서실이나 도서관에서 공부리는 덕우들 다 마스크 끼고 있는거야?? 하루종일?!
2022-09-18 22:02,0,해커스 오픽 intermediate 책 ✔️올해 7월에 구매한 책이고 사진 속 형광펜 칠한 부분 제외하고 아예 사용하지 않은 깨끗한 책입니다! ✔️가격은 15000원입니다. (원가는 15900원)✔️학교 정문이나 도서관 근처에서 거래 가능해요✔️정답 예문도 많고 오픽 실전 시험 보기 전에 연습하기 딱 좋은 책이에요! 관심 있는 분들 댓글이나 쪽지 주세요~ 네고도 가능합니다🤗
2022-09-18 15:00,0,담주 19-22 월-목 중에 저녁에 만나서 자유롭게 스터디 하실 분 계신가요? 시간은 수업 스케줄 따라 5-6시쯤 만나서 학교 도서관이나 근처에서 하면 좋을 것 같아요! 하루도 좋으니 할거 있는 분들 댓글이나 쪽지 주세용! 😀🤓
2022-09-18 14:59,0,혹시 담주 19-22 월-목 중에 저녁에 만나서 자유롭게 스터디 하실 분 계신가요? 시간은 수업 스케줄 따라 5-6시쯤 만나서 학교 도서관이나 근처에서 하면 좋을 것 같아요! 하루도 좋으니 할거 있는 분들 댓글이나 쪽지 주세용! 😀🤓
2022-09-17 23:52,0,졸업한지 몇 년 됐는데 도서관 가도될까...?? 예전에 돈 내면 된다고 들었던 거 같은데 너무 고학번이라...ㅎㅎ
2022-09-17 22:49,15,인스타 새로 만들어서 덕우들 많이 팔로우하고싶은데 맞팔방 만들면 들어올 사람들 혹시 있을까? 원러 있던 맞팔방 찾을 수가 없어서… 만들면 도서관 학생증 인증하고 들어오는 식으로 할게!
2022-09-17 20:02,0,미친 수료생은 도서관 로그인 아예 못해? 아예 로그인이 안되는데
2022-09-16 16:02,1,나 진짜 맨날 쉬운알바 했거든? 교외 도서관 근로랑 방학에는 관공서알바. 이렇게 쉬운거만 하니까 다른 알바를 못하겠어.. 눈만 높아짐.. 쉬운데 시급도 많이 주는데 기존 알바 구하려니까 일은 많은데 시급은 최저고
2022-09-16 12:50,0,학교 도서관에 이러닝 존 옆에 노트북으로 타자 탁탁하면 민폐인가?
2022-09-16 11:07,0,"나 엘수에뇨 반만 먹을거같은데,, 6시에 집가는데 계속 도서관에만 있을거같음 집가는데 2시간 걸려 이거 집까지 가져가면 상하나..? 지금 사는중"
2022-09-16 9:20,5,도서관 열람실에서 에어팟 본체 잃어버린 덕우!학생서비스센터에서 보관 중이니 찾아가시기 바랍니다
2022-09-16 9:13,0,"도서관 왜 전기 안 들어와..? 도서관만 그런건가,,?"
2022-09-16 8:24,0,도서관에 컴퓨터도 쓸수있고 말할수있는데는 없겠지??
2022-09-15 22:50,0,혹시 도서관 3층 테라피존 1인좌석은 발권없이 사용할수있는거 맞나요??
2022-09-15 21:11,33,"신고서점 너무 좋다.음료일단 스벅/투썸/커피빈에서 쓰는 원두>>로 만든 커피 캡슐<< (브랜드 캡슐 아님) 이 있고 시럽도 1883, 평타 이상하는 카페에서 쓰는 시럽을 두셨음.1L에 4000원 하는 이런 거 아니고 중고급 카페에서 쓰는 거.1500-2500 사이로 잘 조함하면 5000원 커피 맛 쌉가능.분위기책도 공짜로 읽을 수 있어서 좋아눈치 하나도 안 봐도 됨. 매장 전체에 여유가 넘쳐 흐르는 느낌. 나무냄새도 나고.공부도 "
2022-09-15 19:13,0,확실히 개강하니까 열심히 살게 되긴 한다.. 6시까지 도서관에서 공부하는게 일상이 됐음 물론 삶의 질과 건강은 수.직.하.락
2022-09-15 18:58,24,학교에서 전시를 하고 있다는 사실을 알고 계십니까? 9/15~9/22까지! 전시에 관심 있거나 궁금하다면 꼭 가봐~~ 학교 도서관에서 함!
