2022-11-27 13:10,0,혹시 열람실 이제 24시인가요..? 집에서는 공부가 안되는데..
2022-11-27 1:00,0,오늘 열람실 이용할 수 있을까? 논술이라..
2022-11-26 15:12,0,"담캎에 부산대 열람실 게시글 많이 보이던데 덕다도 쓰고싶다,,"
2022-11-22 15:46,0,"지하 기숙사 열람실 벌레 많이 나오나요? 그리고 많이 추운가요 ,,"
2022-11-17 0:59,7,"나...15학번... 졸업한지 한 3년됐나..?? 가을만 되면 이상하게 우리학교 캠퍼스가 유독떠올라 학교도 많이 변했겠지..?? 보고싶다 덕성 그리고 학우들도 요즘들어 같이 팀플했던 사람들도 떠오르고 열람실에서 공부했던 시간들도 그리고 새벽 가을 공기, 돕바 입은 학우들  차라찌에에서 버블티 사서 수업 들으러 간 기억들 다 너무 좋았다"
2022-11-15 18:11,0,학교에 이면지 구할수 있는곳이 없을까요?열람실 가봤는데 이면지통이 비어있더라구요..
2022-11-14 16:12,9,"비대면 원하는 학우들 저격하는 건 절대 아닌데 난 대면 너무 너무 좋아 통학만 빼면 지금 진짜 최고야 21학점 듣는데 솔직히 힘들지만 보람 있고 덕성다움, 열람실에 덕우들 공부하는 거 보면 동기부여도 되고 지난 학기랑은 아예 다른 세상 같아 비대면 때 집에서 모든 수업에 아예 집중 못 하고 무기력해서 정신병 걸리는 줄 알았거든 2점대까지 받아봤는데 공부를 한다는 느낌을 대학 들어오고 이제 드디어 처음 느꼈어 시험 성적 최고점을 받아도 이전에 받았을 때보다 성취감도 커졌어. 이건 꼭 장점만은 아니지만... 아무튼 수업에서 덕우들 만나는 것도 즐겁고 중간마다 동기랑 밥 "
2022-11-14 15:48,1,#행근딸내가 허리가 길어서 그런가 덕다도 도서관도 열람실도 책상이 너무 낮아서 허리 아파 흑
2022-11-09 2:51,0,덕우들은 도서관에서 공부할 때 어디가 제일 잘되는거같아? 덕성다움? 일반도서관자리? 아니면 칸막이열람실?
2022-11-07 15:17,11,"안녕 덕우들 나 저번에 빼빼로데이기념 쿠키 무료나눔글 올렸던 덕운데 원래 목요일에 30개 정도 하려 했거든. 근데 목공강인 사람들 있을거 같아서 화,목 나눠서 20개씩 해볼까 고민이거든.. 둘중에 댓글로 투표해 줄 수 있을까? 그리고 혹시 장소는 어디가 좋은지 알려줄사람? 오늘 보니까 어디에 올려둬야 할지.."
2022-11-07 2:25,0,아침9시전에 24시 열람실에 사람있어??가고싶은데 혼자는 외로워…
2022-11-06 12:15,0,열람실 처음이라 스탠드 못키고 공부하는 중 채움 열람실 a구역 스탠드 어떻게 키는지 아시는분?
2022-11-06 1:38,0,학교병행덕우중에 근처 자취하면 학교24시 열람실 같이 다닐덕우있어?? 1교시 수업 전에 일찍 열람실에서 공부하다가 학교 끝나면 또 열람실에서 공부하다가 올 예정인데 혹시 그런 덕우있나해서!
2022-11-06 1:35,0,24시 열람실은 시험기간 아니어도 계속하는거지??난방 안틀어둔다는 얘기가 있길래 난방 안틀어줘??
2022-11-06 0:28,1,목요일쯤에 빼빼로 기념으로 쿠키만들어서 학교에서 나눔하면 가져가나....? 부끄러워서 직접은 못주고 그냥 차관이나 열람실 입구쪽에 놔두면..!
2022-11-03 18:16,0,열람실 와이파이 왜이래..덕성 와이파이 사라졌어
2022-11-03 14:32,0,덕성다움 f좌석 현황 보려면 여기서 뭐 눌러야 해..?
2022-11-03 6:48,0,24시 열람실이랑 휴게실 새벽에는 난방 안해주나..? 아예 가동이 안되던데
2022-11-03 2:52,82,"새벽에 잠 안와서 뒤척거리다가약대도 게시판 있는거 처음 알아서 와본 타과생이에요이번 시험기간에 덕성다움 열람실 쪽에서 약대분들 많이 마주쳤거든요,,크리피한건 아니고 과잠을 봐서 알았어요공부 정말 열심히 하시더라구요 제가 놀랄 정도로 ㅎ4학년 막학기생인데 그동안 학교에 약대가 있구나~건물 깔끔하다 뭐 이런생각만 하다가열심히 사시는 모습들 보니 자극도 되고 나도 멋진사람이 되어야겠다 생각도 했어요일하는 필드가 달라 사회에서 마주칠 일"
2022-11-02 15:00,5,열람실 휴계실에 전자렌지 있으면 좋겠다..........
2022-10-29 21:33,0,지금 열람실 11시까지야?시험기간 아닐때 24시간 하는곳 없어??
2022-10-29 15:28,7,덕성다움 24시간 해주면 안되나? 아님 제1열람실이라도...24시간 열람실은 타이핑이 안되잖아난 노트북이 꼭 있어야하는 과인데....
2022-10-29 13:26,0,도서관 열람실 일욜에도 여나요?
2022-10-28 11:56,4,시험기간동안 학교에서 공부하는 덕우들 보면서 든 생각이 있는데공학용 계산기 가지고 다니는 덕우들 너무 멋있어.막 계산기 가지고 탁!타탁! 하면서 공부하는데 난 그런거랑은 전혀 관련이 없는 학과라 내 착상에는 교재랑 노트만 있는데덕다나 열람실 지나가다가 계산기 있는거 보이면 어머! 멋있어! 하게 된다.그 계산기로 뭐 하는지도 궁금하고 너무 지적에 진짜 대학생이다! 하게 되더라(진짜 개인적인 생각임 우리 모두 자랑스러운 덕성인들!!)나만 그런가?
2022-10-27 21:39,0,덕다랑 자유열람실 24시간 끝났잖아 그럼 이제 휴게실도 24시간 운영 안하나..? 휴게실만 되면 학교에서 밤샘공부하고 싶은데... 학교에 밤샐만한 곳 없나
2022-10-27 1:00,0,도서관 열람실 갈때 지문인식 해야 갈 수 있는 건 어떤 경우인가요??
2022-10-27 0:49,0,그 도서관 3층 열람실이나 노트북존 발권하려면 학생증만 있으면 될까요..? 한번도 안가봐서 떨려요..#행근딸
2022-10-26 8:46,0,1 자유열람실에서 초콜릿같은건 금지지?
2022-10-26 2:34,0,혹시 열람실에 있는 사람중에 이따 나 깨워줄 사람… 사례할게..! 나는 휴게실이야..
2022-10-25 18:11,0,다들 시험 끝났구나..? 열람실 사람 별로 없네
2022-10-25 17:59,0,열람실 자리마다 콘센트 있고 스탠드도 달려있고 정말 오래 살고 볼 일이군
2022-10-25 14:53,0,"열람실(덕성다움,제1열람실) 오늘도 밤 샘 가능한가요?!!"
2022-10-25 13:57,12,#행근딸 #개방이사 열람실 B-13에 반지 분실물 있습니다
2022-10-25 13:27,23,덕다랑 열람실 리모델링 9억 들었댸
2022-10-25 12:29,25,"그럴일 없지만 만약에 학교가 돈이 많거나 이사회가 우리한테 투자를 잘 해준다면 가장 먼저는 공대랑 예대 건물 새로 짓고 실습실 제대로 만들어주고 고시반(회계사, 세무사, 관세사 등) 열람실 리모델링 해주고 지원 늘려줬음 좋겠어아웃풋 높은게 학교 이미지 올리는데 가장 효과있는것중 하나니까 거기에 맞춰서 투자해줬으면학교 시설 재정비 이런것도 중요하지만"
2022-10-25 7:39,0,9~10시쯤에도 열람실에 사람 많은가요..? (아침이요!!)
2022-10-25 6:16,41,여러명이서 다같이 와서 열람실에서 쑥덕쑥덕 떠들고 음료수로 짠을 하질 않나 부스럭거리더니 과자를 먹질 않나 라이브포토도 몇 장을 짝고 ^^.. 이제야 나갔는데 진짜 개시끄러웠고 매너고 예의고 하나도 없었어요~ 시험기간이라 예민해서 싸움으로 번질까봐 그냥 이어폰 끼고 참았습니다 그런 식으로 하실거면 열람실 오지 마세요
2022-10-25 0:53,0,학교 열람실 계신 분 중에 샤프심 두개만 주실 수 있는분... 2개로 내일까지 아껴쓰겠습니다...
2022-10-25 0:21,4,열람실에서 들리는 떠들고 웃는 소리 대체 어디서 나는거야
2022-10-25 0:02,0,열람실 사람중에 배고픈사람 없니.. 난 입이 심심해..
2022-10-24 21:50,0,혹시 지금 도서관 열람실에 음두헌 교수님 자바 교재 가지고 계신분 있나요? 잠시만 빌려주시면 정말 감사하겠습니다~!
2022-10-24 20:40,19,우리학교는 헤르미온느만 있는 게 분명해
2022-10-24 18:53,2,#행근딸열람실 오려고 덕다 지나왔는데알바하고 있을때 가끔 오는 안 씻고 다니는 아저씨... 냄새남
2022-10-24 17:02,0,#행근딸여법 시험 24시간 열람실에서 봐도 상관없는건가요?
2022-10-24 13:22,0,시험기간 아닐때도 24시 열람실 사람 많아?? 휴게실은 안여나
2022-10-24 12:39,0,도서관 중앙 야외공간에서 떠들면 열람실 안까지 다들려요!! 울려서! #행근딸
2022-10-24 11:52,14,📚덕성다움&자유열람실📚 게시판 만들었습니다!필요한 거 빌려주고 궁금한 점 있으면 서로 물어봐요~!
2022-10-24 10:33,0,이따 한 6시쯤에 열람실 쓸 거 같은데 자리 있겠지?
2022-10-24 9:30,0,열람실b는 노트북타이핑안되나요??
2022-10-24 8:42,0,덕다 너무 빽빽하고 답답해서 열람실 왔는데 열람실도 좋다!! 창가쪽 앉으니까 완전 좋아
2022-10-24 8:01,3,처음 : 도서관 어플에 사용중 좌석 점점 늘어가면서 보면서 덕성다움 내자리!!! 어카지... (현타 개오짐)지금 : 열람실가지뭐... 스카나 카공할까(코파기)#행근딸 #개방이사
2022-10-24 5:26,32,밤샘하고 열람실에서 나오다가 마주친 덕설이(줌했습니다)
2022-10-23 19:04,0,학교 24시 열람실 자리 잡기 어려워?? 낮에!
2022-10-23 18:40,0,#행근딸열람실 화장실에 ㅈㄴ 큰 모기 있어서 놀라서 뛰쳐나옴... 하
2022-10-23 18:31,0,#행근딸 #개방이사 #메일총공 열람실 왔는데  내가 발급한 자리에 짐이 놓아져있어... 오면 비켜달라고 말씀드려도 되겠지??..
2022-10-23 18:12,0,근데 지문 재등록도 했는데 열람실 들어가는 문 지문 인식이 안 되는데 어쩌지?
2022-10-23 13:49,0,열람실 히터가 너무 따뜻해서 졸려....
2022-10-22 2:50,0,혹시 열람실에 두통약 있으신 분 계실까요? 학관 씨유 문을 닫아서 사러 갈 수가 없어서요
2022-10-22 1:13,0,덕성다움 이 시간에도 자리 없나?? 지금 열람실은 텅텅인디..
2022-10-21 21:50,0,#행근딸덕우들 도와주이소...난 과민성대장증후군 있고 열람실 숨막혀서 오스카라운지에서만 공부하는데 주말에는 안 연다고 하네...?열람실 중에 그나마 오스카라운지처럼 자유롭게 이동하고 너무 조용하지 않고는 편한 분위기인 열람실이 있을까...?
2022-10-21 17:33,0,도서관 24시 열람실 가려면 발권도 24시입니까..??
2022-10-21 9:00,0,열람실 D말고 C는 이용해도 되는 건가요? 1열람실 C자리 선택할 수 있어서요!
2022-10-20 23:20,5,열람실 덕우들이 하나둘씩 떠난다.. 막차 놓치지 마시고 조심히 들어가세요!!
2022-10-20 22:16,0,"다들 시험 많이 끝났니 열람실에 사람이 급격히 줄었다,,,"
2022-10-20 22:13,0,예전 제 2 자유열람실이 덕성다움인가뇨?
2022-10-20 20:55,0,#행근딸 #개방이사 #메일총공열람실인데 덕성 퍼블릭 와이파이 왤케 안돼? 공부하지말라는 신의 계시같음...
2022-10-20 20:37,0,10시에 덕다움이나 열람실에 사람많아? 밤
2022-10-20 19:31,0,수업 내용 정리하려고 몇시간 정도 타이핑할건데 열람실 a구역에서 하는 것보다 집에서 하는 게 더 좋겠지…?
2022-10-20 16:04,0,졸업생.. 덕성다움이 뭐야..? 찾아보니 열람실같은거 같긴 한데 궁금하다 사진이나 그런거
2022-10-20 14:53,1,열람실에서 다리 뻗지 말아주세요 앞자리에 사람있습니다
2022-10-20 10:54,0,열람실 콜드컵 불가능이려나#행근딸
2022-10-20 9:30,0,제1열람실 뚜껑있는 음료는 반입 되는 걸로 바뀌었잖아요(모든 열람실)그럼 노트북존도 뚜껑있는 음료는 가능한 건가요?
2022-10-20 0:47,0,도서관 열람실 있으면서 나와서 누울 수 있는곳 없지…
2022-10-20 0:44,0,열람실 개어수선함
2022-10-19 23:47,0,제 1열람실 D 72석 모두 만석이던데 열람실 분위기가 어떤가요?
2022-10-19 23:30,0,"☀️ ""굿모닝 썬라이즈""는 하루를 일찍 시작하고 싶은 사람들을 위한 모임입니다.☀️ 1. 활동 내용 (1일 1회 인증) (시험기간 중에는 변경될 수 있습니다.)⭐평일 오전 8시 기상인증 : 온라인 카톡을 통해 인증(오전 7시 인증도 가능)⭐자신만의 아침 활동 인증하기-아침산책-도서관 열람실 가기-저전거타기-아침식사 공유-등교전 커피 한 잔의 여유-하루 계획 목표 공유 등(부담 없이 1가지 활동만😊) "
2022-10-19 23:27,0,ㅎㅏ 지금 퇴근중인데 조때따 덕다 말고 일반열람실 자리있는지 봐줄수있는 덕우...?
2022-10-19 23:22,5,열람실에서 마스크 벗는 사람들 이해 안감 자기만 편하면 단가?
2022-10-19 22:38,0,초콜릿 먹고싶다 초콜릿하지만 열람실에서 까먹는 일은 없을거라구#개방이사 #메일총공
2022-10-19 21:41,0,열람실a 아예 뚜껑 잠기는 물병도 못 들고 들어가?
2022-10-19 21:11,0,c 열람실에서 타이핑 해도 되나요?
2022-10-19 20:26,0,열람실 말고 지하 1층이나 로비같은 그냥 도서관은 9시에 문닫는구 맞지?
2022-10-19 20:08,0,열람실 이용 중인데 충전기 단자만 없어서.. 덕다에 덩그라니 폰만 충전시켜도 안없어지겠지..?
2022-10-19 20:04,0,제 1 자유열람실은 덕성다움이랑 노트북존 발권하는 곳에서 못해? 어디서 하는지 아시는 분!
2022-10-19 19:35,0,근데 학교에서 밤새도록 도서관이나 열람실에 공부하는 사람 많네… 나만 집인가
2022-10-19 19:03,0,혹시 혼자 말하면서 공부할 수 있는 열람실 있나요.. 휴게실은 너무 조용해서 눈치보이더라고요
2022-10-19 18:38,13,제1 자유열람실도 뚜껑있는 음료 반입 가능하대!
2022-10-19 17:22,0,열람실에 리유저블 컵 가능한가요? 뚜껑 있으니까 괜찮죠?? 제발
2022-10-19 13:13,0,열람실 말고 책 있는 도서관 쪽 자리들은 다 발권 안 해도 되는 거 맞을까요?
2022-10-19 12:51,7,사실 난 24시 열람실 좋아.. 새벽엔 사람 하나도 없어서 알람 진동으로 해놓고 잠시 눈붙일수도 있고 카페음료 가져와서 먹기도 편하고 의자는 조금 불편하긴 한데 나머진 다 ㄱㅊ은듯
2022-10-19 11:30,2,열람실 지우개가루 개화나네 좀 치우고갑시다
2022-10-19 10:33,0,덕성다움 열람실 이용하고 싶은데 새내기에게는 너무 어렵다… 내가 바보인건가
2022-10-19 10:13,0,학교에서 밤샐만한 공간이 있을까? 내일 시험인데 통학이 너무 오래 걸려서 고민중임.. 그냥 열람실에서 쪽잠잘까??
2022-10-19 9:46,1,와 덕성다움 공기 쉣이다 사람 많아서 그런가 이상한냄새도 남....난 그냥 열람실갈란다
2022-10-19 9:30,1,덕성다움에 목숨거는이유가 뭐야..? 그냥 열람실도 좋지않아..? 공부하기에..
2022-10-19 0:18,0,나 왜 열람실만 가면 배가 아프지...
2022-10-18 21:49,18,"자유열람실이랑 덕성다움, 노트북존, 24시 열람실 있는 그 복도에 멈춰서서 너무 크게 떠들지 말아주세요. 문이 닫혀있어도 웃고 떠드는 소리가 잘 들립니다."
2022-10-18 21:32,1,아이들 차트 올킬 🥹 열람실에서 울고 있는 여성 보면 나인줄 알아
2022-10-18 21:15,0,밖에 파이팅 넘치시네… 소리지르시는거 열람실에서도 다들린다
2022-10-18 17:38,0,"다음주가 본격적인 시험기간인가?? 열람실 c, d는 안쓰길래"
2022-10-18 16:28,3,누가 열람실에 노움스티커 붙여놓고 갔어 귀엽다
2022-10-18 13:20,0,열람실에 있는데...혹시 아이패드 충전기 빌려주실 분 계신가요?
2022-10-18 12:49,21,"덕성다움이랑 제1열람실a타이핑 가능!조용한 곳에서 하고싶으면제1열람실b,c는 타이핑 금지래"
2022-10-18 11:42,0,열람실에서 계산기 소리 안나게하려고 최대한 살살치지만 티가 나는 회계덕우들의 모임..
2022-10-18 10:15,2,열람실에 담배냄새좀 빼고 들어왔으면..
2022-10-18 10:15,2,#행근딸열람실..천천히 들어오셔요 초록불로 바뀌면 들어와야해 아니면 허벅지 싸다구 맞는다구
2022-10-17 23:33,0,열람실 있는 곳에서 밖으로 어떻게 나가죠..?
2022-10-17 20:52,0,열람실 B 자리 있나요?
2022-10-17 19:41,0,빈 강의실에서 공부해도 되나요? 콘센트가 필요한데 열람실이 자리가 없네요…#개방이사 #행근딸 #메일총공
2022-10-17 15:52,0,혹시 말로쪽 통로로 들어가서 2층 올라가면 바로 보이는 열람실은 뭐야?! 거기도 열람실인가?? 더 이전에 완공된걸로 아는데 가본 적이 없어서 들어가도 되나 궁금해서..안에 들어가면 발권하는 곳 있어??
2022-10-17 15:22,0,도서관 열람실 자리 발권해서 쓰고있는데 잠깐 사물함 다녀와야돼서 나갔다와도 반납 안되는거맞나요?!
2022-10-17 8:53,0,열람실 4시간이네저번주까지는 6시간이었는데 시험기간이라 그런가?
2022-10-17 1:22,24,"덕성다움, 열람실에서 제발 마스크 벗지마세요."
2022-10-16 22:42,3,#행근딸열람실 쓰시는 분들 문 닫을 때 쾅쾅 닫히지 않게 조심 해주시면 감사하겠습니다.. 이런 글 문제되면 지우겠습니다
2022-10-16 17:57,0,1학기 시험기간땐 주말에 열람실은 답답하고 카공도 질리고 그래서 맨날 유목민이었는데… 덕다 생겨서 좋아
2022-10-16 16:16,0,열람실 중에 음료 마실 수 있는 곳이 없는거지..?
2022-10-16 14:56,15,덕성다움..이 참 좋고 예쁘고 많이들 쓰는데..제 1자유 열람실 노트북 존도 좋아요plz 덕성다움 사람몰림 stop..
2022-10-15 22:34,1,열람실 연장 제발 좀 하자..........
2022-10-15 20:32,0,#행근딸커리어 개발센터 옆쪽 문에서 열람실이나 덕성다움 갈 때 지문 찍고 문 어떻게 여는거야?목요일에 가봤는데 지문 인증되었다고 나오는데 문 손잡이가 안 돌아가던데...
2022-10-15 17:50,88,‼️ 도서관 운영 시간 정리 ‼️
2022-10-15 16:45,0,월요일에 덕성다움 가보려는데 이중에 어디어디가 덕성다움이야? 꽉차있는 곳 전부?
2022-10-15 16:32,2,덕다 a구역 -1 뭐야 ㅋㅋㅋ #행근딸
2022-10-14 23:31,0,#행근딸 그래서 토 일 열람실 사용 가능한 거 맞지??
2022-10-14 23:00,0,내일 실기고사여도 열람실은 하지?
2022-10-14 18:38,45,"#행근딸 #청소노동자_나가주세요 #꿘_손잡고_나가논리도 없고 맹목적이고자아도 없고 노조에 위탁 중이고학교소속도 아니고 외부인일뿐이고오직 440원인상 외에의 대안이나 그에 대응한 덕우들의 의견을 찢어 발기고다른 건물에서 업무보는 총장님을 도망간다고 표현하고좀 잠잠히 시위했던건 시험기간, 수시기간을 노린 워밍업이었고학생들은 모금하고 남은 금액으로 선물드리고총장님은 예산의 남은 금액을 상여금으로 지급해드리고그동안 "
2022-10-14 17:54,0,내일 신입생 모집 시험이 있는 거 같던데 열람실이나 덕성다움은 이용할 수 있나요?
2022-10-14 17:46,0,덕성다움이랑 열람실a존 사람 많나요?
2022-10-14 17:24,0,도서관 열람실 연장 어떻게 하는건가요?? 어플은 자꾸 도서관 내부에서 해야한다고 뜨고(덕성 와이파이 사용했는데도 그럼) 반납 후 같은 자리 다시 쓰려고 하니까 안되더라고요.. 다른 자리 빌렸다가 반납 후 원래자리 빌리는걸로 다시 쓰긴 했는데 이 방법밖에 없나요...?
2022-10-14 13:25,2,여기서 덕성다움은 어디인가요?
2022-10-14 3:09,0,시험기간에 휴학생도 열람실 이용가능한가요덕성다움 궁금해요
2022-10-14 1:54,5,"🔥덕성다움, 제 1열람실도 이제 24시 개방🔥안 한 덕우들 다들 지문인식 등록해 얼른자취러들 우리 시험기간 덕성다움에서 불태워보자😎"
2022-10-13 23:00,0,학교 24시간 열람실 사람 아예 없나요?? 공부하는 사람은 보통 얼마나 있고 약간 지키시는분..? 은 없겠죠?? 출입 이런건 지문이 있어야만 가능한거죠?
2022-10-13 20:58,0,"여기서 제1 자유열람실 C, D는 어디에 있는거야?집중형 A 개인 B 개방형 CD는 덕성다움인거 알았으"
2022-10-13 20:37,30,에타에 찾아봤는데 새로 붙은 공지는 안올라온 것 같아서 올려봐요시험기간 도서관 이용안내 24시간 가능한 곳
2022-10-13 18:48,0,근데 24시간 열람실이면 발권은 6시에 초기화되는 거 맞아??
2022-10-13 16:53,0,찐 고학번인데 열람실 바뀐 거 보니까 새삼 학교 오래다닌 거 느껴지네 ㅋㅋㅋㅋㅋ
2022-10-13 16:38,0,열람실에서 c타입 케이블 30분만 빌려주실 덕우 찾아요..!
2022-10-13 16:37,114,"⭐️⭐️핫게 보내주세요⭐️⭐️덕성다움 규칙 정리 글1. 발권E 구역 빼고는 A~F 다 발권해야합니다. 좌석에 A-13, B-2 처럼 번호가 지정돼있는 경우는 발권해야한다는 뜻입니다. 그러니까 그렇게 적힌 자리에 발권 없이 짐 놓고 가지마세요. 발권은 입구 들어가서 오른쪽에 있는 발권기 사용하시면 돼요.2. 음료카페 음료는❌, 뚜껑을 닫았을 때 넘어져도 흐르지않는 음료는 가능하대요(텀블러, 페트음료 등)3. 퇴실이용 다 하시고 나가실 때는 제발 🔥반납🔥부탁드려요"
2022-10-13 16:34,34,#행근딸 #개방이사 #메일총공 덕성다움 이용수칙 참고!! 도서관 사이트에서 사진 가져왔어~!
2022-10-13 15:15,0,덕성다움 원래 노트북존 있던 그 층 저렇게 바뀐거 맞지? 노트북존 걸어가는 길 옆에 있는 열람실이 저렇게 바뀐건가? 노트북존 지나서 가야되는 안쪽 열람실은 리모델링한지 얼마 안됐으니까 남은건 거기밖에 없는듯한데!!혹시 거기 화장실은 그대로인지 아님 리모델링 했는지 알려줄 덕우 있을까?
2022-10-13 14:32,0,그 도서관 3층 테라피존 휴에서 자유열람실 가려면 어디로 들어가야해???????#행근딸
2022-10-13 13:47,0,#행근딸요즘 열람실에 사람 많아?? 처음 수업 끝나고 가보는데 긴장된다
2022-10-13 12:48,0,열람실현황에 덕성다움 abcd만 있는데 ef는 그냥 발권없이 자유인거지??
2022-10-13 11:54,0,덕성다움 밖에 홍보하는 것도 조심해야하지 않을까? 잘못하면 멀쩡한 열람실 리모델링할 돈으누있으면서 고작 400원 인상하는게 어렵나! 로 이어질 수도 있을 것 같은데
2022-10-12 22:28,0,여기에서 덕성다움이 어떤거야?
2022-10-12 20:08,0,근데 차관 몇몇 화장실이랑 도서관 열람실 올라가는쪽 쓰레기통도 그렇고 원래같으면 쓰레기가 넘쳐야되는데 한번 비워진거 같은 쓰레기통은 뭘까...? 우리 학생들이 했나..???
2022-10-12 17:46,0,학교에 밤늦게까지 노트북 쓸수있는 와파되는 공간있나? 열람실은 소음 때문에 안될거같아서!
2022-10-12 15:23,1,헐 에타 이런 기능 생겼네!!!!이제 일일이 옵챗 팔 필요도 없고 완전 유용할 듯#행근딸 #개방이사
2022-10-12 15:03,0,하..열람실에도 소리 다들리네 미친듯
2022-10-12 14:58,0,도서관 열람실 자리 반납 제때제때 좀 해주세요
2022-10-11 23:36,0,요즘 열람실에 밤샘 하는 덕우들 있어?아님 밤샘까진 없나..? 함 해보려고 하는데 무서울까봐
2022-10-11 21:35,0,#행근딸열람실 내일까진 24시간 아니고 11시에 문닫나요???
2022-10-11 21:23,0,"나 지문등록 안돼서 학생증으로 지문등록했는데오늘 학생증 잃어버림그럼 도서관 24시 열람실 그 쪽은 못들어가는건가,,"
2022-10-11 19:20,1,열람실 입구에 떨어진 지갑 밟힐까봐 왼쪽 창문 옆에 올려놓았어요
2022-10-11 16:21,41,에타 새로운 기능 생겼네 신기하다!
2022-10-11 15:42,2,제발 열람실 다쓰면 좌석 반납좀 하세요;
2022-10-11 14:51,0,열람실 자리 연장하려 하면 도서관 AP 범위 아니라고 안 되는데 혹시 해결 방법 아는 사람 있어? 열람실 안인데도 이래
2022-10-11 1:39,0,"도서관, 학교 홈페이지에도 찾아봤는데 안 나와서 여쭤봐요열람실 사용할 때 시간 제한이 있나요?제한이 있다는 글을 본 것 같아서요#개방이사 #행근딸"
2022-10-10 19:02,0,새벽까지 학교 도서관에서 공부하실 분!! 24시 휴게실도 괜찮고 열람실도 괜찮아요같이 하자는 의미가 아니라 그냥 혼자 덩그라니 있으면 무서우니까 한분이라도 학교에서 함께 공부하는 분 계셨으면 좋겠어요..
2022-10-10 2:16,1,24시간열람실/휴게실 24시간 계속 열려있다는게 아니라 24시까지라는거죠?
2022-10-09 16:00,0,학교에서 밤 샐 수 있는 곳이 있을까요..? 열람실은 24시간 안하는것같아서.. 통학이라 시험 전날에 그냥 학교에서 자려고하는데..
2022-10-09 14:51,5,언젠가 찍어놨던 도서관 지도 3층
2022-10-08 11:13,0,열람실 왔는데 화재경보기만 울리고있고..뭐야?
2022-10-08 7:31,0,학교 도서관 열람실 학생증 있어야 이용할 수 있나요?
2022-10-07 19:57,14,"열람실 휴게실에 엘수에뇨 반쪽 두고간 덕우분~ 혹시 잊으셨다면 찾아가세요~~(제가 원래 열람실 널브러진 휴지들을 쓰레기통에 넣는 편이라 처음에 그냥 껍데기 버리고 가신 줄 알고, 버리려고 만졌습니다... 근데 들어있는 거 보고 바로 손 뗐어요...! 죄송합니다... 택시 명함도 덕우분 것 같아 치우지 않았습니다)"
2022-10-07 0:35,2,자게 24시 열람실 개방 많관부 ..
2022-10-06 21:16,1,열람실 리모델링 할때 화장실도 해줬을까...?화장실 ㄹㅇ 심각한데... 학교 처음 왔을때 차관 화장실보고 충격먹었는데 열람실 화장실 보니까 걍 그러려니 하게됨 열람실 화장실 충격과 공포 그 잡채..
2022-10-06 19:42,0,진짜 열람실에서 음료 못 마셔? 근데 사람들 다 마시던데...규칙 바뀐건가? 말도 안돼 커피 없이 공부 어떻게 함...;
2022-10-06 9:51,56,덕성다움(구 제2자유열람실) 10월 13일 목요일 오픈~~~! 🤭🤭🤭
2022-10-06 1:11,0,근데 코로나 이전에도 열람실 말고 그냥 도서관은 9시에 문 닫았나요..? 도서관 책은 못 빌려도 거기서 공부할 수 있으면 좋을 텐데
2022-10-05 22:33,47,"열람실 음료 허용해주시면 좋겠어요,,핫게 보내주시면 감사하겠습니다"
2022-10-05 21:36,52,아니 짜증남..; 이제 시험기간인데 갑자기 열람실 11시까지로 바뀜... 얼마전까지 24시간이였는데캡스한테 물어보니까 도서관측에서 11시까지로 제한했다는데 어차피 자기들이 문 관리하는것도 아니면서 개방 좀 하면 안되나? 시험기간엔 원래 11시까지었던 열람실도 24시로 연장했던걸로 기억하는데 일처리 왜이럼...;
2022-10-05 19:47,0,#행근딸 #개방이사시험기간마다 하게 되는 말이지만 열람실 화장실 리모델링 좀 해줬으면 좋겠음
2022-10-05 17:32,4,얘가 미고인가 Hoxy....?열람실 가려고 계단 오르는데 뒤에서 야옹야옹 거리더군
2022-10-04 22:15,0,24시간 열람실에 보통 몇명정도 있나요??
2022-10-04 20:46,0,학교 열람실 B 왜이렇게 더워요
2022-10-04 20:09,15,제1열람실이든 24시간 열람실이든 24시간 개방해줘요…. 그와중에 덕성다움 너무 기대된다
2022-10-04 19:15,0,우리 열람실 이제 24시야?
2022-10-04 16:59,0,도서관 열람실 아니면 마우스 사용 가능해? 아 너무 시끄러움
2022-10-04 16:02,0,도사관 열람실 지금 24시인거 맞지?
2022-10-04 15:28,0,그 뽀짝뽀짝 소리나는곳 어디야? 열람실이야 학관이야?
2022-10-04 15:17,1,"혹시 학교 내에서카카오뱅크 체크 카드, 검은 색 보신 분 있으시면 답글 부탁드립니다!어제 저녁 늦게 자유열람실 갈 때까지만 해도 있었는데 지금 찾아보니 없어서요.. 부탁드립니다..!"
2022-10-03 19:32,3,#행근딸 #메일총공 #개방이사나 도서관에서 공부하는데 개빡침. 중학생같은 여자애들 여섯명 정도가 우르르 몰려오더니 개시끄럽게 하는것부터 거슬렸는데 배터리 부족해서 충전해놓다가 집갈때돼서 보니까 모르는 핸드폰이 내 충전기를 쓰고있는거임. 내 핸드폰은 15%.. ㅅㅂ 3시간을 충전했는데 15퍼면 대체 언제부터 충전기도둑질을 하고있던건지? 앞에서 어리둥절해있으니까 몇명이 눈치보더니 내가 뒤돌아서자마자 핸드폰 휙 뽑아감. ㅅㅂ 걍 핸드폰 들고 열람실 나가볼걸 쫓아오나 안쫓아오나 보게. 진짜 짜증나죽겠어 왜이렇게 싸가지없고 몰상식하지.. 난 지금부터 2시 30을 열
2022-10-01 11:11,0,지금 모바일 학생증 안되는데 그럼 열람실 못들어가는건가?실물 학생증도 없는데..
2022-10-01 10:30,0,주말 학교 열람실 노트북 써도 되는 곳 있나요? 공지 확인해보려 했는데 도서관 접속이 안되네요..
2022-10-01 2:31,0,열람실에서 공부하다 담배 필때 주로 어디로 가?
2022-09-30 21:59,0,#개방이사 #메일총공우리 열람실 24시간이야?? 10시에 닫는거아니였어?
2022-09-30 21:21,0,#행근딸 #개방이사혹시 도서관에서 현재 24시간 운영되는 열람실있어??
2022-09-30 2:16,0,3년만에 등교했는데 열람실 바뀐건가요? 지나다니면서 보니까 입구도 사라진거같고 안쪽 풍경도 좀 달라진거같은데
2022-09-29 17:40,0,도서관열람실 문 또 쾅쾅닫힌다 아악.. 분명 한번 고친거같은데 이거 다시 어디에 건의해야할까
2022-09-29 13:15,0,"학교에 노트북 작업하기 좋은 곳 어디가 있을까 타자소리 때문에 열람실은 못 가겠고,, #행근딸 #개방이사"
2022-09-28 13:00,0,도서관 3층 열람실 공사 다 끝났어??
2022-09-27 19:14,0,#개방이사 #메일총공 도서관 운영시간 홈피에서 다 보고왔는데 밤 10시나 그 이상으로 할수있는곳 중에 음료마실수 있는곳 없어...? 밤늦게까지 하는곳이 1열람실밖에 없던데 열람실은 커피 안된다고해서
2022-09-26 13:37,0,시험기간에 열람실A도 24시간 쓸 수 있게 해주면 좋겠다나는 주로 노트북에 기록하면서 공부하는 스타일인데 열람실B 에서는 노트북 못 쓰니까 아쉬움…나도 학교에서 밤새면서 공부하고 싶어요
2022-09-25 13:25,0,그 인대쪽에서 도서관 입구 들어가서 계단 하나 올라가면 나오는 게 몇 열람실이야?
2022-09-24 18:36,0,도서관 열람실은 항상 24시인가요?
2022-09-22 22:23,0,도서관 열람실 몇시까지야? 10시까지인줄 알았는데 문 안닫네
2022-09-22 15:21,0,학교에서 노트북 사용하면서 늦게까지 공부할 수 있는곳 있나요? 노트북존은 밤되면 닫고 열람실은 노트북 사용금지라고 들어서요..
2022-09-20 22:23,0,요즘 3층 열람실 와이파이 잘 터져?
2022-09-20 22:23,0,도서관 3층 열람실 공사 다 끝났나요??
2022-09-20 14:42,0,도서관에 지문인식이나 발권 필요한 열람실같은 거 있나요?? 관련한 내용을 어디서 찾아야하는 건지 모르겠어요🫠...
2022-09-19 19:04,4,도서관 열람실 옆 화장실에서 백OO 덕우님 지갑 주웠어요! 학생 서비스 센터가 닫혀서 정문 캡스에 맡겼습니다.
2022-09-19 8:57,0,도서관 열람실 말고 2층에 소파 있는 곳도 9시부터해요?
2022-09-19 0:35,0,열람실에 사물함 있으면 좋겠다!
2022-09-17 23:18,0,혹시 자취하는 덕우 있어? 주말에 같이 열람실가서 공부 할 덕우 있으면 댓글 달아줘~
2022-09-16 18:45,0,혹시 열람실 a 11시까지 하는거 맞나요?
2022-09-16 9:20,5,도서관 열람실에서 에어팟 본체 잃어버린 덕우!학생서비스센터에서 보관 중이니 찾아가시기 바랍니다
2022-09-16 8:04,0,1자유열람실 A구역 노트북 사용해도 되는 거 맞겠지!!!? 빌런되고 싶지 않아..
2022-09-15 13:30,18,9월의 어느날 잠자는 숲속의 요정같던 미고💛
2022-09-15 13:05,0,오늘 열람실 이용 가능한가요?
2022-09-15 1:46,0,갓생사는 것 같은 기분 너무 좋아해서 도서관 열람실가서 앉아있고싶은데 몸이 안따라줘서 맨날 대강의동 2층에서 누워잇음ㅋ..
2022-09-15 0:12,0,도서관 열람실에서 자도 되나요..?
2022-09-14 0:09,46,학교야• 차관 와이파이 개선 좀 해줘ㄴ 전자출결 어플조차 안들어가짐• 인대 책상의자 좀 바꿔줘ㄴ 스티커 붙여있는데 구매일자 2000년임• 인대 씨유 다시 돌려줘ㄴ 다시 대면 정상화 됐으면 돌려줄법 하잖아요• 열람실 건물 화장실 개선해줘ㄴ 이건 진심 가보면 백번천번 이해 가능...혹시 이중에 현재 개선중인게 있다면 진짜 감격할테니까 알려줘..
2022-09-13 21:14,0,도서관 열람실 사용할 수 있어??
2022-09-12 10:47,0,도서관 앱 로그인 안되는데 그럼 오늘 열람실도 못들어가나요?
2022-09-07 17:44,104,"😱독서실 빌런이었다 썰 2탄😱'뭐...뭐지 여기 노트북 존 아닌가?? 나 또 뭐 잘못했나?? 어어 나 왜지 뭐지???""나는 흔들리는 동공으로 그분을 바라보며 수천가지 생각을 했고 그분이 내앞에 섰다.그리고 부끄럽게 웃으시며 쪽지를 건네시곤 슉 사라지셨다.???????😦나는 쿵쾅대는 심장과 함께 쪽지를 펴봤다.그리고 녹아내렸다.그렇게 사과하고 간 내가 신경쓰이셨는지 다시 쪽지를 전하러 오신것이었다.정말 너무 따수웠다. 우리 학교 오길 정말 잘했다.덕우 "
2022-09-07 17:21,0,"열람실 아직 커피,음료 반입 안돼??"
2022-09-07 14:04,0,열람실은 와이파이가 안되나요
2022-09-06 17:55,0,제 1 열람실 와이파이 뭐로 해야해? 3개 다 안되가지고!
2022-09-06 16:31,0,열람실 와이파이 혹시 휴학생은 못쓰나요오랜만에 학교왔는데 학번/포탈 비밀번호 쳐도 연결이 안되네요
2022-09-06 14:46,0,도서관 3층 열람실 지금 못 들어가?
2022-09-06 14:05,0,우리 열람실쪽 화장실 리모델링하는거 맞아??검색해봤는데 댓글에서 리모델링한다고 총학이 쓴 글 찾아보라는데 검색해봐도 도서관 꿀팁 이런거만 나와서... 인터넷 공사땜에 열람실이랑 노트북존 운영 안하는건 아는데
2022-09-06 11:15,0,도서관에서 음료 섭취 되나요?열람실 말고 그냥 책 있는 도서관 쪽이요!
2022-09-02 13:08,0,시험기간에 열람실에서 밤새고 학교에서 나눠주는 히피스 베이글 먹던 아침이 갑자기 생각난다..
2022-09-01 17:46,373,"📍까마득한 졸업생의 학교 생활 팁📍(내가 학교 다닐 때랑 달라진 게 많을 수도. 틀린 정보 있음 고쳐줘)1. 환절기에는 가디건이나 집업 등 걸칠 수 있는 거 챙겨 다니기. 날은 더워도 건물 안은 썰렁한 경우가 많고 (특히 인대) 이 시기에는 유독 개개인의 춥고 더움의 격차가 크더라. +) 통학하는 덕우들은 지하철 장시간 탈 때도 활용하기 좋음**2. 편하게 쓰기 좋은 화장실 (주관적임)-대강의동1,2층 : 화장실 칸이 많아서 왠지 안심됨-도"
2022-09-01 13:15,1,열람실 처음 와본 새내기… 도서관 건물이랑 왔다 갔다 4번하고 겨우 찾아서 왔습니다
2022-08-31 17:02,0,앞으로 학교 열람실 이용하려면 지문 등록 꼭 하는게 좋을까? 제1열람실만 이용할거긴 한데
2022-08-28 14:08,0,열람실 와이파이 되는지 아시는 분 제발.. help…..
2022-08-28 14:01,0,지금 열람실 와이파이 되나요?인대는 공사중인걸로 알아서요!
2022-08-28 13:12,0,열람실 지금 와이파이 되나요?인대는 오늘까지 공사하는걸로 알아서요!
2022-08-26 17:17,91,"내가 그동안 소소하게 모은 꿀까지는 아닌 올리고당 정도의 팁 있음(방수 파우치 그 덕우임)-공대 위주일 수 있음1. 차관 칠판 판서 잘 안 보이니까 개강 전에 안과 가서 예비 안경 맞추는 것도 나쁘지 않음.2. 말로 샌드위치+커피 사면 아메리카노는 1000원, 그 외는 500원 할인됨. 단, 쿠폰 도장X3. 음료수는 무조건 자판기. 학관 CU랑 동일한 가격이거나 싸다.4. 학식 5시 반 이후면 한식/라멘 말고 잘 안 함.5. 포켓 CU 앱 깔아서 '키핑' 쿠폰 요긴하게 쓰고 포인트 적립 많이하기."
2022-08-26 16:37,7,아 학교 도서관 열람실쪽 화장실 제발 리모델링 좀 해줬으면 좋겠다 찝찝해서 못가겠음 화장실쪽 쳐다보기도 싫어
2022-08-19 16:49,1,도서관 와이파이 이 정도로 안 되면 앞으로 그냥 말로가 도서관하자인강을 말로에서 다운받고 파일도 말로에서 정리하고  덕성 와이파이 이렇게 안 될거면 걍 열람실을 카페로 만들고 말로를 열람실로 바꿔
2022-08-16 19:41,106,이제 대면수업 하면 브라렐라 볼 수 있어?
2022-08-16 18:17,38,대면 시험기간에 소소한 웃안웃대강의동에서 수업들을때 제발 머리감아주세요 열람실에서 머리좀 감아주세요ㅋㅋㅋㅋㅋㅋㅋㅋㅋㅋ특히 추워서 히터틀때 냄새 몽실몽실 남ㅋㅋㅋㅋㅋㅋ
2022-08-16 16:31,5,"글삭된 글 뭔지 모르겠지만 강의실 내 불편한거 저격할땐 차라리 어디 강의실인지 제대로 까고 말했으면 좋겠음예대생들 작업하는 강의실이 한두개도 아닌데,,,학기중엔 특히 저격글 많이 올라오던데 난 작업중에 안 떠드는 편인데도 걍 광역저격글만 보면 나까지 찝찝함 내가 혹시 뭐 실수한적은 없나하고ㅋㅋ 그래서 어디가 문제인지 좀 제대로 명시해줬음 좋겠어 예를 들어 도서관도 어디 열람실에서 ㅇㅇ한 소리 내는 사람 그만해달라고 직접적으로 말하잖아 얼굴보고 말하기 싫으면 그렇게라도 저격했으면 함"
2022-08-12 17:08,0,학교 와이파이 정말 느리다... 특히 도서관 열람실 뭔 인강을 못 듣겠어
2022-08-05 0:56,1,제2 자유열람실 어떻게 리모델링 하려나 빨리 완성되면 공부하러 가고 싶다 기대됨!!
2022-08-04 21:41,16,"도서관은 대학혁신지원사업의 일환으로 제2자유열람실의 리모델링 공사를 시행하고자 합니다.아래와 같이 일부 공간에 대한 통제와 공사에 따른 소음으로 이용 시 불편이 예상되오니 양해 부탁드리며, 주변 통과 시 안전에 유의하여 주시기 바랍니다. 1. 공사예정기간: 2022. 8. 2. ~ 2022. 9월말2. 공사위치: 도서관 3층 제2자유열람실 및 노트북실3. 공사내용: 카페형 자기주도 학습공간 조성 (집중 및 개방형 학습공간, 협업공간, 개인 작업 및 휴게 공간 등)"
2022-08-04 18:55,0,이번 학기 다니는 17덕우들 있어?? 이야 내 동기들 다 졸업했다 교수님들도 다 어디갔어ㅋㅋ큐ㅠㅠㅠ비대면 싫어서 타공부로 2년 보냈더니 동기들 실종..이번 학기도 수면실은 당근 안열리겠지?? 게다가 열람실 머선일임 안그래도 시험 기간에 자리 없었는데 아예 반의 반 토막나게 생겼네
2022-08-03 13:59,0,오늘 도서관 모든 열람실 다 닫는 거 맞죠?
2022-08-03 12:49,0,오늘  24시간 열람실 여나요?
2022-08-01 14:17,1,오늘 열람실도 안열어?!
2022-07-30 13:37,0,도서관 제1자유열람실 노트북 사용 가능할까요?제가 찾아봤는데 딱히 아무런 게 없는 것 같아서 다시 한 번 확인 받으려고 글 써봅니다! 저녁 8시에 가서 하려는데 그때 열린 게 1자유 열람실 밖에 없어서요!
2022-07-21 18:39,0,휴학생도 열람실 이용 가능해??
2022-07-19 14:47,38,24시 열람실 가는방법
2022-07-13 13:27,21,도서관 이용 참고하세요~
2022-07-12 10:48,0,지금 학교열람실도 와이파이 안 되는거지??
2022-07-11 23:29,0,요즘도 도서관 열람실 음료 반입 금지인가요?
2022-07-10 13:54,0,학교 도서관 열람실 방학에도 여나..?
2022-07-09 17:06,0,요새 졸업생도 열람실 쓸수있나요?? 검색해봤는데 예전글이라서요!
2022-07-07 18:55,0,"열람실 들어가야 하는데 학교 도서관 어플도 홈페이지도 안 들어가져서,,, 개멘붕 ㅋㅋㅋㅋㅋㅋㅋㅋㅋ"
2022-07-01 17:23,0,제1자유열랑실이랑 24시간 열람실이랑 다른 곳인가요?
2022-06-29 14:01,0,학교 오랜만에 오는데 혹시 열람실 정수기 사라졌나요..? 어디있는지 아는 덕우있을까요??!!
2022-06-22 4:58,0,도서관 24시간 열람실은 방학 중에도 24시간이지?
2022-06-21 9:54,34,심심해서 학교 홈페이지 탐방하는데 이런거 발견..! 제2 자유열람실 리모델링 예정인가봐 대박 도서관 점점 좋아지네 신난다
2022-06-20 21:45,1,노트북실과 열람실사이 복도에서 뛰지말아주세요제가 시험기간이라 예민한걸수도 있지만 진짜 코끼리가 쿵쾅쿵쾅 뛰어다니는소리 나서 깜짝 놀랐어요
2022-06-18 0:25,0,방학에도 학교 열람실 이용 가능하죠?
2022-06-17 20:52,3,"😶‍🌫️개방이사(+총학관련) 정보 (.06.17ver) 🫂#개방이사 #행근딸 #끌올.<Q&A>1] 개방이사가 뭔가요?-> 첫번째 사진을 참고해주세요. 2] 무슨 상황인건가요? -> 개방이사로 인해 학생들의 많은 관심과 연대가 필요해요.자세한 상황을 알고 싶으시다면 ""개방이사"" ""확대회의"" 등 키워드를 검색하시면 기존 학우분들이 올린 내용을 볼 수 있어요. 제가 여기서 설명하는 것 보다 많은 정보가 있어 검색하시는 편이 궁금증 해결에 도움이 될 겁니다. "
2022-06-16 23:26,1,"😶‍🌫️개방이사(+총학관련) 정보 (.06.16ver) 🫂#개방이사 #행근딸 #끌올.<Q&A>1] 개방이사가 뭔가요?-> 첫번째 사진을 참고해주세요. 2] 무슨 상황인건가요? -> 개방이사로 인해 학생들의 많은 관심과 연대가 필요해요.자세한 상황을 알고 싶으시다면 ""개방이사"" ""확대회의"" 등 키워드를 검색하시면 기존 학우분들이 올린 내용을 볼 수 있어요. 제가 여기서 설명하는 것 보다 많은 정보가 있어 검색하시는 편이 궁금증 해결에 도움이 될 겁니다. "
2022-06-16 6:45,0,1열람실 덕우분들 죄송합니다.. 열람실 처음와봐서 문소리 저렇게 클줄 몰랐어요..
2022-06-16 5:28,0,나 궁금한게 있는데 그 우리 학교 도서관 리모델링하고 휴식시간? 휴?? 암튼 뭐 3층에 개쩌는 공간 만들었다고 하지않았나?? 근데 내가 3층 가니까 밀라쪽 계단 올라가면 열람실밖에 없고 또 차관쪽에서 가까운 계단 올라가니까 무슨 또 도서관밖에 없던데 대체 어디있는것임..? 나도 가보고싶다ㅡ......
2022-06-15 23:13,3,"😶‍🌫️개방이사(+총학관련) 정보 (.06.15ver) 🫂#개방이사 #행근딸 #끌올.<Q&A>1] 개방이사가 뭔가요?-> 첫번째 사진을 참고해주세요. 2] 무슨 상황인건가요? -> 개방이사로 인해 학생들의 많은 관심과 연대가 필요해요.자세한 상황을 알고 싶으시다면 ""개방이사"" ""확대회의"" 등 키워드를 검색하시면 기존 학우분들이 올린 내용을 볼 수 있어요. 제가 여기서 설명하는 것 보다 많은 정보가 있어 검색하시는 편이 궁금증 해결에 도움이 될 겁니다. "
2022-06-15 21:01,0,학교 밤샘하러 12시에 도착할거같은데 실물 학생증말고 모바일 학생증만 있어도 정문 출입가능한가요? 열람실도 출입가능한가요??
2022-06-15 18:15,0,"도서관은 처음이용해보는데요, 혹시 24시간 열람실이 있나요? 지문 등록을 안했는데 이용하려면 지문등록이 필수일까요? 감사합니다!"
2022-06-15 8:30,0,24시간 열람실은 어떻게 들어가??
2022-06-15 3:23,5,"어제까지 이 시간에 항상 열람실에 있었는데, 낮에 종강하고 지금 긱사에서 노래틀고 야식 먹으며 행복하게 에타 구경하니까 진짜 너무 행복해... 다들 종강까지 힘내고 끝까지 좋은 성적 받길 바랄게!!!"
2022-06-14 23:35,4,"😶‍🌫️개방이사(+총학관련) 정보 (.06.14ver) 🫂#개방이사 #행근딸 #끌올.<Q&A>1] 개방이사가 뭔가요?-> 첫번째 사진을 참고해주세요. 2] 무슨 상황인건가요? -> 개방이사로 인해 학생들의 많은 관심과 연대가 필요해요.자세한 상황을 알고 싶으시다면 ""개방이사"" ""확대회의"" 등 키워드를 검색하시면 기존 학우분들이 올린 내용을 볼 수 있어요. 제가 여기서 설명하는 것 보다 많은 정보가 있어 검색하시는 편이 궁금증 해결에 도움이 될 겁니다. "
2022-06-14 21:04,17,미고 보고싶다고 생각하고 있었는데 기적처럼 나타나준 미고...♥📌미고 위치 제보: 정문에서 열람실 가는 길
2022-06-14 20:02,31,18학번인데 결국 한 학기 휴학하고 나서도 학교 한 번 못가보고 동기 한 번 못사귀고 끝나네.. 전적대 동기들과는 아직 연락하는데 덕대 대학생활은 좀 아쉽긴 하다 확실히 대면 수업에서 직접 만나서 매주 얼굴 보고 인사 주고 받고 도서관 열람실 빌려서 같이 팀플하고 그런 과정 다 없어지니까 학교 혼자 다니는 것 같아 교수님도 그냥 인강 강의 듣는 것 같아서 종강 때 감동적이고 아쉬운 기분도 덜하더라 내내 교류가 없고 기계처럼 해야 될 일만 한 기분.. 코로나때문에 대학 생활 제대로 못누린 덕우들 고생 많았어.. 답답하고 힘겨웠지만 그만큼 더 수고했다고 위로해주고 싶다 
2022-06-13 23:44,8,"😶‍🌫️개방이사(+총학관련) 정보 (.06.13ver) 🫂#개방이사 #행근딸 #끌올.<Q&A>1] 개방이사가 뭔가요?-> 첫번째 사진을 참고해주세요. 2] 무슨 상황인건가요? -> 개방이사로 인해 학생들의 많은 관심과 연대가 필요해요.자세한 상황을 알고 싶으시다면 ""개방이사"" ""확대회의"" 등 키워드를 검색하시면 기존 학우분들이 올린 내용을 볼 수 있어요. 제가 여기서 설명하는 것 보다 많은 정보가 있어 검색하시는 편이 궁금증 해결에 도움이 될 겁니다. "
2022-06-13 23:33,0,아까부터 열람실에서 공사장처럼 덜컹덜컹 쾅쾅거리는 소리 나는 거 뭔가요?? 주기적으로 나서 뭔지 궁금해여
2022-06-13 22:51,4,알바 갔다가 학교 열람실 가서 공부하려고 왔는데 저녁을 못 먹어서 학교 앞에 kfc 들어와서 먹는 중인데 내 인생 최악의 실수다 이걸 먹고 돈을 내느니 차라리 내일 점심까지 굶는게 나을듯 아이스초코 마시는데 알갱이 엄청 찝히고 치킨패티 뻑뻑하고 양상추도 무슨 찹샐러드 양상추 모아놓은 줄 토마토도 두께가 초등학생 받아쓰기 공책 두께임 너무 화나 진짜 너무 화나🤬
2022-06-13 22:47,0,열람실에 커피 태이크아웃잔에 담긴 것도 반입 불가지? 바보같이 텀블러를 두고 옴 ..
2022-06-13 21:02,0,나 말하면서 쓰면서 공부해야되는 타입인데 10시 넘으면열람실 들어가야해서 답답함 허거덩….
2022-06-13 20:53,0,열람실 제발 문 좀 살살 닫아주세요
2022-06-13 20:26,0,1 열람실 b 구역에서 아이패드 써도 되나요..? 타이핑 이런거 없이 교안만 넘겨보면서 공부할겁니다…!
2022-06-13 18:06,0,자유열람실 덥다…
2022-06-13 15:15,0,열람실 연장해야하는 시간이 나 몰래 바뀌었니 6시간 아냐? 분명히 2시 넘어서 왔는데 왜 7시도 안돼서 반납된대
2022-06-13 3:44,0,열람실?
2022-06-12 22:26,0,지문 인식 안되어있는데 지금 열람실 들어갈 수 있나요?
2022-06-12 20:16,0,지금 학교 쪽에 비와?? 열람실 가려하는데
2022-06-12 17:07,0,열람실에서 마라탕냄새남 누가 먹었을까 부럽다...
2022-06-12 16:56,0,말하는 시험이라 계속 암기하면서 외워야 하는데 어디에서 하는 게 좋을까? 기숙사 열람실 다 안되니까 갈 곳이 없어.. 걍 길바닥에서 냅다 외워야 하나
2022-06-12 16:42,0,열람실 나만 덥나
2022-06-12 16:24,0,열람실에 발권하고 밥 먹으러 갔다오면 좀 그런가?
2022-06-12 2:15,0,혹시 도서관 열람실 약간 널널한 분위기는 어디야...? 열람실 별 특징 같은 거 있어?
2022-06-11 21:23,0,3일 안 씻은 머리에 모자쓰고 열람실 가면 좀 더러워???????????????? 더럽냐고더럽니??????????????
2022-06-11 19:05,0,아니근데 도서관 열람실 발권 안 하고 사용하는 건 대체 뭐야??… 딱 하나 괜찮은 자리 있길래 발권하고 딱 갔는데 이미 누가 있을 때의 당황스러움이란
2022-06-11 18:56,2,열람실 의자 끝까지 당기고 싶다………
2022-06-11 14:58,0,열람실쪽에 바퀴벌레 나왔다는소리듣고 n일째 열람실 못가는중 광광
2022-06-11 14:41,0,왜 열람실에서 마스크 안 쓰는 거야;
2022-06-11 11:58,0,오늘 도서관도 안열었고 오스카도 안열었지??열람실만 열린건가
2022-06-10 18:37,0,시험기간에는 일요일도 열람실 여는거 맞을까요?
2022-06-10 18:07,0,열람실 들어가는 문 지문인식 너무 안되는데 나만 그래?내 손이 이상한가…심지어 너무 안돼서 캡스 가서 다시 지문 등록하고 와서 하는데도 안돼
2022-06-10 16:49,0,열람실 휴게실에서는 취식 돼?
2022-06-10 13:22,0,24시간 열람실도 음료 반입 안되나?
2022-06-10 3:05,0,제1 자유 열람실 지금 발급 시간 아니라고 뜨는데 그냥 가서 앉아있어도 될까요..?
2022-06-09 23:58,0,지금 학교 근처에서 밥 먹을 곳 있나요? 먹고 열람실 가서 공부하려고요.. 저녁을 안 먹어서 소리 방해될 것 같은디
2022-06-09 19:30,0,"나는 내일 시험이고 동기는 시험 아닌데, 오늘 같이 학교 열람실에서 밤샘공부 하자는 거 너무 이기적이지..ㅎ 알면서도 괜히 같이 가줬으면 좋겠고 그러네..ㅎㅎ 여태 맨날 혼자 밤샘 잘 하다 갑자기 넘 외롭다 흑"
2022-06-09 13:19,0,주말은 열람실만 열어?
2022-06-09 13:17,0,난 아직도 학교 열람실 들어가는 방법을 모르겠어… 오늘 가서 밤새고 1교시 시험 보고 싶은데
2022-06-09 1:24,0,24시 열람실에서 커피 마셔도 돼??..
2022-06-09 0:14,0,열람실이랑 가까운 흡구아 어디야? 학관밖에 몰라서
2022-06-08 21:32,0,제 1 열람실 연장이 10시까지밖에 안되는데.. 뭐지.. ? 오늘부터 24시 아닌가
2022-06-08 21:15,1,제 1 열람실 드나들 때 다들 조금씩만 신경써주면 좋을 것 같아. 문이 닫힐 때 끝까지 잡고있지 않으면 소리가 되게 쾅 하고 크게 나서..! 시험기간 다들 화이팅이야~!
2022-06-08 17:53,0,열람실에서 밤 새본 덕우 새벽에 많이 추워? 반팔 긴바지 입을건데 겉옷 챙길까?
2022-06-08 17:26,0,열람실에서 비 오기 전에 돌아가려고 했는데 해가 더 쨍쨍해지고 있군
2022-06-08 17:04,7,📌핫게 부탁드려요! 도서관 대출실 분실물 공지 📌6/7에 1 열람실에서 습득하였습니다. 해당 물품은 도서관 2층 Information 카운터에 맡겨져 있습니다!
2022-06-07 22:09,0,열람실에서 밤 새본 덕우 있어? 안 무서워??
2022-06-07 21:50,0,열람실 좀 추운 편인가요 더운 편인가요??내일 처음 가보려고 하는데 반팔만 입고 가도 될지 아니면 얇은 아우터를 챙겨갈지 고민이 됩니다..
2022-06-07 20:30,0,오늘 왜 자유열람실 24시간 안하냐고.. 아 개오바
2022-06-07 20:17,0,학교에서 밤새려는데 아직 지문등록 안해놔서 24시 열람실 사용 못하면 학교 어디서 지내는 게 좋아??
2022-06-07 16:18,0,도서관 3층 테라피존 타이핑 가능해? 딱히 안된다는 말 없고 열람실 아니면 다 해도 되는건가?
2022-06-07 15:49,0,"제가 열람실을 처음 가봐서 그러는데, 열람실 자리 발권하고 짐 두고 밥먹고 다시 와도 되나요? 전에 에타 보니까 자리맡아두지말라 이런 글들이 있길래요!"
2022-06-07 13:09,0,학교 24시간 열람실(?)에서 밤 새본 덕우 있어?? 요즘 밤 새는 사람 많아? 안 무서울까??
2022-06-06 21:09,0,지금 학교 도서관 열람실 휴학생도 사용 가능한가요? 시험 기간이라 출입 불가인지 궁금합니다!
2022-06-06 21:09,0,"배 꾸루룩소리 심해서 열람실, 도서관, 스카 등 조용한 곳 같이 못 가겠다하면 너무 핑계같아? 나 진짜 물만 마셔도 꼬르륵꽐꽐 소리나서 안 가고싶은데 변명같이 느껴질까.."
2022-06-06 16:56,0,24시간 열람실에서 밤새서 공부한 덕우있어? 시험 전 날에 혼자 밤 새려고 하는데 무섭지는 않나해서
2022-06-06 12:52,0,"열람실 진짜 진짜 화장실 리모델링 해줬으면..오늘 화장실 보고 너무 놀랐어., ."
2022-06-06 1:07,0,지금 1시 6분인데 학교 자유열람실에서 공부하는 덕우 있어?? 도서관 앱 보니깐 다 사용중이길래.. 학구열이 참 뛰어나네
2022-06-05 19:59,3,🌟상금/이벤트 제도 도입🌟🔥야망덕우들 함께합시다!🔥미라클 덕모닝 <미덕 챌린지>5기 : 6.6.월 ~ 6.19.일 (2주)5기 신청 마감 : 6월 7일 화요일 1AM (월요일 중에 신청 시 월요일은 미인증처리로 시작하지만 나머지 인증 잘하시면 상금수령 가능합니다)🌺종강이 얼마 남지않았습니다! 종강 때까지 기말고사 과제를 위해 함께 미라클 모닝 달려봅시다~!!새로워진 미덕챌과 함께 규칙적인 생활과 알찬 아침시간은 물론!! 상금까지 받아가세요 ~!~!
2022-06-05 17:52,6,아 진짜 열람실 쪽 화장실 리모델링 좀 해줬으면 좋겠다
2022-06-04 23:23,0,24시간 열람실 책상의자 사진 있는 사람 있어?오래되서 불편하다는데 시설이 어떤지 궁금해!
2022-06-04 20:03,3,24시 열람실을 리모델링 해주든지제 1열람실을 24시간 개방해주든지둘 중 하나는 해줬으면 좋겠다...^^솔직히 리모델링은 멀은 것 같고 1열람실 24시간 개방해줬으면
2022-06-04 15:59,0,열람실 어떤날은 너무 춥고 어떤날은 너무 더워 OTL
2022-06-04 5:27,0,"학교 열람실 가본 덕우 도움 좀! 내가 한 번도 안 가봐서..< 24시간 열람실 vs 제 1 열람실 >어디 시설이 더 나?두 열람실 모두 물, 음료 섭취 안 되는거야?"
2022-06-03 20:02,0,열람실이나 노트북 존에 있는 분 중에서 반창고 있는분..
2022-06-03 17:52,0,열람실 휴게실에서 서브웨이 포장한 거 먹어도 되나요..? 그리고 간단한 대답하는 수업 들어도 괜찮나요?
2022-06-03 0:54,0,도서관 열람실 시원해??
2022-06-02 20:38,0,"새내기 나덕우내일 꼭 도서관도 탐방하고 열람실도 가보겠어,,"
2022-06-02 19:06,0,도서관 열람실 마스크좀 제발 칸막이에 숨으면 안보이나
2022-05-31 11:28,19,도서관 좋다는 말 많아서 기대했었는데실제로 가보고 솔직히 실망했음리모델링한 곳만 괜찮지 자주가는 열람실은 퀘퀘하고 먼지도 많고.. 열람실이 ㄹㅇ 리모델링 시급한듯
2022-05-30 13:12,0,"오늘부터 열람실에서 공부하다 밤 12-1시쯤에 기숙사 들어갈 건데, 룸메한테 많이 민폐일까..? 긱사 안에서 도저히 집중이 안돼서 밖에 나갈라했는디,, 참고로 룸메 11시쯤 자....ㅎ"
2022-05-28 22:06,8,특정인 저격아니고 열람실 주말에도 오는 입장으로 글 써봅니다.주말에 도자위분들도 안나오셔서 그런가 평일보다 심한거같은데 자리 발권좀 제대로 해주세요. 공부하고있다가 까먹었을수도있고 빈자리많으니까 그냥 앉으시는 경우도 있을텐데 좀 귀찮네요. 한두분은 아니어서요. 이정도면 그냥 문 열려있어서 들어오나?싶을때도 있어요. 자리야많고 다른자리 가면되지만 그냥..너무귀찮아요진짜..
2022-05-27 21:14,0,24시 열람실 첨가는데 찾아가기 쉽나요!?
2022-05-27 16:15,0,학교에서 오후 9시 이후에 동방이나 과방 말고 공부할 수 있는 곳 없을까요? 시험 기간 때에만 잠깐 지원하는 24시간 열람실이나 도서관 열람실 말고요! 평상시에 공부하고 싶습니다. 비대면 강의실이나 아무런 강의실에 공부하다가 쫓겨나서요..
2022-05-26 14:44,21,"학교에서 노트북 사용할때 사용가능한 구역인지 확인 좀 하고 사용하시면 안되나요? 1a 노트북존 도서관2층(들어오자마자) 타자 가능하고 나머지는 지양하는 공간인데 특정인 저격이 아니라 이번주만해도 도서관,열람실 너무 많이봐서요. 모든곳에서 사용가능한것도 아니고 도저히 노트북을 사용할 공간이 없는것도 아니고 주의좀해주세요."
2022-05-26 1:13,0,내일 학교에서 밤샘하려 했는데 과실 24시간이 30일부터 된다고 해서... 도서관 24시 열람실 처음 이용해보려 하거든! 근데 찾아봐도 잘 안 나와서 혹시 알려줄 수 있는 덕우 있을까?1. 24시 열람실 현장에서만 발권되는지 (따로 어플에서 예약하는 거 없는 건지)2. 노트북 쓸 수 있는지3. 쓸 수 있으면 콘센트 있는지4. 만약 노트북 못 쓰면 학교에 노트북 가능+24시간 공간이 있는지
2022-05-24 22:51,0,우리 열람실 몇시까지 있을 수 있지? 요즘에도 24시간 열람실 열려있나?
2022-05-24 22:10,0,24시 열람실 여나요? 몇 시까지 하나요?
2022-05-22 14:10,1,"🌟상금/이벤트 제도 도입🌟🔥야망덕우들 함께합시다!🔥미라클 덕모닝 <미덕 챌린지>4기 : 5.23.월 ~ 6.5.일 (2주)4기 신청 마감 : 5월 23일 월요일 1AM🌺축제도 끝났겠다, 이제 우리에게 남은 건 과제와 기말고사네요!😎 다시 규칙적이고 알찬 하루 보내겠다고 생각하신 덕우분들 많을 거라 생각합니다.새로워진 미덕챌과 함께 규칙적인 생활과 알찬 아침시간은 물론!! 상금까지 받아가세요 ~!~!🌺많은 분이 모일수록 더 많은 상금을 받아가실 수 있으니 많"
2022-05-17 14:24,0,224시 열람실도 음료 금지야?
2022-05-15 21:30,0,1관 사생이 2관 잉글리시존 사용해도 되나요? 1관 열람실 아직 안가봤는데 시설이 별로라는 소리를 들어서요.그리고 사무실에 명단 남기고 가야하는 지도 궁금해요!
2022-05-13 12:21,0,내가 예민한 건가? 스터디 카페도 아니고 도서관 열람실(우리 학교 아님)에서 누가 견과류를 먹는 건지 뭘 하는지 오도독거리는 소리가 한 시간 동안 들려서 환장할 것 같음 책상 중앙에 떡하네 음료 이외 취식 금지라고 써 있는데 아니 이런 거 기본 예절 아냐?
2022-05-11 12:15,2,"주말에 도서관 아르바이트 하고 싶은 분 있을까요?저는 다른 알바가 있어서 시간 되는 분이 하면 좋을 것 같아서 한 번 올려 봅니다.학마을도서관 기간제계약직 채용공고모집분야 : 단시간 근로자채용직급 : 기간제(단시간)채용인원 : 1명직무내용 : 주말 자료실 및 열람실 운영 보조, 주말 시설관리 및 보안근무시간 : 매주 토, 일 (주 2일, 1일 6시간)             : 13~20시 (휴게시간(16~17시)             : 2022.05"
2022-05-10 15:00,0,24시간 열람실 지금도 계속 하는거지?
2022-05-09 16:02,0,열람실 철문 문  닫혀있는거 어케들어가는건가요???? 뭐 버튼 누르라는데 뭐 누르는건지도 모르겠어요....
2022-05-09 0:50,2,🔥야망덕우들 함께합시다!🔥미라클 덕모닝 <미덕 챌린지>3기 : 5.10.화 ~ 5.22.일 (2주)3기 신청 마감 : 5월 9일 월요일 밤 12시🌞벌써 3기 모집을 하게 되었네요! 현재 야망가득 덕우분들과 활기찬 미라클 모닝을 진행하고 있습니다! 야망덕우들 환영합니다!!! 친구와 함께하시는 것도 좋습니다!하루를 꽉 잡고 싶은 야망있는 덕우들을 위한<미덕 챌린지> 미라클 덕모닝입니다.❗혹시 실시간 강의도 녹화본 믿고 미루
2022-05-06 12:33,0,우와 도서관 1층 열람실 바닥에서 손바닥 1/2만한 거미 발견 신기해서 사진도 찍음.
2022-05-05 8:44,0,오늘 도서관 열람실 운영해??
2022-05-04 20:23,0,열람실 방학 때도 문 여나요?
2022-05-03 16:19,0,"질문드릴게 있습니다.1. 문서 타이핑 없이 강의만 들을거면 노트북 가지고 열람실에서 강의 들어도 되나요?2. 키스킨이 없는데, 노트북존에서 타이핑 가능한가요?"
2022-05-03 14:50,2,시험기간 끝나서 하는 말이지만 제 1자유 열람실 쪽 개찰구같은거... 너무 시끄럽지 않아? 가끔 학생증 인증이 안되는 오류가 나는건지 입구가 안열려서 계속 삑삑거리고 덜컹덜컹 거리는 학우들이 있는데 이게 매번 갈 때마다 이런 일 있던데 너무 시끄러워서 집중도 안되고 결국 안가게 되더라고...덕우들이 문제라는게 아니라 고장 오류가 잦은 개찰구같은게 불편하단 이야기야!! 근데 에타에는 이런 글이 없는거 같아서 나만 이게 불편한가 싶어. 고장나서 그런거면 고쳐달라고 하고 싶은데 어디다 이야기해야할까?
2022-05-02 0:54,2,🔥야망덕우들 함께합시다!🔥미라클 덕모닝 <미덕 챌린지>3기 : 5.9.월 ~ 5.22.일 (2주)3기 신청 마감 : 5월 8일 일요일 밤 12시🌞벌써 3기 모집을 하게 되었네요! 현재 야망가득 덕우분들과 활기찬 미라클 모닝을 진행하고 있습니다! 야망덕우들 환영합니다!!! 친구와 함께하시는 것도 좋습니다!하루를 꽉 잡고 싶은 야망있는 덕우들을 위한<미덕 챌린지> 미라클 덕모닝입니다.❗혹시 실시간 강의도 녹화본 믿고 미루고
2022-04-30 16:13,0,열람실 와이파이 어떻게 쓰는거죠..?윈도우로 하는데 설치해서 실행까지 했는데 안됩니다..학번 비번 둘다 맞게 쳤어요..
2022-04-30 1:28,0,"주말에 학교 도서관에서 공부하려고 합니다.제1자유열람실 A에서는 노트북 사용이 가능하고, 24시간 자유열람실에서는 노트북 사용이 불가능한걸로 알고 있는데 맞나요.??"
2022-04-28 11:54,0,선배님들! 도서관 열람실을 이용해보고 싶은데.. 그냥 들어가서 앉으면 되나요? 아니면 자리를 선택하는 곳이 있나요?저번에 도서관에 가봤는데 키오스크에는 열람실 선택하는 부분이 없던데 어디서 뭘 해야하는지 모르겠어서 여쭤봅니다...!
2022-04-27 20:54,0,도서관 열람실에 앉아있는데 노래소리 들리네… 살짝 교회 느낌으로 들림…
2022-04-27 19:32,0,방금 열람실 큰소리 죄송합니다...
2022-04-27 0:24,0,ㅈ금 24시간 열람실 열지?? 사람 많아??
2022-04-25 21:44,0,밤에 열람실 지문 등록해야 들어가?? 어디서 등록해야하지
2022-04-25 20:39,0,24시 열람실에 사람들이 별로없네..? 다들 시험 끝낫나봐..?(질투
2022-04-25 19:22,0,열람실은 안 가?
2022-04-25 2:07,0,열람실에서 밤새는 중인데 너무 배고프다... 배고파서 내 꼬르륵 소리가 열람실에 울려 퍼질 것만 같다...
2022-04-24 20:03,0,열람실에서 웃음 터지면 죽고싶어
2022-04-24 19:58,0,요즘 학교 24시 열람실 열지?
2022-04-24 16:19,0,열람실 휴게실에서 노트북 작업 가능한거 맞나요?
2022-04-24 15:42,0,열람실에서 잠시 웃긴거보다 웃어 뒤집어질거같으면 어떻게해?
2022-04-24 0:41,0,24시간 열람실에 있는 사람...? 문 어떻게 열지
2022-04-23 22:12,0,열람실에서 공부중인 사람 없겠지..?ㅋㅋ
2022-04-23 20:55,0,혹시 우리학교 열람실 사진있는덕우 있어? 전체적으로 찍은거!
2022-04-23 17:56,0,24시 열람실 원래 새벽에는 연장 안돼? 새벽에 연장하려고 보니까 이용가능한 시간이 아니다 이런식으로 뜨길래
2022-04-23 16:23,0,🔥야망덕우들 함께합시다!🔥미라클 덕모닝 <미덕 챌린지>2기 : 4.25.월 ~ 5.8.일 (2주)2기 신청 마감 : 4월 24일 일요일 밤 12시하루를 꽉 잡고 싶은 야망있는 덕우들을 위한<미덕 챌린지> 미라클 덕모닝입니다.❗혹시 실시간 강의도 녹화본 믿고 미루고 계신가요?❗혹시 과제를 데드라인 직전까지 미루면서 괴롭게 놀고 계신가요?❗자기계발을 하고 싶은데 시간이 없다는 핑계로 미루기만 하고 계신가요?❗좀 더 활기차고 주도적인 
2022-04-23 11:49,0,주말 열람실에 사람 많아??
2022-04-23 10:18,0,열람실  휴학생은 못쓰나요?
2022-04-23 0:29,0,24시 열람실 히터트나요?
2022-04-23 0:12,0,노트북 타이핑 안하고 몇시간동안 그냥 강의듣고 필기만 할거면 어디가 제일 적당할까? 전부 한 번도 안 가봐서 어디부터 가야할 지 모르겠어 오스카라운지/열람실/비대면강의실/도서관로비? 이정도로 알고 있는데 적합한 장소 추천 좀..!!
2022-04-22 23:51,24,어제 24시간 열람실 옆 휴게실에서 공부하다가 새벽 3-5시쯤 잤거든? 그 의자에서 누워서 새우잠 잤는뎈ㅋㅋ 어떤분은 계속 공부하시고 다른 덕우분들 3분정도 쪼르륵 같이 잤던 게 기억나... 자다가 깨서 보면 덕우분들 너무 곤히 주무시고 계셔서 흐뭇..하며 엄마미소짓다가 졸려서 다시 기절하고... 결국 자다가 미화원분께서 청소기 돌리시는 소리 듣고 깼어 ㅋㅋㅋ 너무 재밌었어... 낭만
2022-04-22 22:26,0,도서관 24시 열람실 자리마다 콘센트 있나요?
2022-04-22 22:11,0,나 1n 학번인데 열람실 갈때 코로나 이전처럼 똑같이 가면 되는겨? 아님 달라??
2022-04-22 19:48,0,24시 열람실 새벽에도 사람 많아? 오늘 가서 새벽까지 있으려고 하는데 혼자 있으면 무서울것 같아서
2022-04-22 19:04,1,안녕 열람실이야
2022-04-22 4:16,0,24시간 열람실 이용하고 있는 덕우 있어?? 휴게실 어떻게 생겼는지 궁금하다 그냥 소파 몇 개 갖다 놓은 정도려나
2022-04-22 0:22,0,주말에 열람실 가자~
2022-04-21 22:49,0,나 내일 생일인데 열람실에서 잠시 나와 초불고 들어와야지…
2022-04-21 18:56,0,오늘 별로 안춥길래 맨투맨만 입고 열람실왔는데 밤에 어떻게 가지추워..
2022-04-21 17:10,5,24시 열람실 말고 1열람실 24시로 열어줬음 좋겠다...시설 오지는 열람실 놔두고 굳이 오ㅑ....!!
2022-04-21 14:43,0,열람실에서 반팔(약간 티셔츠는 아니고 런닝같은 느낌?) 입고 있어도 안 이상하지..?
2022-04-21 13:21,0,열람실 갈건데 칫솔 쓰던거 들고갈까 아님 새거 들고걸까?
2022-04-21 8:50,0,화요일 밤에 샤워했고 모자쓰긴싫음데 이 상태로 열람실 가면 좀 그런가..?
2022-04-21 6:24,0,학교에서 밤새는 덕우들 열람실에서 새는거야??
2022-04-21 2:18,17,"제1 열람실(24시간 하는) 화장실 칸에서 4/21일 2시경 이어폰 주웠습니다. 쪽지 주시면 보관해둔 위치 알려드릴게요.오늘 집 갈때까지 연락 없으시면 일단 제가 가져가고,저 학교 앞에서 자취해 전달 용이하니 늦게라도 연락해주세요!"
2022-04-21 0:08,0,24시간 열람실 연장 두시간씩 밖에 안되나요?
2022-04-20 22:26,0,지금 24시간 열람실 갈까 말까..학교 5분컷인데
2022-04-20 22:16,0,24시간 열람실 사용하다가 잠깐 자취방갔다오려고 말로쪽으로 나왔는데 어디로 나갈 수 있는 건가요...???? 갇혔어요... 도와주세요
2022-04-20 21:19,0,24시간 열람실 타이핑 가능?
2022-04-20 21:04,0,와씨 열람실 개더워
2022-04-20 20:15,0,지문인식이 왜 열람실만 안되는걸까?다른 건물은 다 되는데 열람실만 문이 안 열려캡스 가서 말해야 되나..?
2022-04-20 19:06,0,열람실 화장실에서 똥 눌때 사람 있으면 너무 민망쓰.. 소리 들리고 냄새 날까봐…..
2022-04-20 17:47,0,열람실에서 옆자리 사람이 해드셋이나 이어폰 쓰고 있는데 소리가 다 새어나오면 어떻게 해..? 조금과장해서 무슨 내용인지도 알겠는데..
2022-04-20 17:30,0,오늘 밤 샐 예정인 저 좀 데리고 가주세요열람실에 있다가 긱사에서  다시 새벽 2시쯤 할 예정입니다!!
2022-04-20 15:00,0,타임랩스 열람실에써 찍고싶운데 소리 안나는 어플 추천 좀!! 아이폰이야
2022-04-20 14:16,0,24시 열람실 콘센트있어?
2022-04-20 13:00,0,도서관 열람실 내에서 책 보는건 대출 안 해도 되지??
2022-04-20 12:31,0,24시간하는 열람실 정확한 위치가 어딘지 아시나요?
2022-04-20 12:02,0,열람실이나 도서관 사물함 유료인강ㅅ?
2022-04-20 5:16,0,열람실 왔는데 문 앞에 노랑뿔잠자리 다리달린 그 친구 있어서 못 들어가는 중… 다른 문 없겠지…
2022-04-20 4:59,0,열람실 이따 아침부터 열려있을까요? 24시간 개방이라고 해서요!
2022-04-20 2:56,0,24시간 열람실 자리에 콘센트 당연히 없겠죠..?? 제1열람실 b구역처럼 생겼나요?
2022-04-20 2:49,0,24시간 열람실에 노트북 안 되는 건 아는데혹시 그러면 노트북으로 강의 틀어놓기만 해도 안될까요?
2022-04-19 23:50,0,아직 차관 비대면강의실 열람실 오스카라운지 등등 자습실 같은 곳 한 번도 안 가본 덕우 있어? 나 도전해보고 싶은데 혼자 뺑뺑거리다 올까봐 자꾸 긱사에만 쳐박혀있게됨ㅋㅋㅋㅋㅋㅋㅋㅋㅋㅋ
2022-04-19 19:32,0,24시간 열람실이 주말에도 하던 곳이랑 다른 곳인가요? 24시간이면 문 닫는 시간없이 계속 하는 거 맞나요? 그리고 노트북 타자 치는 거도 가능한가요?
2022-04-19 18:31,0,오늘에서 내일 넘어가는 시간에 24 열람실 하려나?
2022-04-19 17:52,0,한 6시 반쯤 가면 열람실 지문 찍어야 할까?
2022-04-19 16:35,0,님들아 낼부터 24시간 열람실 개방해??
2022-04-19 12:47,0,혹시 매직마우스 쓰는 덕우 있어?! 이거 소음 좀 있는 편이야? 열람실 같은 곳에서 쓸 만 한가… 생긴 건 무소음같이 생겼는데
2022-04-19 12:21,0,제1 자유열람실 콘센트는 따로 없나요? 있다면 어디에 있는지 알려주실 학우분..
2022-04-19 12:19,0,제1 자유열람실 콘센트는 따로 없나요? 아는 학우분 도와주세요..
2022-04-19 11:14,0,오늘 열람실 이용하려면 지문 미리 인식해놨어야 하는 건가요?
2022-04-19 10:54,0,내가 스터디카페 노트북존이나 열람실 같은 곳에서 쓰려고 키스킨을 샀거든?! 근데 방금 써봤는데 생각보다 트랙패드… 소리가 큰 거야 무소음 마우스 사야할까? 하
2022-04-19 10:26,0,비대면 시험 집 근처 도서관 열람실에서 봐도 되려나
2022-04-19 8:57,0,도서관 문 닫혀있는데 열람실 어떻게 들어가나요…???
2022-04-18 16:22,2,열람실 발권했는데 누가 거기서 옷으로 얼굴 다 가리고 푹 자고 있길래 깨우기도 뭐해서 걍 반납하고 나옴.. 연장 바로바로 해주라…. 도자위도 없어서 말도 못했어
2022-04-18 16:06,0,나도 열람실이야
2022-04-18 15:43,0,열람실에서 노부라로 있어본 적 있어?
2022-04-18 14:25,0,도서관 라운지 자리는 최대 30분정도 밥 먹고 올때도 가방 챙겨서 나가야하나? 열람실 말고
2022-04-18 11:52,0,도서관 일반열람실은 예약없이 쓸수있는건가요? 홈페이지에는 현황만 보이고 예약페이지는 안보이네요
2022-04-18 8:57,0,열람실 안여는거 아니였나요?? 이제 개방하나요?
2022-04-18 2:45,0,노트북존이랑 열람실1A에서 키스킨 없이 타자 치면 민폐일까요..?
2022-04-18 0:19,0,여덟시에도 열람실 들어갈 수 있나요?
2022-04-17 23:15,0,열람실 화장실에서 양치해도 되나요?
2022-04-17 18:07,0,헤헤 원래 열람실 키보드 타이핑(ㅈㄴ 열정적으로) 하는거 안되는건데 헤헤
2022-04-17 17:34,0,우리 열람실 아직도 9시야??대체 왜 ??
2022-04-17 17:20,0,으아악! 열람실 문 좀 살살 닫아줘~~!!!! plz 🙏
2022-04-17 16:27,0,저메추🙏🏻 열람실에서 공부하다 혼밥할꺼야
2022-04-17 16:18,0,지금 열람실 못가..? 열람실 가서 공부하려 했는데
2022-04-17 14:49,0,열람실에서 물 마셔도 되는거였어..? 나 항상 밖에서 마셨는데..ㅋㅋㅋ
2022-04-17 14:34,0,열람실 지금 열었나요? 도서관 홈페이지에도 토요일은 명시되어 있는데 일요일은 적혀있지 않네요법정공휴일 휴관인데 일요일은 어떤가요?
2022-04-17 13:14,0,열람실에 사람 많나요?
2022-04-17 4:03,0,노트북 쓰면서 공부 하려면 도서관 1층 2층은 말고 열람실이나 노트북존 가야 하나요?
2022-04-16 19:53,0,학교 열람실 일요일에도 하나요?
2022-04-16 16:53,1,사랑하는 덕우들~~ 열람실 나갈때 쾅 닫히니까 문 살살 부탁해요~~
2022-04-16 15:17,0,열람실 안에서 벌 날라다니는 거 봤는데 어떻게 해야 하나요..?
2022-04-16 14:49,24,이거야... 열람실 부적...무서워서 손도 못 댔는데 진짜 이거 뭐야...
2022-04-16 14:21,0,열람실 화장실에 귀신 같은 거 나오나…? 왜 부적이 있는거지….?
2022-04-16 13:43,0,열람실인 사람 끼반 보고 말걸어주
2022-04-16 11:51,0,나 지금 학교 갈말 고민중인데 열람실 자리 많아??
2022-04-16 11:13,0,지금 열람실 소리 나는거 뭐야?
2022-04-16 11:09,0,"도서관 3층 열람실, 노트북 존에 텀블러는 들고 들어 갈 수 있나요? 섭취만 안 하면 되는 걸까요??"
2022-04-15 23:47,2,학교 안에서 카드를 잃어버렸는데 아마 카메말로 아니면 열람실로 추정하고 있어요. 하얀색에 농협nh체크 카드 오*연 입니다. 혹시 보신 분 있나요....?
2022-04-15 18:56,0,열람실 1A에서 키보드랑 마우스 써도 되는 건가요??
2022-04-15 16:23,21,핫게보고 생각나서 올리는 새내기 때 졸면서 필기하다가 적힌거 ㅋㅋㅋㅋ (퇴행어 좀 주의)열람실에서 졸다가 손 움직이면서 잠 깼는데 저거 써져있어서 개놀람ㅋㅋㅋㅋㅋㅋ
2022-04-15 1:59,0,우리 도서관 열람실 밥먹고 오려면 몇시간만에 와야 해?
2022-04-15 0:04,0,제가 우리 학교 도서관 열람실에 한 번도 안 가봐서 그런데요... 혹시 열람실에서 공부하다가 너무 피곤해서 1시간 정도 자면 주변에서 이상하게 보나요...? 코 골고 이러는 거 말고 그냥 냅다 엎드려서 1시간 조용히 있다가 일어나는...
2022-04-14 21:15,0,열람실에서 공부하려면 무조건 지문등록 해야 하나요?
2022-04-14 20:30,0,도서관 열람실이나 테라피실 이용할 때 밥 먹으러 1시간 정도는 비워도 괜찮을까요? 테라피실은 발권을 안 뽑아서 약간 걱정이더라고요 밖에서 안 사먹고 집에서 먹고 다시 오려는데 40-50분 정도 걸려서요!
2022-04-14 20:11,0,아악 24시간 열람실 개장 기다렸는데 안하네 쩝
2022-04-14 16:34,0,노트북존에 있는 소파 말고 그 오른쪽에 있는 스카 책상 같은 거 사용하려면 어떻게 발권해야 하나요? 거기도 자유열람실인가요?
2022-04-14 16:23,0,그래서 지금 제 1 자유 열람실 이용시간이 23시까지 인거 맞죠...?? 도서관 홈페이지에 나와있는 사진들 2개가 다르게 써져있어서 질문 올립니다
2022-04-14 15:24,0,코로나후에 학교 이번에 처음가는데 요즘 열람실에 사람 많나요? 마주보고 앉을정도로 많으면 신경쓰여서 학교 안가려고요
2022-04-14 14:21,1,"코로나 이전에도 학교다니던 사람인데 열람실 새로 생긴 곳 심히 감격스럽다,,,,,,, #행근딸"
2022-04-13 23:47,0,열람실 6시부터라는데 진짜 6시에 문 여나?
2022-04-13 22:44,0,도서관 열람실에 랜선 연결할 수 있는데가 있을까요 ..?
2022-04-13 18:53,0,열람실 A19쪽에 혹시 흰색 우산이 있나요… 있다면 제가 까먹고 놓고 간건데 쓰실 분 쓰세요^^…
2022-04-13 16:55,0,3층 열람실에서 노트북 타자 쳐도 되나..?3층 열람실은 24시간이지??
2022-04-13 13:54,2,열람실에서 커피나 물 못 마시는 거 너무 함들다....내 목 완전 사하라 사막이야....
2022-04-13 10:32,0,"수업 끝나고 저녁까지 공부하시는 분들 보통 어디서 하시나요?도서관은 항상 꽉 차있는 느낌..열람실이랑 노트북실은 음료 반입하면 안돼서 가기 싫어요,,"
2022-04-12 23:12,0,"혹시 도서관 열람실이나 공부하는 곳 이외에도 학교내 열람실 같은 곳에서 지켜야하는 규칙 있을까요?뭐 물, 음료 마시는 거 금지라거나 이런거요!"
2022-04-12 21:39,0,열람실 아직 다 10시까지죠?
2022-04-12 21:21,0,열람실 아직 10시까지지?
2022-04-12 16:58,0,열람실에 발권하고 가방 뒀는데 만약에 도서관 문 닫을 때까지 안 가면 다음날 짐 그대로 있나..?
2022-04-12 16:16,0,열람실 에어컨 틀어달라고 하고싶은데 어디에 문의하면 되나요?
2022-04-12 10:56,0,도서관 왜 나왔다가 두번째로 들어가면 모바일 학생증 대도 안 열리지?? 열람실도 그렇던데 이거 때문에 왕불편함
2022-04-11 21:56,0,도서관 열람실에서 시험 봐도 돼?
2022-04-11 18:46,0,학교 도서관 자유열람실에서 실강 들어도 돼? 말하거나 타자치는 거 없는 수업인데 캠은 켜야해서. 자유열람실은 그냥 노트북 사용 자체가 안되나?
2022-04-11 13:34,0,24시 열람실 안하는 거야?
2022-04-10 17:32,0,지금 도서관 열람실에 사람 많나요? 저번에는 밤 시간때에는 거의 없는 것 같아서요!
2022-04-10 17:05,0,도서관 열람실 바뀐책상 사진있는사람 좀 올려주라.. 나 너무 궁금해
2022-04-10 16:52,1,우리 도서관 열람실 책상 바뀌었어??? 혹시 콘센트도 생겼을까?
2022-04-10 16:37,571,주말에 열람실 가는 방법 😛에타에 주말 열람실 어디 통해서 가는지 모르는 덕우들 많아서 사진으로 설명할게!
2022-04-10 15:29,0,24시 열람실 언제부터야?
2022-04-09 20:04,0,🔥야망덕우들 함께합시다!🔥미라클 덕모닝 <미덕 챌린지>1기 : 4.11.월 ~ 4.24.일 (2주)1기 신청 마감 : 4월 10일 일요일 밤12시하루를 꽉 잡고 싶은 야망있는 덕우들을 위한<미덕 챌린지> 미라클 덕모닝입니다.❗혹시 실시간 강의도 녹화본 믿고 미루고 계신가요?❗혹시 과제를 데드라인 직전까지 미루면서 괴롭게 놀고 계신가요?❗자기계발을 하고 싶은데 시간이 없다는 핑계로 미루기만 하고 계신가요?❗좀 더 활기차고 주도적인 
2022-04-09 19:38,0,오늘 열람실 11시까지해? 지금이라도 갈까.?
2022-04-08 17:36,0,열람실 와파 잘 돼?
2022-04-08 17:00,0,열람실 말고 도서관도 10시까지야?
2022-04-07 20:25,0,대체 열람실이 어딘가요...? 어제 학교 일찍 가서 공부할라고 오후수업인데 점심때쯤 갔는데 그 오스카라운지?? 카페말로 있는곳 그 건물에서 2층이 제1열람실이라고 써있길래 올라갔더니 코로나 휴관이라고 써있고... 사람도 없고.. 결국 말로가서 했어요 ㅋㅋㅋㅋㅋ 저같은 새내기없나요...? 대체 어디로가고 어디서 좌석 선택하는건지 도통 모르겠어요 살려주십쇼 선배님들!!!!
2022-04-07 3:30,0,도서관 열람실 아직은 10시까지지? 24시간 아니고??
2022-04-06 19:52,3,시험기간이라 빡공하는건 알겠는데문 닫을 시간되면 후딱 나가줫으면 하는 바람....저도 퇴근하고 집 가서 쉬고 공부하고 싶어요.....퇴실 시간 빨라서 싫으면 독서실 가거나열람실 가주시길...마감 시간이라고 나가달라고 눈치줘도 끝까지 강의 듣다가 느기적 느기적나가는거 볼 때마다.. 넘나... 속이 답답....
2022-04-06 11:33,1,도서관 열람실 가는 길을 모르겠어요 ..
2022-04-06 8:23,0,열람실은 6시부터인거지? 근데 도서관 통해서 가야되는데 도서관은 9시에 열고 열람실은 6시에 여는게 가능해?
2022-04-05 16:37,15,에어팟 열람실 a에서 주워서 도서관 2층 카운터에 맡길게요 찾아가세요~
2022-04-05 13:12,0,노트북 사용 불가인 열람실에서 강의 보기만 하는 건 되나요? 타자만 안치면 괜찮은거겠죠
2022-04-04 17:43,0,도서관 열람실 나만 너무 덥나.. 땀 날거같아 반팔입어도
2022-04-04 15:43,1,🔥미라클 덕모닝 <미덕 챌린지>🔥(이번주는 체험판/ 다음주 시작)하루를 꽉 잡고 싶은 야망있는 덕우들을 위한<미덕 챌린지> 미라클 덕모닝입니다.❗혹시 실시간 강의도 녹화본 믿고 미루고 계신가요?❗혹시 과제를 데드라인 직전까지 미루면서 괴롭게 놀고 계신가요?❗자기계발을 하고 싶은데 시간이 없다는 핑계로 미루기만 하고 계신가요?❗좀 더 활기차고 주도적인 하루를 살고 싶으신가요?❗사는 대로 생각하는 게 아닌 생각하는 대로 사는 삶을 살고 싶으신가요?
2022-04-03 10:53,1,24시 열람실 열었으면 좋겠다집에서 공부 뒤지게 안함ㅋ
2022-04-03 1:04,47,"도서관 너무 짜증나내가 3월 초에 도서관 홈페이지 공지사항 다 체크하고 토요일에 열람실에 갔단말야?근데 제1열람실 잠겨있고 캡스한테 물어봤더니 안연다고 함그다음주 평일에 사서분인지 도자위분께 물어봣는데 주말에 일하는 분 없어서 열람실 안한다고 함일단 그러면 첫번째로 도서관 공지사항 왜 수정안하는지??두번째로 ,그다음주 주말에 전기 설치 공사한다고 이번주 주말은 열람실 안연다고 문자왔길래뭐임? 그럼 원랜 주말에 여는게 맞다는거임?띠용"
2022-04-02 18:41,0,오늘 자유열람실 1-a에 앉았는데 마우스를 두고 온 것 같아요. 아직 그대로 있나요? 확인가능하신 분 있을까요?
2022-04-01 10:44,0,제1 열람실에 각 자리에 있는 코드 이제 사용 가능해?
2022-03-31 12:29,0,전에 24시간 열람실에서 자리발권안하고 도자위들이 나가라할때도 힘으로 이겨먹고 그래도 와서 노트북쓰고 무슨 시험공부했던 졸업생 이젠 안오나? 갑자기생각났어ㅋㅋㅋㅋ 가끔 열람실에 발권안하고 있는 사람들보면 설마...? 하게됨 안오니까 궁금하네
2022-03-31 1:06,0,도서관 열람실에서 다시 문 열고 나가려면 지문 인식해야 하던데 지문 등록해야 되나요..?문 못열어서 결국 다른 계단으로 내려갔어요..
2022-03-30 1:10,0,도서관 1층 열람실에서 패드 써도 되는거야? 소음만 안나면 괜찮을려나?  #행근딸
2022-03-29 21:03,21,혹시몰라 열람실 사용시 궁금할까봐 글 남겨둠!나도 계속 서치했는데 바로 안나오더라구열람실 1a ( 1열람실 ) 노트북실 오스카라운지 노트북사용 가능1a에 있으면서 노트북 못쓰고 있던 사람이..
2022-03-29 20:48,0,키보드나 마우스는 열람실에서 못쓰지?
2022-03-29 19:46,0,도서관 열람실은 어디로 들어가야 하나요..?이층 올라가면 노트북존이랑 회의실? 만 있고 철문은 안열리던데
2022-03-29 19:05,2,열람실 자리 발권하고 앉아주세요 도서관처럼 그냥 앉는곳 아닙니다
2022-03-29 18:15,0,학교 도서관 도대체 왜 이렇게 공기 답답한 것임 ... 자료실 공기 개갑갑해서 열람실로 도망왔는데 열람실은 더 답답하네 진짜... 이용을 할 수가 없음 숨이 턱 막혀 ㅋㅋ 히터 좀 어케 하고싶은데 왜 로비에 사서쌤 안계시지 하아..
2022-03-29 16:46,0,열람실에서 커피 마셔도 되나요?
2022-03-29 16:13,0,학교 랜선있는 열람실 왜안열어주는거야 진짜ㅡㅡ 와이파이도 안좋은데
2022-03-28 14:56,0,도서관 열람실 어딨나유 ..
2022-03-28 6:42,0,학교에 아침 7시쯤 공부할 수 있는 공간이 있나요? 저번에 도서관 가서 하려고 했는데 열람실 같은곳도 다 9시에 여는거같던데..맞나요?
2022-03-25 14:57,0,오늘 도서관에서 책 대출했는데 도서관 앱으로는 대출 확인 못하나요? 반납일자같은거 확인하고 싶어서 앱으로 들어가봤는데 앱은 열람실 내용만 있어서요...
2022-03-24 12:34,0,학교 도서관이 두 개인가요? 책 빌리는 곳이랑 공부하는 열람실 같은 곳이 따로 있는 것 같던데…
2022-03-23 19:26,0,"학교에서 실강듣는 덕우들핮테 궁금한점인데 , 내가 학교를 처음가서!! 도서관에서 들을 수 있다 오스카라운지 가능하다는 점은 알고있는데 혹시 태블릿을 충전하면서 강의를 들을 수 있는 곳 있을까? 마이크는 안 켜도 돼!!! 도서관도 열람실이 진짜 많더라고…!!!!"
2022-03-20 16:18,0,지금 차관이나 도서관 열람실 열려있나요?!???!!!
2022-03-19 22:08,0,열람실 낼은 당연히.. 안 열겠지..?
2022-03-19 14:28,0,와 도서관 열람실까지 음쓰냄새나네..
2022-03-19 1:01,0,#행근딸주말에 열람실에 사람 많으려나?
2022-03-18 19:45,0,도서관 열람실 일요일은 안여나요?
2022-03-18 19:23,0,이거대로면 내일 도서관 열람실 문 여는 거 맞죠…?? 혹시 바뀌었나요
2022-03-16 0:03,0,도서관 3층 열람실이 독서실처럼 공부할 수 있는 공간 맞아?
2022-03-15 12:34,0,도서관 열람실 말고 일반 도서실에서도 공부 많이 하지?
2022-03-14 21:21,0,제1 자유 열람실이 노트북존 옆에 있는 거 맞나요?? 이렇게 생긴 의자 있는 곳이요!
2022-03-14 10:29,0,열람실 사용 가능하다면 몇시까지 사용 할 수 있나요??? 학교 홈피에서 다 찾아보고 검색도 해봤는데 못찾겠어요…
2022-03-14 9:59,0,#행근딸전부터 궁금했는데 왜 도서관인데 책이 앖는 건가요?? 도서관 건물 들어가면 오스카라운지가 제일 처음 보이고 위로 올라가도 노트북존이나 열람실밖에 없었어요.. .
2022-03-12 11:12,0,혹시 오늘 도서관 열람실 이용하는 덕우 있어? 나 열람실 가고 싶은데 아무도 없을까봐 무서워서 못 가겠어.. 졸겁쟁이임…
2022-03-11 22:27,0,도서관 열람실은 어디로 들어가야 나오나요?
2022-03-10 0:11,1,그 3층에 오스카?라운지?가 있는건가요? 24시간 열람실은 조금 떠들어도 되는 공간인가요..?
2022-03-08 19:35,0,내일 도서관 열람실 열어?
2022-03-08 15:47,0,열람실 말고 책있는 도서관은 도대체 어딘가요…..?
2022-03-08 12:41,0,"📢제 31기 도서관 자율위원(도자위) 모집 공고📢도서관 자유열람실의 질서확립과 쾌적한 면학분위기 조성을 위해 2022학년도 제 31기 도서관 자율위원을 다음과 같이 모집하고자 합니다. 1. 모집인원: 2명2. 임 기: 2022. 3 ~ 2023. 2 (12개월)3. 역 할가. 자유열람실 내 질서유지를 통한 면학분위기 조성나. 이용자 고충사항의 신속한 해결4. 특 전: 학기 당 장학금 300,000원, 열람실 전용석 배정, 회의비 지원 등 <"
2022-03-07 17:43,0,대선날에도 도서관이나 열람실 여나요?
2022-03-07 12:33,0,도서관 갤러리 라운지 여기 몇층이야?열람실 가려면 한층 더 올라가야 되는건가
2022-03-06 20:30,0,"대학원생도 대학생처럼 해당 대학 열람실, 서적 다 제한없이 이용 가능하지??"
2022-03-06 11:05,0,도서관 좌석 발권하는 열람실은 중간에 가방두고 다른곳 다녀와도 되나요...? 한시간 대면수업 듣고 온다던가..
2022-03-05 15:26,0,ㅁㅊ 나 도서관에서 열람실에서 일하는 중인데 우리 학교 파일 가방에 넣고 나가는 사람 봄 진짜 격렬하게 아는 척 하고 싶었음 진심으로
2022-03-05 15:07,13,"도서관 자유열람실의 질서확립과 쾌적한 면학분위기 조성을 위해 2022학년도 제 31기 도서관 자율위원을 다음과 같이 모집하고자 합니다. 1. 모집인원: 2명2. 임 기: 2022. 3 ~ 2023. 2 (12개월)3. 역 할가. 자유열람실 내 질서유지를 통한 면학분위기 조성나. 이용자 고충사항의 신속한 해결4. 특 전: 학기 당 장학금 300,000원, 열람실 전용석 배정, 회의비 지원 등 5. 선발방법 : 자율위원지원신청서(첨부파일 참조)"
2022-03-04 0:50,0,"학교 도서관에서 오스카라운지밖에 안가봤는데...열람실, 카페 말로, 북카페 등등은 대체 어느 쪽으로 가야지 나오는건가요...??그리고 또 궁금한 점이 있는데.. 교내에 카페 또 있나요..? 학생회관에 에그 어쩌고 빼고요!학교 시설을 알차게 이용하고 싶은데 아는게 별로 없어서.. 답변 해주신다면 정말 감사하겠습니다🍀"
2022-03-02 17:41,0,🌍INTREX(관세사 시험준비반) 입실자 추가모집 안내🌎📌모집인원 : 6명📌모집기간 : 2022.3.03.(목) 자정까지📌접수처 : econo@duksung.ac.kr📌지원대상자 -본교 재학생 또는 휴학생 중 평균 평점 3.0 이상자-관세사 또는 관세직 공무원 시험 준비자-월~금 9:00~22:00 (수업시간 제외) 학습 가능자📋신청방법 ✉️메일제목 : [전공(학과)/이름/학번/INTREX/전화번호]<입실신청서 1부 + 개인정
2022-03-02 15:08,0,"제1열람실인데 어떻게 나가요? 들어올 때 학생증 찍었던 게이트라고 해야 되나, 자동으로 열리는 거기엔 찍는 데가 없어요! 으앙 열람실에 사람도 많은데 미치겠네.."
2022-03-02 13:11,0,수료생도 열람실 사용 가능한가요?
2022-03-01 20:16,0,한포진이랑 습진때문에 지문인식이 아예 안되는데 그러면 도서관 폐관 시간엔 나는 열람실 이용 불가능해..?
2022-03-01 11:22,10,"2022학년도 1학기를 맞이하여 시험준비반 입실생을 모집합니다. 고시, 공무원, 회계세무사, 보험계리사 등 해당 시험을 준비하는 학우분들께서 시험준비반을 통해 함께 학습하며 꿈을 이루어 가기를 기원합니다.🔎운영 기간: 2022. 3. 2. (수) ~ 2022. 08. 31. (수)※ 시험준비반별 입실자 선발 및 오리엔테이션 진행 후 운영🔎운영 시간: 06:00 ~ 22:00(코로나19 방역 지침에 따른 유동적 운영)🔎운영 대상- 현룡전 : 회계세무사, 금융자격증- 양현재 "
2022-03-01 11:21,12,"🌇고시, 공무원, 세무사 및 보험계리사 시험준비반 운영 안내🌇2022학년도 1학기를 맞이하여 시험준비반 입실생을 모집합니다. 고시, 공무원, 회계세무사, 보험계리사 등 해당 시험을 준비하는 학우분들께서 시험준비반을 통해 함께 학습하며 꿈을 이루어 가기를 기원합니다.🔎운영 기간: 2022. 3. 2. (수) ~ 2022. 08. 31. (수)※ 시험준비반별 입실자 선발 및 오리엔테이션 진행 후 운영🔎운영 시간: 06:00 ~ 22:00(코로나19 방역 지침에 따른 유동적 운영)"
2022-02-26 23:33,1,덕성여대 도서관 앱에서 도서관 자리 예약하고 들어가는 건가요? play N create들은 예약 창이 보이는데 일반열람실 빈좌석은 눌러도 뭐가 없네요 가서 발권하는 시스템인가요?
2022-02-25 17:51,10,"2022학년도 1학기를 맞이하여 시험준비반 입실생을 모집합니다. 고시, 공무원, 회계세무사, 보험계리사 등 해당 시험을 준비하는 학우분들께서 시험준비반을 통해 함께 학습하며 꿈을 이루어 가기를 기원합니다!🔎운영 기간: 2022. 3. 2. (수) ~ 2022. 08. 31. (수)※ 시험준비반별 입실자 선발 및 오리엔테이션 진행 후 운영🔎운영 시간: 06:00 ~ 22:00(코로나19 방역 지침에 따른 유동적 운영)🔎운영 대상- 현룡전 : 회계세무사, 금융자격증- 양현재 "
2022-02-25 17:50,8,"🌇고시, 공무원, 세무사 및 보험계리사 시험준비반 운영 안내🌇2022학년도 1학기를 맞이하여 시험준비반 입실생을 모집합니다. 고시, 공무원, 회계세무사, 보험계리사 등 해당 시험을 준비하는 학우분들께서 시험준비반을 통해 함께 학습하며 꿈을 이루어 가기를 기원합니다!🔎운영 기간: 2022. 3. 2. (수) ~ 2022. 08. 31. (수)※ 시험준비반별 입실자 선발 및 오리엔테이션 진행 후 운영🔎운영 시간: 06:00 ~ 22:00(코로나19 방역 지침에 따른 유동적 운영)"
2022-02-24 23:56,1,"우선 질문 공세 죄송해요 덕우님들 열람실, 스터디룸, pc존은 도서관에 있는 건가요? 미리 예약해야되나요? 24시간 연중무휴 이용 가능한가요?"
2022-02-22 1:02,0,"월 금 둘다 1,2교시 걸려서 하루종일 학교에 있어야할것 같은데덕성 도서관이나 열람실 와이파이 어떤가요..? 줌 안끊길만큼 상태 괜찮은가요...어디서 와이파이 증설 필요하다는 글 본것같아서 여쭤봅니다"
2022-02-15 16:13,0,혹시 오늘부터 학교도서관 열람실 시간늘려주셨나요? 홈페이지에 9시까지인가 한다고 올라왔는데 그게 개강후부터인지는 안써있어서요!
2022-02-14 12:43,0,열람실 너트북실 와이파이가 될때는 겁나빵빵한데 몇분있다가 끊김 그러다 다시 연결됨. 이거 나만이래? 아님 학교 와파가.문제인거야??
2022-02-11 12:56,0,도봉도서관 열람실 남녀공용이네 씨빨.. 한남 많아? 학교 도서관 일찍 닫는 거 너무 스트레스다..진심
2022-02-10 11:30,0,24시간 열람실이 코로나 때문에 현재 사용하지 않고 있다고 알고 있었는데 열람실 현황 열어보니 1/50 이라 되어있는데 다시 24시간 운영을 하는건가요? 아니면 열긴 열되 다른 열람실처럼 일찍 닫는 건가요??
2022-02-09 19:28,0,혹시 열람실 화장실도 리모델링했나요? 예전에 보고 좀 충격먹었는데 이번에 했는지 궁금해서요
2022-02-06 10:14,0,학교 도서관에 늦게까지 할 수 있는 공간이 있을까..?찾아보니까 열람실은 연중 무휴라고 되어있긴 한데 맞나 해서!
2022-01-29 0:11,9,#행근딸웬만해선 그럴 수도 있지 허허 하며 사는 사람인데 요즘 대면 비대면 때문에 너무 열받아 코로나가 제일 본질의 원인인건 맞지만 학교든 교육부든 최대한 미루지 말고 빨리 결정 내려주면 안되나? 2월 14일이면 수강신청 하루 전인데 그때 결정되는게 말이야 방구야 학교가 교육부 눈치 보는거 알긴 알지만 별개로 너무 보수적인 것도 있음 작년 2학기 때 인서울 중에서 대면 진행한 곳도 이미 있고 통대면은 아니어도 학교 도서관은 거의 다 열었는데 우리 학교는 열람실까지 닫아버린 적도 있고 열어도 7시까지 열다가 2학기 중후반에서야 9시까지 열었는데 이
2022-01-18 11:10,0,지금 학교도서관 가면 공부하는 사람들 있을까? 저번에 열람실 갔는데 의자 올려져 있고 나밖에 없어서 넘 무서웠는디
2022-01-09 16:25,0,학교 열람실 말이야 도서관 통해서 밖에 못 가니까 결국 주말엔 잠겨있는거 맞지
2022-01-04 22:57,0,독서실 백신패스 풀리면 우리학교 열람실도 풀리는건가!?
2022-01-04 19:04,0,졸업생 중에 학교 열람실 이용 하는 분 계신가요?이용 가능한지 궁금해서요...타대학원 다니는데 거기 가긴 멀고 스카를 가자니 돈이 너무 깨지네요. 요즘에 덕성 이용해도 되나요? (대출증은 있습니다)
2022-01-04 18:59,0,열람실도 이제 5시까지인가요?도서관 공지사항에 전관 5시라고 나와있어서요
2021-12-24 10:43,6,절평오픈북은 상평보다 확실히 머리에 남는게 없는거같아... 상평땐 진심 책 있어도 에이포 한페이지에 따로 정리한게 수십장에 논술 시험은 예상문제 몇개씩 뽑아서 천자씩 가답안쓰고 별별 공부 다했는데 절평땐 걍 오픈북이니까 내가 만든 공부자료가 하나도 없음ㅋㅋㅋㅋ 사실 예전에 그렇게 공부했던 전공이나 교양들은 진짜 아직도 기억나고 가끔 아리까리하면 내가 정리한 자료나 파일 뒤져보면서 바로 알거든 근데 절평때 공부한건.. 뭘 공부한지 모르겠어 몰라도 어딜 펼쳐서 모르는부분을 찾아야 하는지도 아리까리해 ㅋㅋㅋㅋ진짜 성적만 잘 받았음 상평때 했던 노력의 반의 반도 안했는데 상
2021-12-21 23:54,0,도서관 요즘 열람실만 여나요? 라운지나 크리에이터실? 여는지 궁금합니다!
2021-12-20 9:56,0,오늘 도서관 책 빌리는 곳은 여나요?!열람실 말고요!
2021-12-07 7:57,0,요즘 학교열람실이나 도서관에 사람 많아요?? 1년만에 가봅니다
2021-12-06 0:28,0,도서관에서 공부하려고 하는데 커피 들고 가도 되나요?!열람실은 안 되는 거 알아요! 열람실 말고 책 빌리는 곳 있는 1층이요!
2021-12-03 16:59,0,자유열람실 1 b에서 노트북 못 써?? 강의 들을 때
2021-12-03 5:26,0,열람실 6시부터니까 6시에 준비해서 나가서 6시 반쯤부터 공부하는 거 어떻게 생각해
2021-11-29 22:46,0,#행근딸이번에는 열람실 24시간 안 하나요? 공지가 안 보여서요
2021-11-29 17:57,0,열람실 몇시까지 하는지 아는 덕우??
2021-11-23 12:50,2,#행근딸아니 학교 열람실 책상에 콘센트 없는거 좀 에반데..
2021-11-20 1:37,0,오늘 토요일 학교 열람실 이용 가능한가요? 수시인가 논술때문에 이용 못한다는 포스터 본거같아서요!
2021-11-19 18:19,59,노트북실 왜이렇게 좋아..???..?? 두 눈을 의심했잖아새로 만든 공간인가봐 대면 개강하면 핫플 예약이다엊그제 하나은행 강스터디카페 좋다고 글썼는데 학교도 못지않네 👍👍..도서관 열람실 이용 시간이랑 규칙 정보도 올림 #행근딸
2021-11-18 19:51,44,열람실쪽 길바닥에 주인잃은 텀블러•••나뭇가지에 걸어뒀어요 ..~
2021-11-14 14:21,0,학고 샤로생긴 열람실 와이파이 뭐야??덕성 와이파이는 연결이 아예 안돼…
2021-11-14 11:18,0,주말에 학교열람실 여나요?
2021-11-09 11:55,0,열람실 내 마우스 가능한가요?
2021-11-05 19:44,0,#행근딸주말에도 우리학교 도서관 열람실 여는지 아는 덕우?!
2021-11-05 19:40,0,토요일 일요일 주말에도 열람실 열지?? 우리학교 도서관!
2021-11-04 11:08,0,오늘 학교 열람실에서 공부하려는데 어디로가야되나요??
2021-10-31 7:29,0,#행근딸오늘 도서관 안여는거 맞죠..? 열람실 제외하고..
2021-10-25 22:21,0,열람실에 제 물건 두고 온거같은데 담날에 가면 그대로 있나요 아니면 분실물 모아놓는데가 따로 있나요..?
2021-10-23 14:53,0,학교 열람실 시험기간 끝나서 안여는거야?문 잠겨 있던데
2021-10-22 17:14,0,도서관 열람실 발권 누르면 유효하지 않는 자리라고 뜨는 데 그냥 앉아도 되나요???
2021-10-22 0:12,0,학교 인스타 카드뉴스 보면 노트북존에서 마이크 키고 수업 들어도 된다고 써있던데 진짜 되는 거야?? 저번에 한번 가보니까 놋북실(=좌석)이 그냥 놋북존 바로 옆이고 그 공간 자체가 근처에 열람실도 있어서 그런가 엄청 조용하던데.... 비게 검색해보니까 노트북존에서 말하지 말아달라고 하는 글도 있더라고 분위기상 말하면 안 되는 곳 같아 다들 말 잘 안하지..?충전기도 있다고 본 것 같은데 없더라 잘못 봤나봐 무선 충전도 안되더라 쒸익#행근딸
2021-10-21 16:40,0,열람실에 사람 많아!?
2021-10-20 15:53,0,학교 열람실에서 음료 먹는거 안돼??
2021-10-18 20:51,1,혹시 열람실에 계신분중에 우산 빌려줄수 있는 분 있나요..? 씨유에서 우산만 사고 바로 갖다드릴게요....
2021-10-18 9:22,0,오늘부터 독서실이랑 스터디 카페 12시까지 영업 가능하던데 열람실 운영시간도 늘려주면 안돼려나? 좌석도 너무 적고 운영시간도 짧아서 슬프다..
2021-10-17 18:45,0,"#행근딸낼부터 학교가려고하는데,열람실에 10시까지 있으려면 지문등록해야해?"
2021-10-15 19:08,0,열람실 연장 어케 하더라…?
2021-10-15 17:31,0,#행근딸 이번 간담회 때 열람실 책상 교체 건의하면 들어줄까 열람실 책상 너무 낮아… 글고 오픈형 열람실 확대 plz 오스카라운지랑 테라피존쪽은 5시밖에 안 해서 개불편함
2021-10-14 17:01,0,#행근딸 학교 열람실 말고 노트북 할 수 있는 곳도 10시까지 하나요?
2021-10-13 20:29,1,#행근딸열람실 위층에 음쓰 그대로 있던데 거긴 쓰레기 원래 그렇게 버리는 거야..?? 벌레 꼬이던디
2021-10-13 14:29,0,#행근딸주말에도 열람실 여는거야?
2021-10-10 3:33,0,도서관 열람실 이용 주말에도 가능한가요? 사진보면 주말 언급 없고 연중이라고 되어있어서 질문합니다
2021-10-09 18:59,1,#행근딸 학교 도서관 열람실 책상 좀 바꿔줬으면 좋겠다… 요즘 오픈형 열람실이 훨씬 많고 칸막이라도 흰색에 깔끔함 거였으면 더 좋을텐데 왜 여전히 나무색이지•••? 일단 설문에 건의함
2021-10-09 18:09,0,도서관 열람실 24시간 햇으먄 좋ㄱㅔㅅ다...#행근딸
2021-10-09 10:22,0,오늘 열람실 열었나?
2021-10-08 16:04,0,열람실 현황 이 둘 중에 뭐가 맞을까?
2021-10-08 11:43,0,학교 열람실에서는 노트북 아예 못쓰나요…?
2021-10-07 14:29,0,#행근딸도서관 메인열람실 바뀌는거 10월 8일부터지?? 지금은 운영시간은 5시에 끝나는거고
2021-10-04 10:25,0,오늘 도서관 자유열람실 휴관일인가요?
2021-09-28 18:30,0,우리 새로 리모델링한 열람실 1이야 2야..? 리모델링한열람실 이용할수있나?
2021-09-23 18:03,0,헐... 졸업생 열람실 사용 못해..? 열람실 가볼라 했는데 제한된 사용자라 뜨넼ㅋㅋㅋㅋ큐ㅠ 급 슬퍼짐 학교다니고싶다
2021-09-16 13:03,0,제2 자유열람실 위치가 어딘가요..흑
2021-09-14 13:29,0,내가 학교 안 간지 2년 됐는데도서실이랑 열람실 혹시 분위기 많이 바꼈어??
2021-09-14 13:09,2,열람실 9시까지로 바꼈다!!!!!
2021-09-13 11:33,0,#행근딸 차관 맞은편 도서관 (들어가면 학학학생증을 대주세요 하는곳) 딱 그 층은 2층이야? 열람실 아니지?
2021-09-08 18:52,0,추입 예정인데 긱사 열람실 이용시간이 제한되어있나요? 그렇다면 몇시까지 사용가능한지 궁금해요
2021-09-06 15:36,1,도서관 열람실은 9시까지 열었으면 좋겠다
2021-09-06 13:38,39,학교 다니고 싶다.. 자대에서 인대 연강이라 후다닥 뛰어가서 빠듯하게 인대 편의점에서 바나나 우유랑 바닐라맛 마카롱 사서 숨 돌릴 틈 없이 와구와구 먹고 교수님 들어오심과 동시에 입은 바쁘게 움직이면서 교재 펴고... 겨울엔 인대 지하 진짜 추운데 바로 자대로 돌아가서 사물함에 짐 넣고 열람실에서 공부하다가 도봉2 끊기기 전에 타서 막차 타고 집 가는 것도 추억이 되어 버렸다...
2021-09-01 19:49,5,#행근딸오랜만에 복학했는데 열람실 안열려 있는거 넘 빡침 나때는 그냥 무조건 24시 열려있었는데
2021-08-31 14:06,0,#행근딸 우리학교 도서관 열람실 어떻게 생겼나요..!?
2021-08-20 18:07,0,"혹시 보통 독서실 가격이 어떻게 되는지 알려줄 덕우 있어?? 비대면 하면서 하도 공부를 안해서 성적이… 음… 내가 알아본 곳이 열람실은 한달에 15만원, 1인실은 한달에 20만원인데 가격 괜찮은거야??"
2021-08-14 1:55,0,지금도 열람실이 운영중인거야??! 왜 앉은 좌석이 있지???
2021-08-06 13:45,0,학교도서관 주말에 열람실 안여나요??지난주에 갔더니 들어갈수있는곳이 없길래...
2021-08-02 2:37,0,노트북은 인강 보기만 할 건데 꼭 노트북 존 말고일반 열람실에서 봐도 되죠? 내일 처음 가봐요
2021-07-10 9:23,0,열람실 가려고 하는데 도서관 어떻게 들어가나요..?
2021-07-07 12:54,0,도서관 열람실 처음 가보려는데 3층이 맞나요..?? 그럼 열람실 들어가려면 계단 오를 몸뚱이와 학생증만 있으면 되나요??
2021-07-04 18:54,0,나 스터디카페 질문! 카페마다 다르겠지만 덕우들이 다니는 카페는 한 칸 씩 띄워서 앉아? 아니면 그냥 자유롭게 앉아? 나 스카 처음 다니는데 오늘 처음으로 내 옆에 사람 앉아서 약간 불편해 하는 중이야 이전에는 도서관 열람실 다녔는데 거기는 2칸 이상 띄어 앉았거든
2021-06-27 15:39,0,방학 때도 학교 도서관 사용 가능해?열람실!!!!
2021-06-22 21:39,0,방학동안 열람실 몇시까지야?
2021-06-14 23:22,3,비대면시절 아련한 시험기간모습..참고로 난 막학기야 ㅎㅎ우선 시험기간 3주전부터 슬슬 열람실이 차기 시작함그리고 씨유가 24시간 영업을 시작함시험보는주에 들어서면 열람실 좌석인증+자리사수 아니면 열람실 옆 3층 스터디룸3ABC 쟁탈전이 일어남(다들 밤새기때문에 좌석 리셋되기 전 시간대에 제일 경쟁이 셈)휴게실에서 배달음식 시켜먹고 간단히 간식먹거나 말하면서 외우는 덕우들새벽까지 밤샘하다가 쪽잠자는 덕우들공부 열심히 하다가 마주친 모기와 바선생을 죽이는 덕우들중간에 배고프면
2021-06-13 17:34,0,열람실 오늘 여나 ??
2021-06-12 4:00,0,열람실 에어컨 틀어주나 요즘?
2021-06-07 14:22,0,덕우들으 학교 도서관 열람실에서 셤공부하는데 갑자기 마음이 막 벅차올라서 오랜만에 글 올려.. 2년 전에 울 학교 도서관에서 덕우들이랑 공부하는거 꿈꿔온게 진짜 실현되다니 아 갑자기 ㅈㄴ행복하다 시험기간인데 지대로 미쳤나보다
2021-06-07 14:00,0,열람실 시끄러운 문제는 도자위한테 말하면 되는거야?
2021-06-06 19:59,50,열람실 1층 쓰레기통위에 올려놓고가신분 치우세요. 오늘 하루종일올려져 있네요. 누구보고 치우라는건가요?성인씩이나돼서 안부끄러우신가요? 씨유뒤쪽 광장에 음식물 버릴수있게 통 마련되어있어요. 이글 보시면 오셔서 치우세요.본인먹은건 본인이 치웁시다.
2021-06-05 20:12,0,친구들아!!! 주말에 열람실 열어?? 몇시까지야?? 그리고 어디에있어?? 도와주라!! 내일 공부하고 싶어!
2021-06-01 12:39,560,이대로 가다가는 오프라인때 다들 허둥지둥 할까봐  쓰는 오프라인 위주 🌺덕대 사용법🌺1. 자연대A동 2층과 학관 식당은 연결되어있다. 식당 깊숙이 들어가면 큰 철문이 보이는데 그 곳을 열면 자연대 A동이다. 수업시작 5분전까지 밥먹다가 세이프 가능. 모르는 사람 꽤 있다.2. 시간표 짤 때 라온센터와 인대는 정말 지도 상으로 볼때보다 멀게 느껴진다 바로 다음 시간표에 넣으면 지각 70%임. 절대 연속으로 넣어선 안된다. 약간 건물간 위치를 정말 정말 간단 요약하면🏫인대-🏫대강의동-🏛차미리사관-🏫학관-🏫자
2021-05-30 3:29,0,덕우들아 도서관 열람실 마스크 벗으면 안되잖아 컴블러에 주스 들고가서 마시는거 좀 그러려나...? 나와서 마셔야하나?
2021-05-28 20:14,15,시험기간 도서관 열람실 연장 개방 공지사진찍어옴! 다들 참고해 기말 ㅎㅇㅌ!!
2021-05-26 12:37,0,학교 도서관 열람실 사용하려면 그 입구에서 자리 맡고 들어가야해..?
2021-05-25 16:16,0,나 휴학생인대 지금 도서관 열람실 이용가능해~?
2021-05-24 19:20,0,열람실 몇시까지해?
2021-05-13 13:05,1,열람실에서 왜 통화하시는거예요..?
2021-05-11 21:33,0,그 덕성포탈에 열람실 좌석표시되는거 그게 현재 남아있는 좌석을 의미하는거야 아님 사용중인 좌석을 표시하는거야?
2021-05-10 15:53,0,열람실 요즘 6시까지야? 11시까지야? 도서실은 6시지?
2021-05-07 8:09,0,열람실말고 도서관1층에서 음료수 마시면서 공부해도 되나요?
2021-04-23 12:20,1,학교가고싶다 학교열람실에서 공부하고싶고 학겨산책도하고싶고 학식도 먹고싶고 조이키친도 블랙다운도 히피스도 수요일에만 열던 식연구소도 그리어어어어어어 다음학기 졸업인데 다음학기는 꼭 학겨가고싶다...지금 본가에서 지내는중이라 서울가기는 그래서 못가는데 학교너무그리워
2021-04-22 11:55,1,"아~~학교가고싶다도서관 창가에 앉아서 아아 대용량 마시면서 담요 덮고 시험공부하다가 시간되면 어기적어기적 얼레벌레 시험치고 수면실에서 한 두시간 낮잠 때리고 사리원 가서 라면먹고 노을 보면서 학교산책하다가 열람실 돌아와서 공부 좀 하고 수건이랑 칫솔 챙겨서 씻고 휴게실에서 로션 챱챱 한다음에 야식 좀 먹어주다가 이제 공부하러가자,,하면서 자리로 돌아가던 날들"
2021-04-22 1:04,0,학교 도서관에 자리 잡아야 하는 열람실이 있고 그냥 가서 앉아도 되는 자리가 있나요? 가 본 적이 없어서요 🥲
2021-04-20 0:48,0,요즘도 도서관 열람실 24시간 하나요?
2021-04-19 10:34,0,혹시 아침에 와이파이 불안정했어? 나는 일어나자마자 8시33분에 기숙사나와서 열람실와서 와이파이 상태 모르는데..내일9시부터 시험이라..갑자기 걱정되네.
2021-04-18 20:13,0,이번주 평일에 비원 사람 많을까? 졸업생이라 열람실이랑 도서관 사용 안될 것 같은데 학교 가서 공부하고 싶어져가지고..
2021-04-18 15:28,0,오늘 열람실 들어갈수있나??
2021-04-16 15:23,0,주말에  도서관 열람실도 못 쓰나요??
2021-04-16 0:24,0,휴학생은 지금 열람실 못쓰는거지..?
2021-04-15 16:30,0,도서관 열람실 연장하려는데 이렇게 떠요...어떻게 해야할까요?
2021-04-14 16:20,0,제2 자유열람실이 2층에 있는 열람실 말하는 건가요??
2021-04-14 13:16,0,카페말로 옆 3층 열람실 출입문이 도대체 어디야..? 안보여...
2021-04-13 19:50,57,📝도서관 열람실에서 공부하고 나오는 법!!!!!!- 노트북존으로 들어간다 -쭉 가면 남색 철문이 나온다-왼쪽에 붙어있는 캡스 직사각형 검정색 바를 누른다-문이 열린다-1층으로 내려간다-문 열고 나간다
2021-04-13 15:36,0,혹시 열람실 어찌 사용하는 알려주실 선배 덕우님들 계시나요? 학교 도서관안에 있는 기계로 하는건가요 아니면 도서관앱으로 하는건가요? 기계에는 따로 열람실 예약 없는데.. 학교 어렵네요...하핳
2021-04-13 13:27,0,코로나 전에는 3층 열람실 24시간이었어? WOW도서관 홈베이지 처믐 들어가보는데 24시간 열림실이 있네
2021-04-13 10:37,0,도서관 말로층 옛날 열람실 있었던 스터디카페같이 생긴 곳 발권해야 돼? 발권 안 해도 된다고 홈페이지에서 봤는데 발권기 있길래 일단 나왔어
2021-04-12 22:40,0,어떡해 지금 열람실에 나혼자 남았는데 못나가고있엌ㅋㅋㅋㅋㅋㅋㅋㅋㅋㅋㅋㅋ 개무서워 곧 아오오니 나올듯 우산도 없는데 큰일났다 어떻게 나가
2021-04-10 9:07,0,주말에도 학교 열람실 문 여나요?
2021-04-08 1:07,0,토요일에 학교 도서관 열람실도 운영 안하나요?!
2021-04-05 13:31,0,지금 학교 24시 열람실 사용 불가능인가요?
2021-04-05 12:18,0,제1 자유열람실 사용가능한가요??
2021-04-01 0:44,0,열람실에서 노트북 사용 못하지?
2021-03-31 13:49,0,열람실에 한칸씩 떨어져 앉게 돼있어?
2021-03-30 10:48,0,도서관 열람실에 와이파이 되나요?
2021-03-28 15:09,0,열람실?? 개방된 후에 가본 사람 있어?? 밤~새벽에도 사용가능할까
2021-03-27 17:46,0,도서관 열람실 중 어디가 가장 좋나요..?
2021-03-26 22:34,0,주말에 도서관 24시간 열람실 운영하나요?
2021-03-26 22:05,5,"학교다시 다니고 싶다직장인된 15인데 학교 다닐때 지금 생각해보면대외활동 안했어도 재밌었다여러 교양듣는게 너무 재밌고 소중한시간이었어에타도 깨알같이 재미가 많았는데..존박듀엣이종득교수님.. 음성인식만렙덕우..시험기간 다 같이 미쳐가는 학우들..열람실 브라렐라들..축제, 가요제, 강연, 공연... 동기들이랑먹던학식도 그립다.."
2021-03-23 20:31,0,덕우들아 도서관 중에서 1. 식당이 가깝거나 같은 건물내에 있는 곳 2. 열람실 좌석 발권 안해도 되며 그냥 와서 앉아서 자유롭게 공부하는 곳서울혹은 서울 근처에있는 도서관이면 돼난 책읽거나 자료는 안볼거라 자료열람실은 별로여도 돼공부하는 일반열람실만 사용할거야혹시 이런 도서관 알아? 댓글로 추천부탁한다
2021-03-22 17:49,0,학교 도서관 평일에 24시간 열람실이나 밤까지 공부할 수 있는 공간 여나요??
2021-03-19 23:02,0,도서관 열람실은 토요일날 하나요?🤔공지보니까 하나..싶은데 검색하니까 안하나..싶고(｡◠‿◠｡)..
2021-03-17 13:19,0,우리학교 열심히 리모델링 하고 하나도 안여는거 너무슬프다....학식도 메뉴 몇개만열고 도서관 새로생긴열람실은 열지도않고.....
2021-03-16 15:50,0,열람실 요새 다섯시까지죠?
2021-03-15 16:30,0,열람실 가는쪽에 카페같은거...? 그건 뭔가요?! 대학원 카페인가...
2021-03-15 15:42,0,내일 학교 도서관 열람실가서 공부하려는데 처음 가보거든요... 뚝딱 거릴까봐 걱정이에요 열람실 입실 전에 좌석지정하는 기계같은거 있나요?? 열람실 사용 방법 알려주실 선배님🥺 도서관 홈피에도 설명 안되어있어서 여쭙니다!
2021-03-15 0:00,0,도서관 열람실 자리 어떻게 예약하나요? 열람실은 책 빌리는 곳이랑 따로인가요?
2021-03-14 13:39,0,열람실 2층에 스터디카페? 처럼 생긴 공간이 스터디룸인가요? 저번에 갔을 때 불 켜져있던데 이용가능한건가요??거리두기 단계에 따른 도서관 이용 표를 봐도 그 공간의 이름을 모르겠음..
2021-03-12 13:48,0,학교 자유열람실은 발권을 해야 이용할 수 있는건가요? 도서관 앱에 들어가도 예약창이 안뜨는데 학교 와이파이를 사용할때만 예약이 가능한건가요?
2021-03-08 17:10,0,24시 열람실 증말 가고싶다..
2021-03-06 10:41,0,아 존나 한남들은 도서관 열람실 안오면 안되나? 냄새나 미친놈들
2021-03-05 19:40,0,나 진짜 도서관에 바라는 거 딱 하나 있는데 라운지 공부 공간이랑 오픈형 열람실 좀 늘려줬으면 좋겠어............. 1학년때부터 너무 아쉬웠음.........
2021-03-05 15:43,0,토익공부땜에 집근처 도서관 열람실이랑 스카 고민중인디 스카 좋은점이 뭐야? 물주는 엄마라 설득해야됨
2021-03-04 9:26,0,요즘 학교 도서관 가려면 2층 정문으로 들어가는거 맞지? 라운지는 안되고 창가랑 자유 열람실 쓸 수 있는거야?
2021-03-03 10:06,0,도서관 열람실이랑 피시존 도서관 어플로 발권할 수 있어?? 어떻게 해야 해??
2021-03-03 9:06,0,열람실에 사람 왜 이렇게 많아요? 출발하기 전에 확인했는데 거의 꽉 차있네
2021-03-02 15:02,0,덕우들 왜 나 빼고 다 열람실에 간거야..? 그냥 봤는데 나만 혼자 비대면하는줄?????
2021-03-02 14:47,0,열람실 덕성 와이파이 어떻게 연결하시는지 아시는 분 계신가요..?
2021-03-01 0:28,0,졸업생은 열람실 사용 불가한가?
2021-02-28 19:42,0,도서관 열람실가본 덕우있어..?의자바뀌었어? 아니면 그대로야?
2021-02-26 15:40,0,제2 열람실 덕성 와이파이가 계속 연결이 안되는데 원래 이런가요?
2021-02-26 13:52,54,"📜도서관 단계별 운영 계획📜‼️자세한 내용은 사진 참고‼️- 주요 사항✅2단계, 3월달부터 적용✅자유열람실 이용 가능✅3층 스터디 공간 이용 가능 (테라피존 x)✅2층 pc, 멀티미디어실, 스터디룸, 창가자리 이용 가능 (북카페 x)✨백년둥이•백일둥이 필독✨✔️도서관은 처음 입구가 2층 (인대도 마찬가지)✔️일반 도서는 1층/ 과제도서는 2층 데스크에서 대출✔️도서관 입장 전 도서관 어플 다운 후 모바일 학생증찍어야 함!"
2021-02-26 13:48,61,"‼️자세한 내용은 사진 참고‼️- 주요 사항✅2단계, 3월달부터 적용✅자유열람실 이용 가능✅3층 스터디 공간 이용 가능 (테라피존 빈백 공간 불가)✅2층 pc, 멀티미디어실, 스터디룸, 창가자리 이용 가능 (북카페 불가)✨백년둥이•백일둥이 필독✨✔️도서관은 처음 입구가 2층 (인대도 마찬가지)✔️일반 도서는 1층/ 과제도서는 2층 데스크에서 대출✔️도서관 입장 전 도서관 어플 다운 후 모바일 학생증찍어야 함!✔️도서관 홈페이지는 포탈과 별개"
2021-02-24 13:50,0,이번에 긱사 안들어가면 후회할까??친구들도 사귀고 싶고 공부도 열심히 하고 싶어서 신청했는데 열람실이고 뭐고 다 이용 불가라는 말에 당황×100...공부하기 오히려 어려운 상황일까봐 취소하려는데 후회하려나...
2021-02-20 2:27,2,도서관 1층에서 공부하던 때로 돌아가고 싶다.... 열람실 별로 안좋아하는데..
2021-02-19 13:43,0,도서관일나 열람실에 중고급식 무리는 진짜 해악이다 해악 ㅅㅂㅋㅋ 어우....
2021-02-18 23:38,0,"우리 이제 도서관 공부하는 열람실 열겠지? 2단계는 거리두기하면서 연다던데 집에 있으니 하루종일 놀아서 방역수칙 철저히 지키며 열람실 가려는데, 가본 덕우들 있어? 책도 빌리고 싶은데..."
2021-02-16 13:41,0,"뭔가 계속 드는 생각인데 학관 그 우체국 앞 빈 공간에 학생들 휴게/공부공간 라운지처럼 만들어줬으면 좋겠음 공간도 아깝고 학관에 휴게공간 부족한 것도 사실이니까,,, 소음 있는 곳에서 공부하고 싶음 도서관 라운지도 개방형 열람실 자리 늘려줬으면 이거 자게에다 쓰면 봐줄라나"
2021-02-16 13:02,0,우리 학교 도서관 자유열람실..안열었지?
2021-02-13 21:32,2,우리 이제 도서관 열람실 문 열겠지?!아싸
2021-02-07 23:52,0,학교 열람실 열리면 출첵하고 가까운 책상에 모여서 공부할 생각있는 덕우들 있어? 결정된거는 아니고 나도 그냥 생각만 하고 있는데 수요가 있나 궁금해서!
2021-02-05 1:00,0,상반기에 우리 열람실 쓸 수 있을거 같아?
2021-01-25 23:55,1,코로나땜에 열람실가서 공부한거 너무 오래전같긴한데진짜 시험기간에 열람실가면 자리 가득 차 있고 밤새면서 공부하는 덕우들 보면서 엄청 자극받고 열심히했던 생각난다시험기간 열람실은 진짜 불꺼지거나 사람없는 순간이 없었는데
2021-01-19 19:11,0,졸업생 열람실 사용 가능 하나요?
2021-01-19 17:33,0,학교도서관 열람실 열었으면 좋겠다
2021-01-17 0:42,0,지금 2.5단계이지만 외대나 이대는 열람실 문여는것같던데...우리학교는 왜 안열어....
2021-01-16 19:33,0,돈없어서 스터디카페도 못가는데..열람실 열었으면 좋겠다..
2021-01-15 23:58,0,우리 도서관 열람실 문 안열잖아!! 그럼 24시간열람실도 안여는거지??
2021-01-05 8:54,0,지금 2.5단계니까 도서관 열람실이랑 못 쓰는거죠 ?
2021-01-04 15:11,0,학교 도서관 열람실같이 공부할 수 있는 공간 여나요?
2020-12-28 0:40,1,열람실에서 퀭한눈으로 욕하면서 공부하다가 동기들이랑 야식육개장 먹으러 가는게 이렇게 그리워질줄은 몰랐어......
2020-12-27 13:37,0,평일에 열람실 사용 할 수 있어요?
2020-12-26 14:48,0,졸업생도 열람실 사용가능 한가요?
2020-12-25 15:58,0,도서관 열람실 지금 안열었겠지...? 도서관에서 강의 들으면 눈치보일까?
2020-12-23 4:34,0,도서관 공지를 못찾겠어서 그런데 요새 학교 열람실 사용할수있어? 학식 하는지도 궁금!
2020-12-18 16:57,1,도서관 열람실에서 누가 자꾸 찰칵거려.... 핸드폰 무음으로 해놓으라고 표지판도 붙어있는데
2020-12-11 21:34,1,공강때 학교도서관 1층 소파에서 폰 충전해놓고 후드 뒤집어쓰고 낮잠자다가 수업시작 10분전에 깨서 얼른 강의실로 뛰어가고싶다.... 정문앞 컴포즈커피에서 1일2커피 하면서 열람실에 11시까지 틀어박혀있고싶다...
2020-12-09 10:10,0,하..내년에는 열람실에서 쭉 공부 가능했음 좋겠다 24시 열람실이 제일 공부잘되는데...
2020-12-07 22:52,0,학교 도서관 열람실 여나요?
2020-12-07 0:11,0,낼 학교 도서관 열지? 제2 열람실
2020-12-06 23:23,0,열람실 그 독서실 책상말고 큰 책상있는 자리는 숫자로 몇 번 부터 몇 번 까지야??(좌석 번호)
2020-12-06 13:19,0,우리 열람실 책상이랑 의자 그대로지..?
2020-12-04 20:37,1,자취생인데 원룸에 앉은뱅이 책상뿐이라 집에서 오랜 시간 공부하기 힘들어서 일주일에 두번은 사람 적은 카페 가서 공부했는데... 요새는 다 닫고 학교 열람실도 평일 오후 5시까지만 하니까 거의 집에만 있었더니 뭔가 제대로 공부에 집중도 안되고 걍 무기력해진다... 계속 좁은 방에 혼자 있다보니 뭔가 이상해 우울하고... 이럴수록 아침에 일어나서 학교 열람실이라도 출석하려고 하는데 무기력해서 멍하니 있다가 시간 늦어서야 공부하고 그럼... 그래도 1학기땐 공부 열심히 하고 취미생활도 열심히 했는데 여름방학도 거의 집에서만 보내고 가을도 훅 지나가면서 점점 무기력증 걸린 
2020-12-04 17:32,0,학교앞 크레프리 딸기라떼 먹고싶다...작년에 열람실에서 공부하다 말고 나와서 그거 사먹는게 삶의 낙이었는데 올해는 딸기라떼는 커녕 학교 문턱도 못밟았네
2020-12-03 18:15,53,"시험기간에는 특히 학교가 더 그립다... 지금쯤이면 학교 도서관 열람실 일반실 다 빽빽하게 차있고... 덕우들이랑 (공기상으로) 으쌰으쌰하면서 열공하고, 갖고 있는 간식도 교환하고 (에타 - 저 초코바 있는데 젤리로 바꾸실분 등등) 새벽에 cu에서 퀭한 얼굴로 야식먹거나... 시험기간 끝으로 갈수록 점점 빈자리 많아지는 열람실 보면서, 특히 기말 후에는 아 이번학기도 금년도 끝나가는구나... 그런 생각에 들면서 감성에 젖고... 시험 다 치르고 초췌한 몰골로 아마스빈에서 버블티 사서 마시면서 우이신설 타러가는 그 기분.... 내년에는 꼭 다시 느낄 수 있기를"
2020-12-03 12:49,0,열람실 발권 어디서 하나요?? 아무리 찾아고 없어서요
2020-12-02 17:29,0,열람실 언제까지 여나요???
2020-12-02 10:17,0,우리 열람실 안열지??
2020-12-01 1:41,0,헉 여러분 도서관 문 열어요??? 전 왜 대출도 안되고 열람실도 이용 못하는줄 알았죠
2020-11-30 0:32,0,헐 이제 도서관 열람실도 안열ㅇ을까 학식먹으러 가는김에 가려고 했는데
2020-11-29 18:49,0,우리 열람실 안열겠지....?
2020-11-28 16:21,0,이번주에 열람실 간 사람 있어? 사람 어느정도야??
2020-11-27 19:45,32,난 학교 참 재밌게 다닌듯동기들이랑 교수님이랑 다같이 촛불집회도 나가고~~ 팀플 ppt랑 발표도 4년간 내가 했는데 좋아서 한 거고~~ 시험 공부하느라 열람실에서 밤도 새보고~~ 새벽에 동기들 만나서 맥모닝 먹으면서 같이 공부도 해보고~~~ 듣고 싶은 교양 다 들었고~~ 듣고 싶은 전공도 다 들었고~~ 배우고 싶었던 것 배워서 견문도 넓어졌고~~ 행복했다
2020-11-27 0:08,0,요즘 열람실에서 공부하다 가는 사람 있어?
2020-11-26 7:08,0,지금 학교 쓸수있는 강의실있나요? 도서관 열람실 제외하구요!오늘 시험인데 바로앞시간에 대면강의후에 바로 대면시험봐야해서 애매해요...
2020-11-25 16:53,0,학교 제 2 자유열람실 와이파이 잘 되나요..?
2020-11-25 13:16,0,열람실에서 테이크 아웃 커피 마셔도 되나요..??
2020-11-23 21:41,91,다들 고려대 확진자 동선봤어?눈물나 진짜...남일 같지도 않고ㅠㅠ임고생이고 아마 노량진에서 감염된것같다던데... 백주년기념관 4층이 열람실이래게다가 20일에 양천구청이 마지막인거 보면 저때 검사받은것같았은데 21일이 시험당일이었을걸..양성떴으니까 전날~당일에 응시자격 박탈당했을거고어떻게 전염병의 책임을 전부 개인한테 돌릴수있지... 수능은 확진자도 다 볼 수 있게 해준다면서 국가고시인데 거의 1년동안 코로나 대비해서 아무 준비도 안했다는거잖아이번에 교육부 하는거 봐선 다른 시험 주관 기관들도 마찬가지일거
2020-11-23 14:27,21,"도서관 공부하러 가던 덕우들 참고해!!!창가, PC X 자유열람실 O"
2020-11-16 2:21,0,도서관 열람실 아직도 1층 사용하나요?
2020-11-16 1:10,0,도서관 열람실 아직도 1층 그 책보는 곳 사용하나요?공지가 그대로라 요즘 어떻게 바뀌엇는지 모르겠어요...그냥 도서관 들어가서 좌석 받고 가면 되나요?
2020-11-12 10:09,0,요즘 열람실 열었나요?안에 커피가져가서 마셔도되나요?
2020-11-11 16:15,0,열람실 책상에 독서대 60짜리 들어가나요?독서대 60이랑 50중에 고민하고 있는데 집에서도 쓰고 열람실에서도 쓴다면 뭐가 더 좋을까요?
2020-11-09 12:45,0,혹시 도서관 1층 임시 열람실에 노트북 충전하면서 공부할 자리 있을까요?
2020-11-06 21:45,0,우리 지금 코로나 1단계 아니라서 도서관 열람실 이용못하지?
2020-11-06 17:00,0,열람실 주말에도 열어?
2020-11-05 19:53,0,주말에 열람실 사용 가능한가요? 도서관 페이지 보고 왔는데 도서관은 휴관인데 열람실에 대해서는 언급이 없길래요!
2020-11-03 1:54,0,"우리 열람실 , 도서관, 영상 편집실 전부 오후 다섯시까지야ㅐ?"
2020-10-29 14:06,0,오늘 도서관 열람실 사용가능한가요?공지사항 찾아보고 애매해서 여쭤봅니닷
2020-10-28 16:57,0,열람실 어디로 들어가야돼...?;;2년만에왓더니 뒷문 닫혀잇네
2020-10-27 18:24,0,혹시 휴학하거나 일정기간 지나면 등록한 지문 사라지니?????? 아니.. 셤공부하려고 열람실 가고 싶은데 다ㅜ미등록 지문이라고 문이 안열리네 나 예전에 등록 해둬서 쓴적도 있는데
2020-10-27 11:55,2,아니 미친 나 지금 도서관 열람실인데 열람실 바로 앞에 3층 화장실에 남자가 들어감;;;;;;
2020-10-26 22:34,0,이번주에도 열람실 안열리나요?
2020-10-26 10:37,0,오늘 열람실 이용가능해????
2020-10-26 9:31,0,오늘 열람실 갈수있나?
2020-10-25 14:35,0,열람실에서 노트북 하는 사람은 또 처음 보네..ㅌㅌ
2020-10-21 17:00,0,도서관 본관 들어가서 공부할수 있어?123단계 조절 그거 봤는데일반 자료실이 본관인지 헷갈려서..여커로 들어가는 열람실 말고...
2020-10-21 11:29,0,학교 앞에 와이파이 잘 되는 곳 추천해주라...시험 봐야되는데 차관 열람실 이용시간이 5시까지길래....
2020-10-20 20:26,0,도서관 열람실 지금 9-18시까지만 하는거야?코로나때문에 24시로 개방안하고 저렇게만 한다는거지?!
2020-10-20 17:21,0,그 도서관 서가 있던 1층이 지금 열람실로 바뀐거라는 거지?그럼 전에는 거기서 공부하려면 그냥 들어갔잖아그럼 이번에는 열람실가는 것처럼 미리 좌석 선택해서 들어가야 하는거야? 열람실처럼 기계가 따로 있어??
2020-10-19 15:28,0,학교 24시간 열람실 열었나요?
2020-10-19 11:19,0,나 도서관 열람실 갈껀데 학생증? 모바일 학생증 이런거 찍어야해?? 학교 2년만에 가는거라서 감이안와..
2020-10-18 8:47,3,"아동문학02반 교수님께 학교에서 시험 볼 수 있는 장소 따로 열어달라고 부탁드리면 실례겠지..? 집이 멀어서 가는데 3시간은 걸리는데 학교에서 마땅히 시험볼만한 장소도 없는거 같아서,,, 차관은 아무래도 다른 분들도 계시고 들락날락하시는 분들 많으실거 같고 열람실은 조용하긴한데 타이핑 치는거 개오바고,, 그렇다고 카페가면 와이파이 가끔 끊기는 일 있어서 아 진짜 고민된다..,,,"
2020-10-17 17:30,0,"휴학생인데 지금 그러면 리모델링 된 게 이거 맞나??학식, 학관 카페, 도서관 열람실, 인대 화장실?혹시 또 있나??"
2020-10-15 15:21,0,이제 도서관에서 공부할수있는거 맞나요??열람실 말고 그 책 있는곳이요!
2020-10-14 15:18,0,24시 열람실 열려있나요? 정게에 24시열람실에 대해선 안나와 있어서요
2020-10-14 12:47,0,도서관 열람실에 지금 사람 많아?
2020-10-14 9:02,0,전 수업이 대면이라 학교가는데..  다음수업 6시 까진데 팀플이라 열람실에선 못듣고... 말로는 5시까지고.... 어디가냐😫😫
2020-10-13 16:40,0,학교 도서관 24시 열람실 열어줬으면.... 살려집중력 재기했어
2020-10-13 15:46,0,도서관 지금 임시 열람실 운영하는데 그냥 자리에 막 앉아도 되는건가요.......? 예약 딱히 안해도되는거죠..?
2020-10-12 23:50,0,열람실의자 바꿔줬으면 좋겠다..
2020-10-12 22:57,0,맨날 자취방에서 혼자 공부하니깐 지치고 쓸쓸하다.열람실 가서 다같이 공부하고싶다.
2020-10-12 15:26,0,동덕여대 도서관 열람실 이용가능해..?가본덕우있어?
2020-10-12 10:50,0,오늘부터 임시 자유열람실 운영한다는데도서관 1층 일반도서실 열람석이 책 대출하는  곳인가요..?!
2020-10-12 9:00,13,도서관 1층 이용
2020-10-08 10:55,0,오늘 도서관 열람실 열어? 화요일에 도서관갔다가 열람실 안 연다 하셔서 집왔거든..도서관 공지보면 잘 모르겠어서 물어보는거! 임시 열람실은 12일부터 연다고 하니까 혹시 오늘도 갔다가 허탕일까봐
2020-10-07 16:20,2,지금코로나라 지금도되는진모르겠는데 우리 학생증으로 이 학교들 열람실 이용할수있대
2020-10-06 12:14,0,오늘 열시반쯤 도서관갔는데 열람실이 휴관이더라고...! 공지사항에서 못봤는데 휴관 언제까지인지 아는 덕우 있어?
2020-10-06 10:57,0,열람실도 리모델링 싹 했어?
2020-10-05 22:45,0,학교 열람실 열면 가서 공부할건데 원래 있던 내 사물함 써도 되나? 지문 찍으면 다 열리지?
2020-10-05 20:29,0,11일 후부터 열람실 쓸 수 있는건가요??
2020-10-02 3:51,0,도서관 공사하고나서 열람실 가본 덕우있어?
2020-09-27 7:07,15,올라온 줄 알았는데 안 올라왔길래 올립니다
2020-09-21 23:02,0,열람실 가 본 덕우?!
2020-09-21 22:55,0,내일 열람실 처음으로 가볼까?! 했는데 장이 매우 안 좋은 저는 화장실이 안 좋다는 이야기에 흔들리고 있습니다.. 핳
2020-09-21 22:38,2,도서관 열람실에서 공부하고싶다.. 거기서 공부 제일 잘 돼 덕우들 다 열심히 해서 괜히 자극되고 다같이 으쌰으쌰하는 느낌이라 좋았는데 특히 시험기간 새벽의 열람실 너무 그립다..☆
2020-09-21 0:06,0,모바일 학생증으로 학교 열람실에 자리 잡을 수 있어??
2020-09-19 8:05,0,열람실 일요일은 여는거야 안여는거야??
2020-09-17 17:16,29,"열람실에서 마스크 벗지 마세요 지금 서울 확진자도 많이 나오고 공지에도 쓰라고 써있는데 마스크 왜 벗으십니까,,"
2020-09-17 2:29,0,어제 도서관가본 덕우있어??열람실 책상이랑 의자 바꼈어??
2020-09-17 0:24,0,진짜 미안한데 공지를 봐도 헷갈려서! 학교도서관 열람실 추석까지 계속 휴장인거지..?
2020-09-15 20:38,23,양현재 ㅋㅋㅋ핫게 또 갔네 잌ㅋㅋㅋㅋㅋㅋㅋㅋㅋㅋㅋㅋ진짜 모르는 덕우들 위해서 글쓰자면공무원 cpa들 수험생들 위한 열람실 개념이라고 보면 될듯 장기 공부 해야하는 사람들 신청해서 독서실처럼 씀!5~10분 뒤에 삭제할게재미를 위해서!
2020-09-14 15:48,1,도서관 이제 2단계로 내려갔는데 8시까지로 해주면 안되나 .. 열람실이라도 ..
2020-09-06 9:07,0,내일 학교 가야할 일이 있는데 수유/학교에서 오래 시간 보낼 수 있는 곳 있어??그리고 도서관 열람실은 못 쓰게 되어있던데 열람실말고 1층 책읽는 곳은 사용가능한가?
2020-09-02 1:42,0,"학교 다니면서 통학으로 하루에 3시간씩 흘려보냈지만, 그럼에도 불구하고 집에서 공부하는 것보다 효율 좋았던거같아... 집에 가선 공부 안한다는 일념으로 열람실에서 공부 다 끝내고 점심 저녁 먹을 때도 딱 식당이든 편의점이든 먹고 일어나서 다시 일과하고, 통학하면서 카톡 연락이랑 sns같은거 몰아서 해서 집에 오면 적당히 취미생활하고 푹 쉬던... 지금은 하루 종일 집에 있으니까 늘어지고 공부도 하다말다하다말다 집중력 초딩급으로 떨어져서 뭐든 각잡고 하는게 어려워졌어. 무엇보다 밥 먹고 나서 바로바로 안치우고 유투브 계속보다 그릇 마를 때 되서야 "
2020-09-02 0:05,0,학교 도서관이나 열람실에서 공부하고 싶다.. 거기가면 안하던 공부도 하고싶을 정도로 기분도 좋고 집중도 잘 됐는데
2020-08-28 0:51,8,수업 듣고 여유롭게 도서관 소파에서 쉬다가 블랙다운가서 커피 사들고 열람실에서 공부하고 그러고싶다...너무 그리워
2020-08-22 19:03,0,나 도서관 열람실 카페 아니면 집에서 공부 절대 못 하는데 이번 학기 어쩌짘ㅋㅋㅋ 걱정..
2020-08-22 3:14,0,우리 열람실 의자랑 책상은 안바뀐거지?
2020-08-20 18:16,0,"이번 학기에는 제발 열람실하고 도서관 운영했으면 좋겠다 열람실이라도 ..,"
2020-08-12 13:32,2,도서관 리모델링 하면서 많은 것들이 생긴건 좋은데 나는그냥 열람실 의자랑 책상이나 바꿔줬음 했는데.. 책상 특히.. 콘센트 있는걸로....
2020-08-09 20:20,0,학교 도서관 열람실 쓸 수 있나..? 공지 혹시 어디에 나와있는지 아는 덕우..
2020-08-06 16:53,0,우리 2학기에는 도서관하고 열람실 다 열겠지 ? 대면강의 많으니깐 ..?
2020-08-06 14:17,0,우리 열람실 들어갈수 있어..? 좌석현황 보니깐 몇명 있는 것 같은데 들어갈수 있나..??
2020-08-04 10:19,0,우리 도서관/열람실 은 개강 전까지는 못 쓰는건가?
2020-08-03 15:06,0,근처에 성인만 있는 독서실 없어서 그냥 토즈 왔는데 중고교 학생들 열람실 안에서 쑥덕대며 떠드는 거 은근히 스트레스 받아서(총무들도 자기 시험 합격이 더 우선이라 주의 줘도 그때만임)그냥 노이즈 캔슬링 되는 이어폰 사려고....
2020-07-28 13:57,0,현재 학교 도서관 이용 불가인가요?? 열람실 이나 공부하는 곳 등이요~~
2020-07-13 22:27,9,좀 이유 없이 학교 욕하고 싶은 애들이라고 저격 그만하면 안돼?? 이젠 그만할 때 되지 않았어? 덕우들이 이유 때문에없이 욕하는 것도 아니고 이번 학기 등록금 진짜 아까웠는데 방학 중에도 시설 이용 못하고 열람실 널찍널찍해서 자리 띄어 앉으면 코로나 걱정이 크지도 않고 방학 중 도서관 이용하는 학생들이 그렇게 많은 것도 아닌데 굳이 폐쇄하면 충분히 불만 나올 수도 있는 거지 이유 다 글에 써 있잖아 뭐가 이유가 없어 공문 내려왔다는 건 댓글에 써 있고 공지사항엔 없으니까 모를 수도 있는 거지
2020-07-13 21:30,28,"도서관 열람실 문 닫는거 진짜 답답하다..... 우리 학교 인원수가 얼마나 된다고, 그 중 방학에 열람실 이용하는 학생이 얼마나 된다고 예방차원이랍시고 문을 닫지...? 도서관 문 닫으면 당장 공부할 곳 없어진 학생들은 카공이네 스터디카페네 전전하면서 더 코로나 위협에 노출되는데.. 진짜 화나고 답답해 지금처럼 정문에서 열 재고 마스크 쓰고 거리 두고 앉아서 열람실 사용하게 해줘도 되는거 아닌가? 이쯤되면 그냥 본인들 일 안하려고 닫는것같음 짜증나"
2020-07-08 17:02,1,"나 방금 도서관 갔다 온 덕우인데열람실 외엔 1층 도서관이랑 2층은 열람이 안되고 대출만 가능해!열람실은 4시, 도서관은 5시까지그리고 휴학생은 신청서 쓰고 3권만 대출 가능하더라고 참고해~"
2020-07-08 0:55,1,지금 열람실 잘 안쓰니까 3층 열람실 책상이랑 의자 싹 바꿔주면 좋겠다.. 콘센트 없는 책상 요즘 흔하냐고요!!!
2020-07-04 10:14,0,열람실 시설공사 한거야? 뭐지 영상만 봐선 어디에 만든건지 모르겠어
2020-07-01 23:06,0,헐 열람실 갈 수 있는거였어???
2020-07-01 15:38,1,"종강하니까 학교 가고싶네,,,아마스빈 사하라 버블티 마시면서 수업 듣고싶다 놀홍 연어초밥도 먹고싶고 조이키친도 가고싶음 잠깐 생기는 공강에 씨유가서 삼김 먹고 학교 끝나면 도서관 열람실에서 공부하고 싶다"
2020-06-30 13:25,26,오늘 열람실 가는길에 살짝 들러본 오스카라운지 동네..너무 좋은데 진짜.. 곧 졸업인 나는 운다 울어 .. 조팔
2020-06-27 20:22,0,"취준덕우들아. 덕우들도 부모님이랑 많이 부딪혀? 나 원래 공공도서관에서 공부했는데 지금 코로나 터지고 7월19일까지 입장금지 확정이고 이후 언제 열람실 풀릴지 모르겠고집에서 하는데, 부모님이랑 자주 맞부딪혀.  너무 스트레스야.스터디카페도 생각해봤는데 가격도 가격이고, 자리가 붙어있다보니 코로나 감염걱정+ 마스크 낌으로 인해 숨쉬기 불편+안경에 김. 으로 지금까지 안갔는데. 다녀야 되나 싶다.."
2020-06-24 9:49,0,도서관 열람실 여름방학때도 지금과 동일하게 여나요?
2020-06-24 8:29,0,시험 끝나고 방학 때 열람실 여나?공부할 수 있는 공간 필요한데
2020-06-22 13:10,0,억 열람실 사물함 갈 수 있는줄 알았는데 못가네...짐 빼야하는데
2020-06-21 0:50,0,요즘 학교 열람실 안 여는 거 맞지?
2020-06-20 17:11,5,아니 진심 다른거 다 열면서 도서관 안여는게 너무 빡침 공공장소에서 도서관만큼 말 안하고 덜 붙어있는 곳이 어딨다곸ㅋㅋㅋㅋ 심지어 집 앞 도서관은 시험기간 아니면 열람실 쓰는 사람 하루에 50명도 안 될 정도로 사람도 없는뎈ㅋㅋㅋㅋㅋ 진짜 다른곳도 다 올스탑이면 이해하겠는데 그것도 아니면서... 덕분에 한여름에 에어컨도 없는 집에서 공부하게 생긴 수험생....
2020-06-18 9:04,0,오늘 대면시험때문에 학교가야되는데 열람실말고 앉아서 공부할 수 있는 곳 있을까.... 인대 열어주나?
2020-06-18 1:36,0,작년 이맘때는 동기들이랑 수업끝나고 쌍커가서 커피하나씩 사들고 열람실에서 같이 시험공부하고 졸리면 학관 cu가서 컵라면 먹다가 수면실가서 자는게 국룰이였는데 그때가 너무 그리워 진짜 행복했는데 코로나 조팔색기
2020-06-18 1:11,0,학교 도서관 열람실에서 공부하고 싶어 •••
2020-06-17 20:08,0,오늘 열람실 사람 어느정도였어?
2020-06-16 2:55,3,시험때문에 밤새려고 하니까 열람실 분위기 그립다... 중간중간 모기잡는 소리 들리고 배고프면 학관씨유가서 뭐 사먹고... 옆드려서 자고... 시간맞춰서 자리 다시 끊으러 가고...
2020-06-15 13:00,0,아니 열람실은 열고..노트북실은 왜안열어줘요....
2020-06-15 1:48,0,요즘 학교랑 주변 도서관 다 대출만 가능하고 열람실 못 쓰는 거 맞지?
2020-06-15 0:54,1,여기 어디 리모델링 한거야??어떤열람실?
2020-06-12 1:35,0,학교도서관 자유열람실 쓸수있어? 포털보면 좌석 있길래
2020-06-09 17:04,0,우리 열람실 몇시까지야?...24시간 아니지????.....
2020-06-05 11:08,0,지금 열람실도 닫고 카공도 무서운데 그냥 본가갈까 갔다가 화요일쯤 올라오려고..본가는 확진자 없어..4학년이라 할게 너무 많음ㅋㅋㅋ..
2020-06-05 1:07,2,막학기고 밤늦게 자격증 공부하다보니열람실에서 2시까지 공부하고 수면실 가던 그때가 생각나네학교 미운정 고운정 많이 들었는데재학중인 시간이 한달도 안남은게 참 아쉽다덕우들은 대외활동 동아리 등등 하고싶은거 다하면서 재밌게 살길 바라ㅎㅎ
2020-06-03 1:42,1,헐 우리 학식 리모델링 하는거 지금봤는데 도대체 무슨일야?? 코로나 때문에 싸강하느라 걷은 등록금으로 학교 뜯어고치는거같음 이런데 사용하는거면 난 찬성이오그리고 궁금한거 있는데 우리 열람실 공사한거 열람실도 리모델링한거야?? 무슨공사 한거지
2020-06-02 18:05,0,혹시 열람실 화장실도 리모델링됐니..?
2020-06-02 17:34,1,ㅁㅊ 열람실 닫는다고???? 아미친 어디서공부해
2020-06-02 16:04,0,열람실도 폐쇄한다는데 자취생 그냥 본가갈까..주민독서실은 개관했다는데 후
2020-06-02 15:41,1,열람실까지 닫으면 진짜 시험공부 어디서하냐..
2020-06-02 15:01,5,열람실 오늘까지만 한대요교육부에서 닫으라했대요염병할
2020-06-02 12:05,0,도서관 열람실 와이파이 어떻게 연결하는지 아시는 덕우 있나요? 노트북에 학번이랑 비번 치면 된다고 해서 치는데 연결이 안돼서 도와주세요
2020-06-02 1:50,0,우리 도서관 열람실만 개방하고 도서대출은 안되는걸로 아는데 혹시 그냥 가서 읽을수도 없나요? 열람실 빼고는 아예 안여는건가요?
2020-06-01 21:20,0,우리 시험기간에도 열람실 계속 5시까지만 하려나...? 통학러 진짜 어디가있지...
2020-06-01 19:35,1,학교 열람실에서 밤새면서 공부하고 싶다.. 막상 못하게 되니까 그것도 그립네
2020-06-01 13:24,0,열람실...슬리퍼 뽀짝소리 개오지네진짜..... 오랜만에와서 쀼쨕소리를 잊고있었어...
2020-06-01 10:59,0,학교 도서관 열람실에 사람 많나요??
2020-06-01 3:38,0,학교열람실 다 마스크쓰는분ㅇㅟ기지?
2020-05-31 12:48,0,혹시 학교 열람실 몇시까지 개방하는지 아는 덕우 있니?
2020-05-30 23:59,0,도서관 자유열람실에 노트북 못 들고 가지?걍 영상만 보는 용도로.. 팬 돌아가는 소리 때매 안되나...?
2020-05-30 13:41,0,학교 열람실 문 여나요 ?
2020-05-28 16:36,0,열람실말고 학교 나머지 관들 인문 차관 등등은 몇시에 문닫는지 아는 사람~~!!
2020-05-27 22:30,0,오늘 열람실 간 사람들..! 사람많아?
2020-05-27 13:34,0,오늘 노트북실 안열려도 열람실에서는 노트북 사용하면 안되는거지?? 키패드 소리 안내고 강의만 들을거긴 한데
2020-05-25 14:12,0,휴학생은 열람실 이용 가능한데 시험기간에만 이용 못하는거 맞지?
2020-05-24 23:17,0,도서관이나 열람실 이용 원하는 사람들 자게에 글 올리자!
2020-05-23 15:29,0,화장실 하수구냄새나서 발포뭐시기로 청소했더니 냄새는 안나는데 그 열람실 화장실에있는 작은 나방같은애들이 한두마리씩보임 이거 번식력 오진다매... 아 여름 어떻게 버티지.. 하수구에 뜨거운물이랑 락스 이것저것 다 부었는데도 한두마리씩 자꾸 어디서 나옴... 하수구말고 나올데도 없는데
2020-05-23 3:11,0,코로나때문에 학교 못가서 도서관을 못쓰는데 시험준비하려면 개인독서실 끊는게 나아 아니면 동네에 있는 시 도서관 열람실 다니는게 나아??
2020-05-20 22:41,6,열람실 개방 원하는 덕우들아자게에 글이나 댓글 좀 써주라
2020-05-20 22:25,8,열람실 오픈 바라는 덕우들 도서관 Q&A랑 학교 자게에 글좀 쓰자...도대체 언제까지 카페를 전전해야해...자리 많이 남을테니까 9시부터 9시까지라도 좀 열었으면 좋겠다...
2020-05-20 21:42,1,우리 학교 열람실 아직도 이용 못하지?새공지가 없길래..다른 곳은 지그재그로 앉는 걸로 제한해서 열었던데..
2020-05-20 17:52,0,요새 학교 열람실 사람이 꽤 있나요?
2020-05-15 13:43,1,작년에 열람실에서 나즈횡야 ~ 들렸던거 갑자기 생각났는데 너무 웃기다 ㅋㅋㅋㅋㅋ 다들 보고싶어
2020-05-10 23:05,0,2관 기숙사내 칸막이 열람실  있나요?
2020-05-10 15:30,0,하..자취방 빼기전에 열람실 사물함에서 짐 빼야하는데 열 기미가 안 보이네
2020-05-08 22:52,1,도서관 열람실인데 앞자리 사람 다리 ㅈㄴ 떤다 시발 다리에 모터달았냐 진동 책상타고 느껴짐
2020-05-07 15:38,0,학교도서관이랑 열람실 아직 안 연거죠??!
2020-05-06 15:37,0,도서관열람실은여전히이용불가다...어디서공부하지....흑흑...카페도돈너무많이나가
2020-05-04 2:35,0,우리 열람실 개방 안하려나..
2020-04-29 18:35,3,"열람실공사, 학식리모델링, 차관소파교체(대강의동도 해줬으면 좋겠다)이제 바라는건 인사대 화장실공사......"
2020-04-28 18:07,0,"열람실에서 밤새 공부해보는게 소원이었는데,, 조금 슬프네요,, 하지만 저도 싸강 찬성 했기 때문에 괜찮습니다,, 눈에 흐르는건 물이에요 ^___^ 😂"
2020-04-28 18:01,0,"도서관은 그럼 언제 열려나,,, 열람실 필요해요,,,"
2020-04-23 0:09,0,뜬금없이 궁금한데 왜 학교 열람실 현황보면 3~4석씩 사용중이라 뜨죠??? 사용 중인 학생들이 있는건가요 아님 사용불가 좌석이라 사용가능이라 표시하는 건가요
2020-04-19 21:14,0,학교 도서관 열람실 이용할수있어?
2020-04-16 3:07,0,학교 열람실 와이파이 되나요?!
2020-04-10 21:08,0,아 열람실에서 덕우들이랑 공부하고싶다 오순도순.. 원래 지금쯤 슬슬 열람실 꽉 찰텐데
2020-04-10 11:05,0,도서관 열람실에있는 돈내고 쓰는 사물함그거 연장안하고 계속 둬도 되는건가...?들어가질 못해서 연장도 못하는데
2020-04-03 20:21,1,그럼 도서관 휴관도 무기한 연장일까..? 열람실은 개방해달라고 글 써도 되니 하...
2020-04-02 23:21,0,"요즘도 24시간 열람실 개방하나,,? 내일 가면 열려있을까?"
2020-04-02 20:43,0,원래대로라면...나는 오늘 스머프동산에서 동기들이랑 사진을 찍고 근데 우리 공부안해? 라고 하면서 저녁먹고 열람실에 들어와서 카누타고 애들끼리 카톡하면서 '야 근데 열람실 사람 은근 많다' 이러면서 낄낄거리겠지
2020-04-02 0:36,15,"핫게보니까 생각난건데..저번학기 시험기간에 학교 열람실 자리 잡으려고 그 자리현황 보고 있는데 한쪽 줄만 유난히 자리가 비어있는거야그래서 오 개이득하면서 근처로 발권하고 딱 갔는데....진짜 그 줄에 앉아있던 학우한테서 안씻은냄새 진동해서 백스텝 밟으면서 다른 자리로 옮김...진짜 시험기간 바쁘고 피곤한거 알지만, 최소한의 매너라고 생각해..물론 본인 위생 생각해서라도!"
2020-03-31 15:08,3,"아 이때쯤 학교 진짜 이쁜데,, 중간고사 다가와서 시험공부한다고 열람실에 쳐박혀 있으면 찬란하게 햇빛이 꽃과 나무 틈 사이로 부서지는 그 장관을 보면서 내가 이러면서 공부를 해야되나,,, 한탄하면서 한숨 푹푹쉬는 시기인데 너무 그립다 막학긴데 학교도 못가고 졸업하게 될것 같아서 너무 아쉽고 그러네"
2020-03-31 13:53,0,30일부터 도서관 열람실 개방이라고 했었던 것 같은데 문 열었나..?? 혹시 가본덕우??
2020-03-19 13:46,2,도서관 열람실 개방 가능한지 글 쓴다던 덕우인데 지금 포탈이 안들어가져섴ㅋㅋㅋㅋ 이런 식으로 쓸 건데 괜찮은지 봐줘 나 자게에 글을 처음 써봐...3월 15일까지였던 도서관 휴관이 계속 미뤄지고 있어 열람실을 사용하던 학우들이 큰 불편함을 겪고 있습니다. 혹시 열람실만이라도 개방은 불가한가요?1.시설 이용 시 마스크 사용 필수2.무조건 칸막이 책상 사용3.옆 학우와 붙어서 앉지 않기방학 중 열람실 사용 인원으로 미루어 보건대 열람실만을 개방하는 것으로서는 그렇게 많은 인원이 시설을 이용할 것이라고 생각하
2020-03-19 13:32,2,도서관 열람실만이라도 열어달라고 글쓰고 싶은데 열람실 출입되면 위험할 거같아? 열람실 칸막이 있는 책상만 쓰게 하고 출입+열람실 이용시 마스크 필수 정도로 하면 괜찮지 않을까?
2020-03-19 13:27,0,혹시 자게에 열람실만이라도 열어달라고 글써도 되나? 나 진짜 더이상은 집에서 공부 못하겠음
2020-03-19 13:26,3,등록금 환불 안해줄거면 열람실 쓰게 해줘야 되는거 아닌가?강의실도 다 막아두고 무슨 환불을 안해주는거야
2020-03-19 0:49,0,논술러들 다들 시험어디서 봤어? 난 열람실!
2020-03-18 20:10,0,있잖아 졸업생 책 안빌리고 열람실 안쓰고 단지 책 보러 가고싶은데 꼭 돈 내야해? 이제 내 학생증으로 입장이 안되나
2020-03-18 15:25,0,덕성내에서 그룹 열람실? 그룹으로 할수있는 방 ? 없나요??
2020-03-17 20:09,0,과제하러 도서관가면 열려있어?이번에 새로 고친 도서관은 안되고 공부하는 독서실같은 열람실만 되는건가?
2020-03-11 19:15,50,홈페이지에 도서관/커리어개발센터 리모델링한거 올라왔다! 열람실 의자 바뀐거 좋아 아악
2020-03-10 14:22,0,혹시 우리학교 열람실 열었나???
2020-03-09 2:50,0,"공립 도서관 코로나 때문에 지금 무기한 휴관이거든? 그래서 거기 딸린 열람실, 책대여 이런거 다 못해그중에서 제일 아쉬운게 프린트 못하는거. 도서관은 흑백 한장에 40~50원정도 하거든? 근데 동네 인쇄소나 문구점 가면 장당 100원 혹은 그 이상이어서 가격 훅뛰어! 난 한번 뽑으면 100장 이상 뽑아서.. 아 언제 끝나냐 지금 다 계획 미뤄진다!!"
2020-03-07 12:14,0,혹시 열람실 아예 못들어가는지 아는 사람? 사물함 가야 하는데...
2020-03-06 12:15,1,우리 학교는 도서관이 진짜 시설도 좋고다른 학교에 비해 열람실 자리도 치열하지 않은 것 같아(충전기 쪽은 시험기간엔 좀 힘들지만)새내기들이 들어오면 가장 만족할 시설이 도서관인 것 같은데덕우들은 어디가 제일 만족스러웠어?
2020-03-03 20:55,0,도서관 열람실에서 지금 공부할 수 있는거야??공부하고 있는 사람들이 있네
2020-03-03 18:06,6,오늘 학교 다녀왔다가 찍은 건데 원래 열람실 있던 곳인 듯! 학관 2층도 뜯어고치는 중이었고 커리어 센터는 엄청 트렌디하게 바꿔놨더라. 입구도 싹 고쳤고 안에는 진짜 깔끔하고 약간 인스타 감성이야! 네온 사인도 있었어. 조금씩 바뀌는 게 보인다 덕성
2020-03-02 20:15,1,학교 등록금으로 시설이나 더 좋게 만들어주라(ex 인대/열람실 화장실..)
2020-02-27 11:01,1,"코로나바이러스19 감염 확산이 우려됨에 따라 이용자의 안전을 위하여 부득이하게 도서관 운영을 다음과 같이 시행할 예정이오니 적극 협조 부탁드립니다.※ 적 용 기 간 : 2020. 2. 25(화) ~ 2020. 3. 15(일)1. 24시간 열람실, 제2자유열람실, 양현재, 현룡전 : 휴관2. 일반 도서실가) 운영방식 : 폐가식 운영나) 대 출 : 원하는 도서를 도서관 이메일로 신청 후 2층 대출카운터에서 대출 (library@duksung.ac.kr / 첨부파일: 도서대출신"
2020-02-27 11:00,5,"📣📣코로나바이러스 관련 도서관 이용안내📣📣코로나바이러스19 감염 확산이 우려됨에 따라 이용자의 안전을 위하여 부득이하게 도서관 운영을 다음과 같이 시행할 예정이오니 적극 협조 부탁드립니다.※ 적 용 기 간 : 2020. 2. 25(화) ~ 2020. 3. 15(일)1. 24시간 열람실, 제2자유열람실, 양현재, 현룡전 : 휴관2. 일반 도서실가) 운영방식 : 폐가식 운영나) 대 출 : 원하는 도서를 도서관 이메일로 신청 후 2층 대출카운터에서 대출 ("
2020-02-27 11:00,20,"📣📣코로나바이러스 관련 도서관 이용안내코로나바이러스19 감염 확산이 우려됨에 따라 이용자의 안전을 위하여 부득이하게 도서관 운영을 다음과 같이 시행할 예정이오니 적극 협조 부탁드립니다.※ 적 용 기 간 : 2020. 2. 25(화) ~ 2020. 3. 15(일)1. 24시간 열람실, 제2자유열람실, 양현재, 현룡전 : 휴관2. 일반 도서실가) 운영방식 : 폐가식 운영나) 대 출 : 원하는 도서를 도서관 이메일로 신청 후 2층 대출카운터에서 대출 (li"
2020-02-26 21:04,0,"독서실 폐쇄 내일부터 3월 중순까지래,,, 학교 가까운데 그냥 열람실 갈까 고민중임"
2020-02-26 3:38,0,와 나 열람실 인원 보는데 아직까지도 많이 계시네... 공부 완전 열심히 하신다 대박
2020-02-25 11:39,0,아 공부해야되는데 어떡하냐 집공은 못하는 환경이고 학교 열람실도 닫고 학원자습실도 운영안한다는데 카페는 돈 너무 많이들고
2020-02-25 9:26,0,엥 학교 도서관 오늘부터 갑자기 싹다 휴관한다는데 열람실 사물함에 짐있는 사람들은 어쩌라는거지
2020-02-24 19:29,0,도서관 열람실 다 닫으면 그 전자사물함도 못가나??????
2020-02-24 14:06,0,지금 열람실 열린건가? 검색해도 말이 다르다..😂
2020-02-21 14:40,1,오늘 열람실 3~5시 방역한대 5시부터 다시 이용가능
2020-02-21 2:38,0,학교 자유열람실 지금도 쓸 수 있어? 공사중 아니야?
2020-02-20 11:50,0,열람실 개좋아졌네 옛날엔 진짜 창고에서 공부하는 기분이었는데 ㅋㅋㅋㅋㅋㅋㅋㅋㅋ 자리 잡을수있을까
2020-02-20 11:04,4,"제28기 도서관 자율위원 모집공고도서관 자유열람실의 질서확립과 쾌적한 면학분위기 조성을 위해 2020학년도 제28기 도서관 자율위원을 다음과 같이 모집하고자 합니다.1. 모집인원: 8명2. 임 기: 2020. 3 ~ 2021. 2 (1년)3. 역 할가. 자유열람실내 질서유지를 통한 면학분위기 조성나. 이용자 고충사항의 신속한 해결4. 특 전: 학기 당 장학금 300,000원, 열람실 전용석 및 전자사물함 배정, 회의비 지원 등"
2020-02-19 15:40,29,학교 한 번 들러봤는데 커리어 센터 리모델링한 것도 보고 1층 열람실에 VR room? 이런 것도 생기고 100주년 맞이해서 라운지에 비전 액자 이런 것도 달렸던데... 학교가 조금씩 나아지고 있는 걸 보여. 벌써 몇년 전 일이지만ㅋㅋ 학교 제일 거지같을때 간담회 참석하고 직선제 참여해준 덕우들 고마워. (사실 나도 간담회 새벽 2시까지 있었어)
2020-02-14 17:29,2,열람실 시설좋아지면 존나박터질듯ㅋㅋㅋㅋㅋㅋㅋㅋㅋㅋㄱ다들 학구열 불탈각
2020-02-14 17:20,23,3층 도서관..뭔가 뿌시고 만들고 있음1층 열람실은 일하시는분들 많길래 사진찍기 뻘쭘해서 안찍었는데 조명이 샹들리에?랑 동글동글한 조명으로 바꼈어 열람실은 아닌거 같아..없어졌나
