28분 전,0,덕성다움 24시간 연장 공지 같은거 아직 안올라온거 맞나요??
34분 전,0,덕성다움 f그냥 앉으면 돼? 발권 어떻게 해?
2022-11-27 13:15,0,덕성다움 휴게실에서 밥 먹어도 되는 거 맞나?
2022-11-26 23:56,0,시험기간에는 주말에도 덕성다움 문 연다고 들은거 같은데내일은 문여나요??
2022-11-26 19:59,0,덕성다움 좀 춥지 않아?
2022-11-26 17:57,0,덕성다움 자유학습공간 e 써도 되지?
2022-11-26 11:56,2,덕성다움 E구간 좋아하는 사람도 있겠지만 개인적으로 E가 공간도 가장 많이 차지하는데 bcd 같은 좌석이 더 늘었으면 좋았을 듯!
2022-11-26 1:56,29,⚪️ 덕성다움 자리배치도
2022-11-25 23:06,1,우리 내일 덕성다움 안 하고 이런건 아니지? 도서관이랑 학사공지에 별말없으니 논술고사라도 갈 수 있는거겠지 괜히 허탕칠까봐..
2022-11-25 16:24,0,덕성다움에 안에 있는 스터디룸 앱으로 예약해놓고 발권은 언제까지 받아놔야 하는지 아는 덕우??
2022-11-25 11:24,7,"저희 덕성여자대학교 공식 인스타그램 계정에도 덕우분들이 올려주신 금손 사진들 (쌍문캠퍼스, 종로캠퍼스, 덕성다움 등등) 덕우분들께 동의 구하고 “스토리”나 “게시글”에 올리면 홍보 효과에 아주 도움될 것 같은데 이 계정은 학교가 관리하는건가요, 아님 따로 학교 내 동아리가 있는건가요? 아무래도 수험생이나 외부 사람들은 그 덕성여자대학교 공식 인스타그램을 검색하는 경우가 많다고 생각해서요!"
2022-11-24 17:15,0,덕성다움 24시간임?
2022-11-24 10:19,0,지금 덕성다움 아이폰충전기 빌려주실 분 계신가요..이따 줌수업을 들어야 하는데 충전기가 고장났습니다🥹
2022-11-23 20:32,32,덕성다움 줄이면 덕다블랙다운 줄이면 블다둘이 무슨 사이임? ㄷㄷ
2022-11-23 12:14,0,덕성다움 어떻게 가나요...?커리어개발센터쪽으로 올라가는거 맞나요..?
2022-11-23 0:14,0,덕성다움 키스킨없이 노트북 타자쳐도됨?? 새벽에
2022-11-22 17:12,0,덕성다움 딱 봐도 빈자리인곳 꽤 많은데 발급하려고 하면 자리 있다 나옴...집 갈 때 반납 좀 해주세요 제발....
2022-11-22 10:56,0,덕성다움 너무추운데 어디다말해야해?
2022-11-21 13:44,0,덕성다움에서 책 읽고 싶으면 책 대여하고 올라가서 읽어야 하나요? 아니면 대여하지 않고 들고 올라가서 읽어도 되나요?
2022-11-20 18:53,0,덕다 충전 나만 안되는거야??덕성다움
2022-11-20 17:08,0,덕성다움 덕다 왠지는 모르겠으나 A구역 전부에 스탠드 불이 안 들어오고 충전기 불도 안 들어옵니다 내일..엔..고쳐질까
2022-11-20 15:48,0,덕성다움 전기 안 되는데 어떡해?
2022-11-20 15:35,0,덕성다움 전기가 원래 안들어오나요?
2022-11-19 23:16,0,에타공지 도서관 운영시간이랑 도서관 홈페이지 시간이 달라서 그런데덕성다움 일요일에도 23시까지야?아니면 일요일은 운영안해?
2022-11-19 21:01,14,"[2022-2] 정규 영상방송🗓11월 18일 금요일🎥더블뉴스 25회🎙뉴스를 더블하다.덕우들과 더불어 사는 방송!여러분의 무료한 일상에 더블뉴스가 찾아갑니다.오늘 토픽은 MBC 전용기 탑승 배제, 덕성多움 개관입니다.🖥본 방송은 운현방송국 유튜브 페이지에서 확인하실 수 있습니다.https://youtu.be/bPAWblQPoEA"
2022-11-19 15:38,2,부산대 도서관 리모델링 보다 덕성다움이 더 좋은데..?
2022-11-19 12:06,0,주말에도 덕성다움 사람 좀 있어?? 학교가서 공부하려고 하는데..
2022-11-18 22:55,37,"다음카페 인기글에 ‘싹 바뀐 부산대학교 도서관 근황’ 으로 리모델링한 거 올라왔는데 반응 좋다우리 학교가 규모 크고 더 좋은 것 같은데 덕성다움, 오스카라운지, 3층 휴 다음카페 홍보 안되나??"
2022-11-17 12:38,0,덕성다움 요즘에도 아침에 사람 많나요?
2022-11-16 20:13,0,덕성다움 스터디룸 발권하는 방법 아시는 분 계신가요.. 기계에 F가 없고 abcd만 있어서요.
2022-11-16 7:40,0,덕성다움 지문인식 문 도대체 어떻게 여는거야??.. 아무리 당겨도 안 열리는데
2022-11-15 23:37,4,아 나 미친년인가봐 덕성다움 a구역에 짐놓고온거 지금 생각났어 혹시 그 자리 발권하신분 있으면 정말 죄송합니다.. 내 짐 누가 다 버렸으려나... 오늘 시험이었어서 정신도 없고 그랬는데 피해보신분 있으면 정말 죄송합니다
2022-11-15 10:03,0,줌으로 말하면서 해야할게있는데 학교에 당장 그럴 수 있는 곳 어디있어??덕성다움에서 해도돼??
2022-11-15 3:17,0,휴학생인데 덕성다움이란게 도서관 쪽에 원래 있던 스터디룸을 명칭만 그렇게 부르는거 맞아??
2022-11-15 2:05,0,덕성다움 9시에 여는거 맞아?
2022-11-14 17:44,33,⚠️⚠️덕성다움 덕다 제발 반납 해주세요‼️⚠️⚠️B구역 01번부터 08번까지 모두 만석인데실제로는 4석 무려 절반이나 텅텅 빈자리인 게 말이 되나요 😩... 나갈 때 반납 누르고 갑시다 제발!!!!!!!!
2022-11-14 16:12,9,"비대면 원하는 학우들 저격하는 건 절대 아닌데 난 대면 너무 너무 좋아 통학만 빼면 지금 진짜 최고야 21학점 듣는데 솔직히 힘들지만 보람 있고 덕성다움, 열람실에 덕우들 공부하는 거 보면 동기부여도 되고 지난 학기랑은 아예 다른 세상 같아 비대면 때 집에서 모든 수업에 아예 집중 못 하고 무기력해서 정신병 걸리는 줄 알았거든 2점대까지 받아봤는데 공부를 한다는 느낌을 대학 들어오고 이제 드디어 처음 느꼈어 시험 성적 최고점을 받아도 이전에 받았을 때보다 성취감도 커졌어. 이건 꼭 장점만은 아니지만... 아무튼 수업에서 덕우들 만나는 것도 즐겁고 중간마다 동기랑 밥 "
2022-11-14 10:35,0,혹시 덕성다움 B자리(1인 개인좌석)에 있는 스탠드 어떻게 키는거야??
2022-11-13 17:19,21,집에서 꾸물거리다 덕성다움 가는데 먼저 미야옭~ 하면서 인사해준 큐티 빵딩이 미고🥰🥰🥰 귀여워 죽겠어 이 관종냥이...❤️❤️
2022-11-12 15:23,0,덕성다움 처음 가는데 덥나요??
2022-11-12 14:57,0,혹시 지금 덕성다움 문 좀 열어주실 분 계신가요??..
2022-11-10 17:43,0,덕성다움 덕다 B16 자리 편하게 사용하세요!! 집에 빨리 가 봐야 하는데 어플로 반납이 안 돼서 그냥 갑니다...
2022-11-10 11:31,0,덕성다움 테이크아웃 음료는 반입 안되는거죠?
2022-11-09 16:14,0,덕성다움 자리예약 어디서 어떻게 해?
2022-11-09 2:51,0,덕우들은 도서관에서 공부할 때 어디가 제일 잘되는거같아? 덕성다움? 일반도서관자리? 아니면 칸막이열람실?
2022-11-08 10:39,0,덕성다움왜 반납을 안할까..자리에 없으면 그냥 앉을까
2022-11-07 20:24,0,스터디룸 F4가 어디인가요? 혹시 덕성다움인가요?
2022-11-07 11:39,0,덕성다움 창가자리 학식당 창가자리처럼 의자 높고 책상 낮지..??
2022-11-05 18:49,0,덕성다움 병음료는 반입 가능해?? 텀블러 아니고 걍 편의점 병음료..
2022-11-04 11:26,23,혹시 덕성다움or약학관에서이 아이패드 파우치를 보신 분 계신가요?(덕성다움 B9 이용했습니다)이름은 쩰루미입니다저번 주에 선물받은 아주 귀여운 아이인데..제가 잃어버리고야 말았어요....보신 분은 연락 부탁드립니다
2022-11-03 14:32,0,덕성다움 f좌석 현황 보려면 여기서 뭐 눌러야 해..?
2022-11-03 11:12,0,덕성다움 잠깐 밥먹느라 자리비워도 괜찮나요..?
2022-11-03 9:32,1,덕성다움 창가자리 b좌석 손전등(라이트) 어떻게 키는거에요?늘 키고싶어서 이곳저곳만져보는데 못찾아서 어둠의 좌석 속에 앉아있기만 해요..
2022-11-03 2:52,82,"새벽에 잠 안와서 뒤척거리다가약대도 게시판 있는거 처음 알아서 와본 타과생이에요이번 시험기간에 덕성다움 열람실 쪽에서 약대분들 많이 마주쳤거든요,,크리피한건 아니고 과잠을 봐서 알았어요공부 정말 열심히 하시더라구요 제가 놀랄 정도로 ㅎ4학년 막학기생인데 그동안 학교에 약대가 있구나~건물 깔끔하다 뭐 이런생각만 하다가열심히 사시는 모습들 보니 자극도 되고 나도 멋진사람이 되어야겠다 생각도 했어요일하는 필드가 달라 사회에서 마주칠 일"
2022-11-02 16:21,0,샐러디 시켜서 나눠가지실 분 있나요? 저는 덕성다움인데 하나씩 시켜야 최소주문 금액이 맞을 것 같아서요…
2022-10-31 17:41,1,"덕성다움은 왜 벌써부터 히터를 이렇게 틀어,,?"
2022-10-31 14:46,0,덕성다움 시험기간 24시간 하는 거 이제 끝난 거야...? 하지만 저의 시험은 끝나지 않았는데요!!!!!
2022-10-31 14:36,1,덕성다움 B10 애플팬슬 놓고가셨어요..
2022-10-31 10:54,2,덕성다움 B9 에서 애플펜슬 찾으신 분 계신가요? 주말동안 보신 분 댓글 남겨주시면 정말 감사할 것 같아요.. 지난 금요일에 놓고가서 두 분이나 글 올려주셨는데 못 보고 오늘 알게돼서 전부 찾아봤는데 없네요… 혹시 가져가신 분 있다면 서비스센터로 가져다주세요 부탁드립니다…
2022-10-30 16:44,0,혹시 지금 덕다 사람 많은가요? 덕성다움에 계시는 분중에 댓글 달아주시면 감사하겠습니다:)
2022-10-29 15:28,7,덕성다움 24시간 해주면 안되나? 아님 제1열람실이라도...24시간 열람실은 타이핑이 안되잖아난 노트북이 꼭 있어야하는 과인데....
2022-10-28 20:44,6,덕성다움 b18 자리에 애플펜슬 두고 가셨어요~
2022-10-28 16:48,6,덕성다움 B09 애플펜슬 놓고 가셨어요
2022-10-28 14:26,6,덕성다움 B9 자리 밑에 애플펜슬? 있습니다 책상위에 두겠습니다~
2022-10-28 12:15,51,"#행근딸 #개방이사""덕성여대 ""MZ세대 취향 담은 도서관 '덕성多움' 개관""https://n.news.naver.com/article/003/0011503140?sid=102덕우들아 덕성다움 기사 나왔다. 좋아요 많이 눌러주자ㅎㅎ(여유금 있으면 예비새내기들 위해 총학이 진행 중인 모금도 하자 속닥속닥)"
2022-10-27 22:32,12,덕성다움 B18에 애플펜슬 두고가신 분펜슬이 애타게 주인분을 기다리고 있어요
2022-10-27 22:05,3,근데 덕성다움.. 진짜 도둑있어? 어떤 덕우 펜슬 없어졌다는데 나도 충전기 어댑터 책상위에 있던거 없어짐 다들 조심해…….시발
2022-10-27 21:05,19,"#행근딸 덕성다움에서 애플펜슬 주우신 분, 가져가신 분이 있다면 돌려주시면 감사하겠습니다10월 21일 금요일 덕성다움 A12자리에서 애플펜슬을 분실하였습니다. 지금까지 캡스, 학생서비스센터, 도서관을 돌아다니며 찾았으나 발견하지 못하였습니다. 다음주 월요일까지도 찾지 못하면 도서관 사서님께 양해를 구하여 씨씨티비를 보기로 하였습니다. 혹시라도 가져가신 분이 계시다면 캡스에 분실물로 놓고 가셔도 좋으니 꼭 돌려주시길 바랍니다. 분실한 건 제 불찰이나, 새로 살 돈이 없고 공부에 꼭 필요합니다. 부탁 드립니다..! (애플펜슬을 "
2022-10-27 15:03,0,덕성다움 b구역 자리반납 좀 해주세요... 자리는 꽉 차있다고 뜨는데 빈자리 꽤 있네요
2022-10-27 14:34,0,덕성다움 들어가려면 지문 필요한가요..? 1학기 때 등록했었는데 2학기 때 재등록 하지 않아도 되겠죠...??
2022-10-27 13:19,1,덕성다움 여기로 들어가는 거 맞나요? 힘줘도 안 열리는데 어떡하죠
2022-10-27 11:13,0,덕성다움 와.. 처음 와봐.. 진짜 좋네
2022-10-26 19:16,0,덕성다움 혹시 삼성노트북충전기 있는 사람..?
2022-10-26 16:50,0,혹시 덕성다움 오늘 몇시까지 하는지 아시는분..!
2022-10-26 16:20,0,아까 덕성다움 청소해주시는건 정말 감사한데 빗자루를 책상 위에 두셔야 했을까...? 그 덕에 책상 위에 먼지랑 머리카락 선물로 올려졌는데 이게 맞나...ㅎ
2022-10-26 16:11,0,덕성다움 정수기 위에 사탕 같은 거 두고 가신 것 같은데 누가 잃어버리신 걸까요?
2022-10-26 12:45,0,덕성다움 자유석쪽 게임소리 다들려요 제발..
2022-10-26 11:58,3,#행근딸 #개방이사 #메일총공덕성다움 밀크츄.... 잘 먹겠습니다😘
2022-10-26 11:31,0,혹시... 덕성다움 쪽에서 잠깐 눈 붙일 수 있는 데 있을까...? 밤새고 와서 너무 피곤한데 도서관 3층? 빈백은 자리가 다 찼더라고...........
2022-10-26 10:32,28,덕성다움 앞 정수기 위에 모시송편이랑 술빵 몇 개 갖다놨어요 드세요!!마지막 덕우분이 종이봉투 처리해주세요 다 안가져가시면 제가 저녁에 치울게요!!
2022-10-26 10:04,0,덕성다움 혹시 찜통인가요?
2022-10-26 6:39,0,오늘 하루 덕성다움에서 밤 샜는데 모기 4마리 잡음..
2022-10-25 22:22,0,"혹시 덕성다움에서 머리끈 나눔해주실 천사분,,"
2022-10-25 20:50,20,덕성다움 앞 정수기에 행운의 쪽지랑 간식(빅파이) 있어요! 소박하지만 어느 덕우를 응원하는 마음으로 두고 갑니다…✉️🍀
2022-10-25 20:06,0,덕성다움 와이파이 나만 안돼 ?
2022-10-25 18:59,0,인간적으로 덕성다움이던지 어디든지 도서관 자리 쓰면 지우개가루랑 흔적은 좀 치우고 가자;
2022-10-25 18:03,0,덕다 덕성다움 자유석이 들어가자마자 넓게 있는 테이블 맞나요?
2022-10-25 14:53,0,"열람실(덕성다움,제1열람실) 오늘도 밤 샘 가능한가요?!!"
2022-10-25 12:31,0,덕성다움은 자리 현황 도서관 어플로 못보는거 맞죠..?
2022-10-25 10:20,17,"계속 끌올 죄송합니다! 제대로 작성해서 다시 올려요. 핫게 보내주시면 너무 감사할 것 같습니다.버즈2를 찾습니다!! 케이스는🖤검정색 게임기 모양🖤에 🤍하얀색 일본어 차 번호판 키링🤍이랑 🐠금붕어에 한자 적힌 키링🐠 달려 있는 버즈2입니다.전부 다 선물받고 아끼는 것들이라 너무 간절해서 습득하셨거나 보신 분 계시면 꼭 말씀해주셨으면 좋겠습니다.어제 아침 7시부터 덕성다움에 있었는데,7시 반에 B16(창가쪽)에서 A12로 건너온 이후로 버즈를 케이스째 보지 못하고 있습니다.다녔던 동선 "
2022-10-25 9:11,0,덕성다움 자리 있나요
2022-10-25 3:51,0,그래서 덕성다움은 방학 때도 운영한다는 게 맞지?? 운영시간 정리한 거 보는데 말이 달라서..
2022-10-25 3:35,2,헐... 덕성다움에 제가 먹던 커피를 안 치우고 왔네요 진짜 죄송합니다. 오늘 학교 가면 바로 치우겠습니다.. 갑자기 지금 생각이 났어요
2022-10-25 1:11,0,덕성다움 지금 사람 많나요?
2022-10-24 23:35,0,#행근딸덕성다움 25일날은 11시에 문닫는 걸까?
2022-10-24 22:54,0,덕성다움 B자리는 콘센트가 따로 없나요?
2022-10-24 22:31,15,🍀덕성다움에서 💛노란색💛스타벅스 텀블러 발견하시거나 보관하고 계신 분 기프티콘 사례하겠습니다 꼭 연락 주세요🍀 제가 아끼는 텀블러라 연락 주시면 감사하겠습니다
2022-10-24 22:19,2,혹시 덕성다움 b20번 좌석이나 화장실 아니면 정수기 근처에서 노란색 스타벅스 텀블러 보신 분 계실까요? 제가 그냥 두고 나온 것 같은데 혹시 확인해 주실 분 계실까요? 😭 부탁드립니다
2022-10-24 18:19,0,덕성다움 e구역 자리 나오면 제발 댓글 달아주세요..
2022-10-24 17:40,0,낼 10시에 수업끝나면 쭉 공강이다가 4시에 시험인데..공부할곳 추천좀..덕성다움은 자리없을것같은데..
2022-10-24 16:53,1,오늘 덕성다움에서 밤 샐건데 덴탈마스크 필요하신 분 댓글 달아주세요!샀는데 너무 많아서 다 못쓸 것 같아서 나눔합니다!*공부하거나 외출로 인해 답장이 좀 늦을 수도 있습니다*
2022-10-24 12:59,0,덕성다움 F05 스터디룸에서 애플펜슬1 두고 가신분 찾으러오세요
2022-10-24 11:52,14,📚덕성다움&자유열람실📚 게시판 만들었습니다!필요한 거 빌려주고 궁금한 점 있으면 서로 물어봐요~!
2022-10-24 11:03,4,아..덕성다움 화장실에서 바퀴 봄..아침부터 소름끼쳐
2022-10-24 8:32,5,덕성다움 이용하신 김*경님 댓글 남겨주세요분실하신 질슈트어트 지갑 소파쪽에서 발견해서 보관하고 있습니다9시까지 제가 보관하고있다가 이후엔 학생서비스센터에 맡길게요
2022-10-24 8:01,3,처음 : 도서관 어플에 사용중 좌석 점점 늘어가면서 보면서 덕성다움 내자리!!! 어카지... (현타 개오짐)지금 : 열람실가지뭐... 스카나 카공할까(코파기)#행근딸 #개방이사
2022-10-24 7:35,22,덕성다움 너무한거 아니냐? 자기가 앉은 자리 정도는 치워라 자율석 이렇게 쓰고 걍 가버리면 다여? 드럽.. 내가 일단 대충 치웠는데 누군진 몰라도 진짜 양심좀 챙기슈
2022-10-24 7:29,0,다들 왜 덕성다움가려고 애쓰고 제1열람실은 별로 안가려해? 난 도서관 별로 안가봐서 모름...
2022-10-24 0:35,0,덕성다움 새벽 발권 지금도 안되나요 ?
2022-10-23 23:52,0,덕성다움에 혹시 인공눈물 있으신 분 계실까요?일회용 있으시면 천원에 하나 구매하고 싶습니다 눈이 건조해서 죽을 것 같아요...😭
2022-10-23 22:01,1,덕성다움에 있는 덕우들 중에 덴탈 마스크 필요한 사람 있으면 말해!나 오는 길에 샀는데 혼자 쓰기엔 너무 많아..
2022-10-23 21:41,0,덕성다움 스터디룸도 새벽에 비어있으면 가서 앉아서 공부해도 되나? 무조건 두명 이상이어야 할라나 새벽에도? 발권 안될 때 말하는 거임
2022-10-23 21:29,0,덕성다움 몇 시부터 발권 안 되나요?
2022-10-23 20:00,0,덕성다움 새벽에 가도 자리 없어?
2022-10-23 19:04,25,#행근딸덕성다움 마스크 안 쓴 사람이 왜이렇게 많지 한두명이 아니야
2022-10-23 18:51,1,덕성다움 청소 진짜 필요할 것 같은데쓸기는 함 ..? 24시간 열어서 청소하는지도 모르겠네
2022-10-23 18:18,0,덕성다움 자리 있어서 갔는데 짐 그대로 있음 ;
2022-10-23 15:37,0,덕성다움 에어컨 조절법 아는사람 버튼이 많은데 설명도 안써있어서 모르겠어.. c랑 b 같이있는 쪽 에어컨나오는데 추워요... 덕다 도자위석은 비어있고
2022-10-23 14:33,0,덕성다움 갈까 했는데 이미 만석이네 쓰읍
2022-10-23 13:40,1,덕성다움 자유학습공간에서 핸드크림 떨어진 거 발견했습니다 주인분 찾아가세요..!
2022-10-23 11:48,0,혹시 덕성다움이나 1열람실에 라이터 있으신 분 계신가요? 잠깐만 빌리고 싶습니다!
2022-10-23 8:43,5,덕성다움 덕다 B17번 펜 두고 가신 분..!!!! 분실하신분..!! 이 자리에 그대로 둘게요 가져가시길 …
2022-10-23 1:10,0,덕성다움 에어컨 조절하는거 어딨어? 추워..
2022-10-23 0:36,0,정말 궁금해서 그러는데 덕성다움에서 공부하는 덕우들 중에 노트북으로 막 신내린듯이 타자치는 덕우들은 과제 하는거야..? 난 프린트 암기하고 있거든
2022-10-22 23:53,0,혹시 지금 휴게실(덕성다움 층에 있는 곳)에서 햄버거 먹어도 되나요… 배고픈데 검색해보니 된다 안된다로 나뉘는 것 같아 정확하게 물어봐요!!
2022-10-22 23:04,0,덕성다움 B자리 꽉찼어??
2022-10-22 22:37,0,덕성다움 마스크 안끼고 기침 오지게 하는 사람 있네..
2022-10-22 20:53,0,덕성다움 숨막혀
2022-10-22 17:53,0,지금 덕성다움 덕다 e구역도 꽉 차있나요? e구역 쓰고싶은데 앱에서 볼 수 없어서 여쭤봐요
2022-10-22 17:04,0,덕성다움 넘 덥다….🥵
2022-10-22 16:06,0,덕성다움 지금 자리 없지… 앱 보니까 D 몇개빼고는 꽉 차있던데
2022-10-22 14:02,0,#행근딸덕성다움에서 신발벗고 양반다리 하고 있어도 되나요?
2022-10-22 13:51,0,학교에서 새부리형 마스크 중형 아무색이나 한 개 팔아주실 분 계실까요 전 지금 덕성다움쪽에 있어요! 편하게 연락주세요
2022-10-22 13:20,0,덕성다움 자리 잡았는데 전에 쓰던 사람 짐 안 치워져 있어한두개 아닌데 이거 그냥 다 치워서 한 곳에 몰아놓고 내 공부 해도 되지?
2022-10-22 12:46,4,#행근딸덕성다움 테이크아웃 커피 개많은데 제재 같은거 없어??  그냥 권고사항인가일부러 뚜껑달린거 샀는데 다 먹네 나도 얼음있는거 먹고싶은데
2022-10-22 12:43,0,덕성다움 내가 발권한 좌석에 짐 있으면 어쩌지..?
2022-10-22 2:04,0,지금 덕성다움 사람있어??
2022-10-22 2:01,0,#행근딸 덕성다움에서 연필 케이스 낀 애플펜슬 보신 분 구해요... A12 자리였습니다
2022-10-22 1:32,0,덕성다움 24시간 개방 화요일까지라고 써있으면 화요일에서 넘어가는 수요일은 포함이안되는 건가요?수요일 오전에 시험이 있어서 화요일에 밤새고 시험보러 가려고 합니다!
2022-10-22 1:13,0,덕성다움 이 시간에도 자리 없나?? 지금 열람실은 텅텅인디..
2022-10-21 23:52,7,덕성다움에서 공부하다 밤산책하는 기분 짱4학년이라 학교에서 누리는 모든게 다 좋음.학교 떠나기 싫어!!!!!!
2022-10-21 23:44,0,덕성다움 주말에도 사람 많을까요?
2022-10-21 22:22,2,도서관에 있으면 시위소리 안들린다 하는데 나 그때 덕성다움에 있을때 잘만들렸는데? 내 귀가 이상한거니
2022-10-21 20:02,3,덕성다움 d 28 자리에서 아인 검정 지우개 놓고 가신 분발권기에서 들어오는 입구 쪽 덕성다움 이용수칙 안내판 종이 뒤에 놔뒀습니다찾아가세요!
2022-10-21 19:32,4,덕성다움 마스크껴서 그런가 뭔가 답답하지 않아 ...? 숨쉬기 답답해서 못있겠어
2022-10-21 18:14,56,"덕성다움 동영상 띵동소리 죄송합니다타임랩스 찍어보려고 했는데 (맹세코 제 얼굴만 나오는 얼빡샷) 촬영 버튼 소리가 크게 들려서 놀라셨을 것 같아요참고로 제가 연예인병으로, 카메라 키니깐 자꾸 의식하게 되서 동영상 촬영 껐습니다 ..."
2022-10-21 17:10,2,덕성다움 자유석에 이거•• 누군가의 분실물인가요..? 아님 혹시 제 것…? 🥹
2022-10-21 16:43,0,덕성다움 추워요.. c랑 b 섞여있는 쪽인데 에어컨나오는 건가요..? 도자위 분들 보시려나 서늘한 바람이 나와요 #개방이사 #메일총공
2022-10-21 15:58,0,혹시 나 지금 f5 덕성다움에 있는데컴퓨터 충전기 30-1시간만 빌려줄 사람 있을까..???
2022-10-21 12:37,0,노트북실과 노트북존 차이가 뭐야?노트북실이 기존에 있던 곳이고 노트북 존이 덕성다움이야?
2022-10-21 11:15,0,덕성다움에 생리통 약 있으신 분 계신가요... 한 알만 팔아주실분....
2022-10-21 8:54,0,덕성다움 아이패드에 종이질감 필름 그거인데 생펜슬로 쓰면 방해되려나
2022-10-21 8:03,0,덕성다움은 도서관 어플로 발권이 안되는거야?? 도서관 어플
2022-10-21 4:03,0,덕성다움 지금 b구역 자리 났나요? 발권 못하는 시간이라 사람이 얼마나 차있는지 알 수가 없네요..
2022-10-21 2:56,0,덕성다움에 콘센트 있고 1인 폐쇄적인 자리가 어디야?
2022-10-21 2:17,0,지금 덕성다움이신분!어느 정도 차있는지 알려주실 수 있나요?
2022-10-21 2:16,0,덕성다움 오전 7시쯤에 가면 원하는 자리 있겠지?
2022-10-21 1:54,0,혹시 덕성다움에 두통약 있으신분 계신가요..???
2022-10-20 22:13,0,예전 제 2 자유열람실이 덕성다움인가뇨?
2022-10-20 22:13,7,#행근딸 덕성다움 마스크좀 벗지 마세요 제발
2022-10-20 20:15,24,덕성다움 B구역 노트북존?? 여기딱 내취향인데 남색 소파같은 의자랑 노트북 받침 집에 들여놓고 싶어 진지하게 이거 구매하고싶은데 학교 총무팀에 업체 문의하면 되나...?
2022-10-20 19:02,0,나덕우 휴학생.. 덕성다움이 도서관이야??
2022-10-20 18:39,0,와 덕성다움 자리 하나도 없어?
2022-10-20 18:25,0,덕성다움 오늘도 수기야?
2022-10-20 18:24,0,#행근딸다이소에 맥북 키스킨 파나..? 덕성다움있는데 노트북 쓰려니까 눈치보이네
2022-10-20 18:19,4,덕성다움 마이쮸 덕우 이후로 자리 반납할때 간식 놓고 가는거 귀엽다
2022-10-20 17:51,18,아까 낮에 덕성다움에 있다가 4층으로 올라왔었는데 방송국분들이 쓰레기통 비우시는 거 봤음다들 멋있어… #행근딸 #개방이사
2022-10-20 16:04,0,졸업생.. 덕성다움이 뭐야..? 찾아보니 열람실같은거 같긴 한데 궁금하다 사진이나 그런거
2022-10-20 15:53,0,덕성다움 요즘은 밤 늦어도 사람 안빠지겠지?
2022-10-20 15:00,4,오늘 있었던 일도 아니고 특정 누구를 저격하는 것도 아닙니다덕성다움 자유석 소곤소곤 대화가 가능하긴 하지만 너무 길게 자주 대화하지는 말아주세요… 말을 많이 하실 것 같으면 차라리 스터디룸을 잡거나 밖에 나가서 얘기해주세요
2022-10-20 13:57,0,#행근딸덕성다움 e 구역 수업 듣는 시간(1시간 15분)동안 비워두면 민폐일까요..?
2022-10-20 13:41,0,#행근딸덕성다움 너무너무너무너무너무너무너무 덥다
2022-10-20 13:08,2,덕성다움 처음 와서 공부하는데 진짜 시설 개좋아서 애교심 터짐.. 뭐냐 진짜 엄청 쾌적한 여성전용스터디카페같아오스카라운지도 좋았는데 미치겠네ㅋ.. 기대이상임
2022-10-20 12:37,0,덕성다움 집중형 공간 쪽에서 하얀색깔 무선 마우스 보신 분 계신가요? a48번에 앉았었습니다!!!🥹
2022-10-20 10:49,21,덕성다움 A구역 짐도 없는데 발권되어있는 자리만 13자리임. 다른 구역은 안세봐서 모르겠는데 비슷할듯빈자리 많은데 못쓰는거 도자위한테 물어봤는데 사서선생님이 앉아있다가 사람오면 비켜줘야한다고 하셨대. 근본적으로 사람없는데 발권만 해둔건 사서선생님이던 도자위던 반납처리할 수 있게 해줘야하는거 아니야?
2022-10-20 10:46,0,#행근딸덕성다움에 카페에서 테이크아웃한 음료 안되는 거 맞나요? 따뜻하게 해서 빨대 없어도 안 되는거죠..?
2022-10-20 10:41,0,#행근딸덕성다움 안에서 젤리 후다닥 입에 넣어도 될까?
2022-10-20 10:05,0,#행근딸덕성다움e 발권 안하고 써도 돠는 거 맞죠..? 시간제한도 있나요?
2022-10-20 9:37,33,덕성다움에 마이쮸 두고 가신 분.. 덕분에 오늘 하루 기분 좋게 시작해요 감사합니다..♡
2022-10-20 9:31,1,근데 난 갠적으로 제1열람실이나 덕성다움보다 도서관1층 그 책 많은 곳이 젤 좋다 ㅋㅋㅋㅋ 고학번이라 늘 거기서 공부해와서 제일 편하고 뭔가 오리지날 같아서 좋음
2022-10-20 9:27,0,누가 덕성다움 사진 좀 잘 찍어서 커뮤에 리모델링 한거 홍보좀 해 줬으면 좋겠다... 저번에 보니까 경북대 도서관 리모델링한거이런것도 글 따로 올라오던데
2022-10-20 9:25,2,덕성다움 사이즈 딱 2배만 됐으면 좋겠다
2022-10-20 7:38,0,혹시 덕성다움 히터 꺼주실 수 있나요 눈이 너무 아파서요..
2022-10-20 7:29,0,덕성다움에 계신 덕우님 !!제가 이번학기 지문등록을 까먹고 안해서...혹시 8시 30분쯤에 문열어주실 분 있으신가요?
2022-10-20 5:38,0,덕성다움에서 6시에 발권을 시작했는데 만약 그 자리에 누가 있으면 어떡해…?
2022-10-20 4:41,0,#행근딸오늘 덕성다움에서 밤샌 덕우들아! 혹시 추웠어?? 이따가 밤샘할건데 저번에 난 너무 추웠어서 지금도 그러면 담요 가져가게...
2022-10-20 2:06,0,지금 덕성다움 자리있어??
2022-10-20 1:35,0,덕성다움 오전 12시부터 6시까지 자유석이야?
2022-10-20 0:26,0,덕성다움 지문 없으면 아침에 몇시부터 들어갈 수 있나요?
2022-10-19 23:57,0,#행근딸지금 덕성다움 갈까.. 긱사생임
2022-10-19 23:44,0,아침 7시쯤에 덕성다움 가려고하는데  도서관 통해서만 가봐서 길을 모르는데 어디로 가야하나요??? 혹시 지문 필요할까요....?
2022-10-19 22:11,0,#개방이사 #메일총공덕성다움 아침9시쯤 가면 다 차있어??
2022-10-19 21:07,1,#행근딸혹시~~ 덕성다움 반납하는거 잊은 사람?!
2022-10-19 20:47,5,#행근딸덕성다움 반납 안 하고 그냥 가신 분들 많은 것 같은데 제발 반납해주세요!!!! 제발요~~~~~ 공부하게 해주세요~~~
2022-10-19 20:22,0,덕성다움 그 지문 필요라잖아요 저 신입생이라 초반에 지문 등록했는데 …… 안되더라구요 이거 등록해야하는게 다른 지문인가요
2022-10-19 20:21,24,덕성다움 퇴실 좀 하셈 제발
2022-10-19 20:14,1,#행근딸 덕성다움 앞 화장실 핸드워시 채워뒀으니 사용하세요~!
2022-10-19 20:04,0,제 1 자유열람실은 덕성다움이랑 노트북존 발권하는 곳에서 못해? 어디서 하는지 아시는 분!
2022-10-19 19:28,0,11~12시쯤 덕성다움 지문등록 안하면 못들어가??
2022-10-19 18:50,0,혹시 질스튜어트 카드지갑 보신 분 계시나요...? 테라피존에서 덕성다움으로 이동하다가 없어졌습니다...!
2022-10-19 18:49,0,덕성다움 지금 자리 없지..? 현황상은 없길래
2022-10-19 18:38,13,제1 자유열람실도 뚜껑있는 음료 반입 가능하대!
2022-10-19 17:51,0,혹시 이따 7시이후에 덕성다움 오려는 사람 있어?
2022-10-19 15:55,0,덕성다움 9시쯤에 사람 많나요?
2022-10-19 15:50,0,제1자유열람실인데 덕성다움이나 노트북존 제1자유열람실에 계신 분들 중에 아이패드 충전기 빌려주실 분…
2022-10-19 15:21,0,진짜 웃긴 부탁이긴한데 혹시 지금 학교에 계신 덕우분중에 소니 헤드셋 4 가지고 있으신분 있으신가요 급하게 사게되어서 못 써보고 살 거 같은데 한번만 착용해보고 싶습니다! 메가 아아 깁티로 사례하겠습니다! 저 지금 덕성다움에 있어요
2022-10-19 14:53,0,덕성다움 대체 어떻게 해야 들어갈 수 있는거야전생에 어떤 덕을 쌓아야 되는거야
2022-10-19 14:51,5,덕성다움 그냥 스카처럼 외출 1시간 반 제한 있었음 좋겠다
2022-10-19 14:49,31,"#행근딸 덕우들아. 지금 화장실 상태도 그렇고 어른스럽게 쓰자...분리수거 하지말고 버려야 하는 것더 아니고 분리수거 할 수 있게 여기저기 쓰레기통도 많잖아. 헹궈서 버리는 게 그렇게 어렵나? 규칙 하나 둘 안 지키고, 안에 먹은 것들 깨끗하게 비우지 않고 버리는 거 계속되면 그게 괜찮은 줄 알고 버리는 사람도 생길거야...제발 우리학교잖아. 다들 쓰레기도 잘 처분할 수 있도록 하자. 솔직히 지금 화장실 지저분해지고 학교 지저분해지면 그건 시위자들에게 자기들이 있어야 할 이유를 설명해주는 격이라 더 당당"
2022-10-19 14:44,26,덕우들 진짜 너무하다..덕성다움 다 쓰고 반납하는거 어려운거 아니잖아..지금 시험기간이라 안그래도 자리 쓰고 싶어 하는 사람들 많은데 반납 안하는 몇몇 덕우들 때문에 못쓰고 있어제발 반납 좀 하자
2022-10-19 14:24,0,덕성다움 타자쳐도돼??
2022-10-19 13:23,0,덕성다움이나 도서관 자유석 시험기간인데 가방놔둔다고 자리 차지하는거 짲응
2022-10-19 13:19,0,덕성다움 연장 언제부터 가능해? 나 전에 두시간 전에 연장해볼까해서 찍었더니 반납돼갖고 그냥 휴게실에서 하다가 자리날 때까지 기다린 적 있어서… 한시간 전이면 연장되려나?
2022-10-19 13:19,0,지문등록 안해서 덕성다움 오스카쪽으로 다녀야하는데 이쪽으로 오후 9시까지는 자유출입 가능한거 맞나요??
2022-10-19 12:42,0,덕성다움 나만 더워?
2022-10-19 12:29,0,진짜 실화야...? 도서관 라운지 오스카 덕성다움 어딜가도 자리가 없네;;
2022-10-19 12:01,4,#행근딸아니 덕성다움 한 번도 안가봤는데 왜 아직까지 이렇게 말이 많이 나옴?? 반납 좀 하고가라는 글 되게 많이 봤는데 아직도 안고쳐짐?? 보는 내가 지겹다 반납 좀 하고가라 이게 무슨 개똥매너야
2022-10-19 11:29,0,덕성다움 고주파 엄청 커지는소리 뭐지 너무 귀아프다
2022-10-19 11:28,0,덕성다움 자리 꽉 차있어?
2022-10-19 11:17,0,1열람실에 에어컨이나 히터 안틀어져있나요? 덕성다움 에어컨때문에 빡쳐서 옮기려고요
2022-10-19 10:58,13,저 지금 덕성다움인데 밥 안드신 분들 있으신가요? 김밥 두줄 친구들 주려고 갖고 왔는데 덕성다움 다 차서 돌아갔습니다… 편하게 연락주세요..♡
2022-10-19 10:50,38,제발 덕성다움 반납수업 들으러갈 때도 반납해...이런식으로 계속 자리 잡아두고 짐 싹 빼고 나갔다가 볼 일 다 보고 들어오면 너네 말고 누가 공부할 수 있냐 제발;;;;;제발제발 한시간 반 이상 나갔다 올거면 반납 좀 해
2022-10-19 10:36,0,도서관 테이크아웃 음료 반입가능한곳은 어디야...? 우리 책 대여하는곳 있는 공간 거기랑 그 건물 위층+아래층 이렇게는 가능한거지?? 덕성다움은 안된다는거같고..
2022-10-19 10:33,0,덕성다움 열람실 이용하고 싶은데 새내기에게는 너무 어렵다… 내가 바보인건가
2022-10-19 10:26,0,덕성다움빈자리 볼때마다 열받아 진짜 그냥 써버릴까
2022-10-19 9:53,0,덕성다움 바람너무세요 너무추워요
2022-10-19 9:49,20,평소엔 한시간 정도 자리비워도 괜찮겠지만 지금은 덕성다움에 사람이 엄청 많이 몰리는 시기잖아. 적어도 지금은 가방 놓고 수업듣는거 자제하면 안될까... 물론 강제는 아님...
2022-10-19 9:48,0,"덕성다움 에어컨너무추운데 누구한테 말해야해? A쪽인데 너무추워.. 바람때문에 눈아프고,,"
2022-10-19 9:47,4,"제발 덕성다움 자리 오래비우실거면 퇴실처리 해주세요,,,"
2022-10-19 9:47,0,덕성다움 갑자기 너무 추워....
2022-10-19 9:46,1,와 덕성다움 공기 쉣이다 사람 많아서 그런가 이상한냄새도 남....난 그냥 열람실갈란다
2022-10-19 9:30,1,덕성다움에 목숨거는이유가 뭐야..? 그냥 열람실도 좋지않아..? 공부하기에..
2022-10-19 9:27,1,아니 덕성다움 왜 벌써 꽉차있지 다들 미쳤어 아침부터 발권하고 수업들으러갔냐고
2022-10-19 9:11,0,덕성다움 10시쯤 가서 자리 잡아보신 적 있으신 분 있어요? 지금 가려는데 자리 있을까 해서..
2022-10-19 9:10,0,"덕성다움 자리 비어있는데 퇴실처리 안되어있음 그냥 써도 ㄱㅊ나,,,,,#행근딸"
2022-10-19 8:47,31,"여러분 어제 새벽에 덕성다움 가보니 부러진 샤프심이 굴러다녀 책상에 흑연이 묻어있고, 빨대 비닐 벗겨져서 널부려져 다니고, 뭔지 모를 플라스틱 뚜껑 등이 있더라구요... 꼭 지금 시국이 아니어도 우리 모두를 위해 자기가 일어난 자리는 최소한 어느정도로 치우고 다닙니다! 우리만 쓰는게 아니라 우리 뒤의 후배들도 계속 써야 하는 덕다움이잖아요? 쓰고 난 자리 한번씩 정리해주세요 오픈한지 얼마안되었는데 최대한 깨끗하게 쓰도록 해봐요~!"
2022-10-19 8:46,0,덕성다움 1시간 정도 밥 먹고 와도 괜찮나요?
2022-10-19 8:46,0,와 덕성다움 진짜 너무 건조하다
2022-10-19 8:34,0,덕성다움 알파벳이랑 번호 안 써진 자린 걍 앉아도 되는 거야?
2022-10-19 7:44,0,덕성다움에 F도 있던데 거기는 따로 발권 없는 건가요?
2022-10-19 7:05,0,덕성다움 지금 지문인식 안되면 못들어가는건가...?
2022-10-19 5:43,0,학관 안경점 몇시에 열까? 나 스마일라식한지 일주일도 안됐는데 덕성다움 넘 건조해서 챙겨온 인공눈물 다 써버렸어...눈이 아주 버석버석 말라가는중...
2022-10-19 4:15,0,덕성다움 나만 추워?
2022-10-19 3:15,0,왤케 덕성다움에 모기가 있어;;
2022-10-19 3:11,0,덕성다움 새벽에는 발권 안되나요?
2022-10-19 2:19,0,덕성다움 2시 이후에 발권이 불가능한 시간이라고 하는데 다들 어떻게 해?
2022-10-19 2:07,0,헐 지금 덕성다움 연장 안되네 걍 앉아있어도 되겠지??
2022-10-19 1:48,78,"덕성다움 B23자리 앉은 사람입니다..마이쮸 잘먹을게요...♡처음에 이 글도 못봤고, 가방 놓으면서 마이쮸 바닥에 떨어졌는데 그자리에서 떨어진줄도 몰랐고 제꺼 아니라 생각해서 안건드리고 바닥에 그냥 뒀다가 집에 가려는데 다른 친구가 저한테 와서 마이쮸 주워주면서 에타에 글 봤는데 이거 덕우 먹으라고 놔둔거라고 알려줘서 다행히 갖고왔어요 ㅎㅎ요즘 너무 힘들고 지쳐있었는데 삶 속의 작은 활력소를 주셔서 감사합니다."
2022-10-18 23:01,0,덕성다움 오전 11시에 사람 많나요?
2022-10-18 22:41,0,덕성다움 슬슬 자리가 생기기 시작하는구만
2022-10-18 21:50,13,덕성다움 문앞 계단에서 떠드는거 미친거아냐
2022-10-18 21:49,18,"자유열람실이랑 덕성다움, 노트북존, 24시 열람실 있는 그 복도에 멈춰서서 너무 크게 떠들지 말아주세요. 문이 닫혀있어도 웃고 떠드는 소리가 잘 들립니다."
2022-10-18 21:10,0,덕성다움 보통 몇시에 다들 집 가시나요??
2022-10-18 20:58,0,덕성다움 그 문 열고 들어오면 보이는 회색이랑 남색 소파 같은 의자에 인스타 카페에서 보일 것 같은 낮은 책상 있는 곳은 발권 안하고 앉아도 되는 거야?
2022-10-18 20:53,0,덕성다움 혹시 몇층부터 있나요? 도면도 같은거 보고싶은데 학교홈페이지랑 에타 뒤져도 안나와서 ...
2022-10-18 20:52,0,"덕성다움 C타입 충전기 빌려주실 분 계신가요… 주전부리로 사례하겠습니다… 시험공부 해야하는데 아이패드 배터리가 없어서요,,"
2022-10-18 20:05,5,덕성다움 테이크아웃 커피 반입불가입니다
2022-10-18 18:01,1,덕성다움 내 옆자리 둘 다 2시간 넘게 비어 있더라 ㅋㅋㅋㅋ 짜증나서 짐 다 치워버리고 싶었음
2022-10-18 17:50,0,덕성다움 연장 앱으로 안 되던데 어떻게 해야 하?
2022-10-18 16:34,0,덕성다움 마우스 딸깍딸깍 소리 괜찮나요..?
2022-10-18 16:28,0,#행근딸 #개방이사아.. 덕성다움 자리 진짜 폭신하고 너무 편해
2022-10-18 15:27,0,#행근딸덕우들 덕성다움에서 많이 쓰는 아이패드 올려놓는 장치? 그거 이름이 뭐야? 독서대? 노트북 거치대랑 겸용이야?
2022-10-18 15:18,0,#행근딸 #개방이사이런 커피도 덕성다움 반입 될까?
2022-10-18 14:32,0,#행근딸덕성다움 한시간 정도는 비워도 괜찮겠지..?? 밥먹고 싶어..
2022-10-18 14:26,0,덕성다움 자리는 짐 뺐는데 사람 있다고 나오는 자리 잠깐 앉아도 되지? 졸라빡침 여기 어두워서 눈아픈데 좋은 자리 반납도 안하고
2022-10-18 13:54,0,#행근딸 #개방이사 #연대하지않습니다나 처음으로 덕성다움 왔는데 빈 자리가 딱 하나 있어서 발급하고 들어와서 자리 앉는데 가방도 없는 빈 자리 많은데 왜 자리 없다고 뜨는 거야? 이거 반납 안 해서 그런 거야?
2022-10-18 13:41,0,#행근딸 #개방이사덕성다움 자유학습공간은 발권 없이 자리 있으면 앉으면 되는건가요??
2022-10-18 12:49,21,"덕성다움이랑 제1열람실a타이핑 가능!조용한 곳에서 하고싶으면제1열람실b,c는 타이핑 금지래"
2022-10-18 12:28,0,덕성다움 스터디룸 쪽에 있는 철문은 어디로 연결돼?? 궁금
2022-10-18 11:59,3,덕성다움 자리 반납 해주세요.짐도 없고 자리 비어있는데 반납 안하셔서 쓸 수가 없습니다.
2022-10-18 11:49,18,덕성다움 반납 좀 해.... 다 비어있는데 못 앉잖아
2022-10-18 11:36,2,덕성다움 b09에 충전기 놓고 가신 덕우분 찾아가세요!
2022-10-18 8:49,17,덕성다움 테이크 아웃잔 가지고 들어오면 안됩니다!지금 너무 많이 보여요
2022-10-18 8:12,0,ㅋ 덕성다움에서 공부하려고 일찍 등교했는데 지문 등록 안 해서 못 들어감… 헤헤헤
2022-10-18 7:17,0,지금 덕성다움 자리 있어?
2022-10-18 6:53,1,아 진심 왤케 추워 덕성다움인데 다들 괜찮아보이네 나만 추운가벼
2022-10-18 4:05,0,덕성다움 5시에 사람 많아? 긱사에서 출발하려고
2022-10-18 2:20,0,덕성다움 예약은 당일 밖에안되는건가요??
2022-10-18 0:43,2,아까 덕성다움에서 생리통약 구한 글 올렸었는데아무도 연락이 없어 다시 올려봅니다..혹시 타이레놀 제외 생리통 약 가지고 계신 덕우님 계신가요 지금 밤이라 생리통약을 약국에서 구매할 수도 없어 여쭤봅니다 🥲🥲
2022-10-17 23:56,0,덕성다움 친구들아...가위질 해도 되니..? 나가서 해야되나
2022-10-17 23:52,1,덕성다움 키보드 키스킨 좀 끼우지..
2022-10-17 23:47,0,덕성다움에 있는 덕우분들 중 그램 놑북 충전기 빌려주 수 있는 분 계실까요..?
2022-10-17 23:36,0,지금 덕성다움에 사람 많아?
2022-10-17 23:33,0,편의점에서 덕성다움으로 옮기면서 지갑 두고 온 것 같은데 편의점 잠겨있어서 확인 못하고 있다 아놔
2022-10-17 23:32,1,제발 덕성다움 연장이랑 반납 좀 제대로 해줘라...
2022-10-17 23:15,0,덕성다움 23시까진데 왜 자리가 꽉 차있는 거야?
2022-10-17 22:37,4,혹시 지금 덕성다움에 이지엔 생리통 약 있는 분 계실까요 타이레놀 x ..갑자기 생리가 터졌어요 약도 없는데 배가 아파와서 도와주시면 감사하겠습니다 🥲
2022-10-17 22:34,0,덕성다움 낼아침 8시반쯤 가려고하는데 그때도 사람 많을까?
2022-10-17 21:34,0,덕성다움 더워??
2022-10-17 21:26,6,덕성다움 반납 하고 나가라고 문에다 대빵 크게 붙여놓으면 안되나 ㅋㅋㅋㅋ 약간 피씨방 아맞다우산 재질로다가 ^^
2022-10-17 20:55,0,덕성다움 음료수 마셔도 되나요?
2022-10-17 20:32,19,#행근딸 #개방이사제1열람실도 덕성다움처럼 테이크아웃잔 외에 뚜껑 있는 물과 음료는 음용 가능하게 해달라고 자게에 글썼는데 동의한다고 한번씩만 댓글 달아주라!https://www.duksung.ac.kr/bbs/board.do?bsIdx=85&page=1&menuId=1262
2022-10-17 19:17,0,덕성다움 9시쯤에 빈자리 많으려나 일단 학관 씨유로 왔는데
2022-10-17 19:17,14,#행근딸 #개방이사 #메일총공 덕성다움 이용 끝나면 반납해주세요!! 제발!!짐만 놓고 자리 계속 비우지 말아주세요!! 시험기간이라 이용하고 싶어하는 덕우들이 많습니다 ~!!
2022-10-17 19:15,45,"덕성다움 반납 안하는 사람""바 . 보"""
2022-10-17 18:54,4,아이들 뮤비 보고싶은데 덕성다움이라 꾹참는중..딴 스카였음 걍 봤을텐데 여긴 다들 열공분위기라 이따 지하철타면 봐야지
2022-10-17 18:53,0,하 어제 이시간엔 덕성다움 자리 많았는데슬프다 자리가 하나도 없네
2022-10-17 18:41,0,덕성다움 아침 7시에 오면 좀 자리 있으려나
2022-10-17 18:36,0,덕성다움 연장 어떻게 해? 기계에다가 모바일학생증 찍으면 돼?
2022-10-17 18:33,0,혹시 덕성다움 환기하는 시간 따로 있거나 창문 열려?
2022-10-17 17:46,0,덕성다움은 찐 만석인거야 아님 반납 안 하고 가는거야...? 진심 자리싸움.... 대박이다
2022-10-17 17:44,0,덕성다움은 운영시간 그러면 어떻게 되는거야? 시험기간엔 24시간 개방이고 시험기간 외 시간에는 다른 도서관처럼 9시에 끝??
2022-10-17 17:25,0,국통 같이 공부할사람..! 참고로 아직 시작안함..도서관이나 덕성다움 스터디룸에서!
2022-10-17 17:10,0,#행근딸 #개방이사 #메일총공 자게에 1열람실도 음료반입 해달라고 써도 되려나..? 음료마시면서 하고 싶은데 덕성다움 사람 너무 많아서 자리잡기가 힘들어서...
2022-10-17 16:49,0,덕성다움 원하는 자리 앉으려면 오픈런 해야해?? 운 좋게 앉는거 말고!! 언제 가야 자리가 넉넉히 남아있는지 궁금해서
2022-10-17 16:41,0,지금 덕성다움 만석인가요…?
2022-10-17 16:30,0,덕성다움 생리대 하나만 나눔해주실 수 있을까요..?
2022-10-17 16:19,0,덕성다움 만석인데 다들 발권기 앞에 서있네 아주 가끔 티켓팅 하듯이 자리가 있는 건가???
2022-10-17 16:08,0,덕성다움 와파 나만 안 되나..
2022-10-17 15:36,0,덕성다움 아이폰 충전기 30분정도만 빌려주실 분 있나요... 제가 가지러갈게요....... 도와주세요
2022-10-17 15:13,0,덕성다움 발권하고쓰는거 맞나요? d 자리 있길래 발권했는데 자리에 짐만있고 아무도없네요ㅋㅋ..
2022-10-17 15:07,0,덕성다움 마이너스는 왜 생기는 걸까
2022-10-17 14:11,0,#행근딸 덕성다움 와이파이 지금 잘돼? 나만 연결안되는건가
2022-10-17 13:57,0,덕성다움 지금 자리 잇나요~??? 발권안하는 자리요~~~
2022-10-17 13:20,3,덕성다움 제발 퇴실처리좀 해주세요.
2022-10-17 12:53,0,덕성다움 발권 안해도 되는 자리도 있어?
2022-10-17 11:50,0,공강때 덕성다움 이용하려고 하는데 연장 5번 다 끝나면 다른 자리로 옮기느 방법밖에 없지..?
2022-10-17 8:42,3,덕성다움 이제 발권됩니다!!
2022-10-17 8:26,2,덕성다움 발권이 또 안됩니다 A43번 발권했으니 혹 발권 되고 나서 사람 앉아있으면 아... 저사람이 정보가 느리구나 하고 비켜달라고 하세요
2022-10-17 8:06,0,덕성다움 발권 안되면 어케..? 나 앉아서 공부하다가 1교시 수업 듣고 오려고 했는데 걍 빈자리 앉는거면.. 아님 지금 자리 수기로 작성중이야?
2022-10-17 8:02,0,아직 덕성다움 발권 안되나요?
2022-10-17 5:55,0,지금 덕성다움 발권 안 되는 거 맞지? 오늘 처음 왔는데 학생증 찍고 자리 선택하려고 터치 했는데 아무것도 안 눌려서 물어봐...
2022-10-17 1:22,24,"덕성다움, 열람실에서 제발 마스크 벗지마세요."
2022-10-17 0:23,0,덕성다움 가고싶은데 발권이 안 된다고 해서 갈지말지 고민이다...
2022-10-16 23:06,0,덕성다움인 사람중 커피 마시고싶은 사람?그냥 하나 남아서 주고싶음
2022-10-16 23:03,0,덕성다움 11시까지 아닌가 그냥 앉아잇어도 되나?
2022-10-16 22:40,30,"덕성다움 화장실에서 방금 찰칵 한 사람인데요,,오늘따라 제 눈이 한쪽만 너무 빨간게 신기해서 찍었습니다! 칸 안에 계신 분들은 오해하실까봐,, 조심스럽게 글 올립니다🫠"
2022-10-16 22:03,13,덕성다움 지금 키오스크가 안돼서 학우분들이 빈 곳에 앉아 있어요! 저도 연장하려고 찍어봤는데 안되더라고요
2022-10-16 21:35,0,덕성다움 발권기 고장이야?
2022-10-16 20:25,0,"덕성다움 아직 못가봤고 대신 기존에 노트북존 자주 이용했어서 발권 방법은 아는데 그 기계 지금은 다시 있나요? 덕성다움 생긴 뒤로 발권 기계 없어서 수기로 하거나 어플로 했다 어쩌구 해서요,,, 발권이랑 연장 잘 되는지 궁금합니다"
2022-10-16 20:18,0,덕성다움 뭔가 공기가 꿉꿉해..이상한 냄새도 나는 거 같애 기분탓인가
2022-10-16 19:57,40,덕성다움 바로 앞에 있는 쓰레기통 3개와 화장실 큰쓰레기통 밑에 쓰레기봉투 있습니다!지금 친구랑 막 비우고 오는 길입니다.#행근딸
2022-10-16 19:25,24,덕성다움 연장이랑 반납 좀 똑바로 했으면 좋겠다 민폐임
2022-10-16 17:25,5,덕성다움 꽉차서 갈 곳 없는 덕우들이나 공기 답답한 덕우들은 1열람실로 오렴... 넓어서 쾌적하고 특히 a구역은 야외(?) 느낌이라 답답하지도 않음
2022-10-16 16:53,2,덕성다움 반납 좀 해주세요 자리 꽉차서 텅 빈 곳 간신히 찾았는데 앉지도 못하고
2022-10-16 15:04,5,덕성다움 너무 심각하게 졸릴정도로 더워 ㅋㅋㅋㅋㅋㅋ 하...
2022-10-16 14:56,15,덕성다움..이 참 좋고 예쁘고 많이들 쓰는데..제 1자유 열람실 노트북 존도 좋아요plz 덕성다움 사람몰림 stop..
2022-10-16 14:18,0,와 덕성다움에 자리 별로없어..? 도서관앱에 거의 꽉찻네
2022-10-16 14:10,0,덕성다움 온도는 어떤가요…?
2022-10-16 13:47,0,지금 혹시 덕성다움은 지문 등록 안해놨으면 못 들어가나요..??
2022-10-16 11:06,0,오늘 덕성다움하려나??
2022-10-16 10:48,0,#행근딸덕성다움에서 다들 공부 잘 돼?? 어떤 구역이 좋은지도 알려주라
2022-10-16 2:24,0,덕성다움 아침에도 사람 많겠지?
2022-10-16 2:18,0,덕성다움 2시 이후로 발권 가능 시간이 아니라고 뜨는데 언제부터 다시 할 수 있어?
2022-10-16 0:53,0,덕성다움 지금 가도 돼?
2022-10-16 0:12,0,덕성다움 밤샘 덕우들 많은거지? 믿는다? 가지마~~ 밤샘을 위해 간식 먹고 다시 올게..
2022-10-15 22:18,0,지금 학교 도서관 갈까 덕성다움.... 정문 살아 ..!!!!!!
2022-10-15 20:32,0,#행근딸커리어 개발센터 옆쪽 문에서 열람실이나 덕성다움 갈 때 지문 찍고 문 어떻게 여는거야?목요일에 가봤는데 지문 인증되었다고 나오는데 문 손잡이가 안 돌아가던데...
2022-10-15 19:55,0,덕성다움 사람 많아?
2022-10-15 17:41,0,길치는 덕성다움도 못 찾아가요....길치에게 우리학교는 약간 미로 같은 느낌이 있음...
2022-10-15 17:33,41,덕성다움 근처 화장실 휴지 채워놓았습니다. 휴지통에 휴지 눌러서 부피도 줄여놓았습니다. 화장실 편하게 이용하시고 다들 시험기간인데 파이팅해요🤗 그리고 되도록 휴지 작게 뭉쳐서 버려주셨으면 좋겠습니다. 그냥 버리면 부피때문에 쓰레기통 금방 꽉 차서 몇 번 접어서 버려주시면 감사하겠습니다.#행근딸 #개방이사 #시위연대안합니다
2022-10-15 16:45,0,월요일에 덕성다움 가보려는데 이중에 어디어디가 덕성다움이야? 꽉차있는 곳 전부?
2022-10-15 15:51,0,덕성다움.. 지금 혹시 나만 더운걸까
2022-10-15 15:34,0,#행근딸내일 덕성다움 여나?
2022-10-15 14:23,0,덕성다움 다 좋은데 윙윙거리는 소리 은근 신경쓰이네...
2022-10-15 13:10,0,덕성다움 자리 반납 좀 해주라..... 텅 비어있는데 자리 없는 건 뭐야
2022-10-15 13:08,0,덕성다움 자리연장 나만 바꾸 실패해?
2022-10-15 11:46,2,덕성다움 A-43 의자에 겉옷 놓고 가신 분 찾아요검은색 점퍼..? 같아요일단 A-44 의자에 걸쳐뒀습니다
2022-10-15 11:32,0,오늘 덕성다움 사람 많나요?
2022-10-15 11:06,0,오늘 덕성다움 지문 없으면 못들어가나요?
2022-10-15 8:42,0,오늘도 덕성다움 24시간이려나??
2022-10-15 2:25,0,지금 덕성다움 사람 많아?
2022-10-15 1:06,0,덕성다움 내일은 안하나요?
2022-10-15 1:03,0,혹시 지금 덕성다움인 사람
2022-10-14 23:43,0,뭐여 덕성다움 오늘도 새벽까지해?
2022-10-14 23:29,0,덕성다움 지금 발권 가능 시간 아니라는데 그럼 그냥 빈자리 앉으면 돼?
2022-10-14 22:51,0,도대체가… 덕성다움 몇시까지인거야누구는 24시간이라고 하고 누구는 11시까지라고 하고학교 사이트 아무리 찾아봐도 안보여 내가 못 찾는 걸수도 있긴 한데…일단 도서관 홈페이지 이용안내에는 학기중 11시까지라고 되어있는데 시험기간에 시간 변경되었다는 안내나 공지 본 사람 있어? 있으면 어디서 봤는지 알려주라 나 제발 내 눈으로 보고싶어서 그려
2022-10-14 22:36,0,오늘 덕성다움 11시까지인거지?
2022-10-14 22:06,4,#행근딸덕성다움 이용하다가 집가려고 말로 쪽으로 나왔는데 다막혀있길래 길을 잃었다~~이러고 있었는데 천사 덕우가 나가는 길 알려줬어요. 덕성다움 안쪽으로 들어가서 비상문같은곳으로 push버튼 누르고 나가면 된다고 하네요. 감사합니다!
2022-10-14 21:50,0,덕성다움 오늘 11시 까지 인가요..?
2022-10-14 21:22,0,와 덕성다움 너무너무 덥다
2022-10-14 21:08,1,#행근딸덕성다움 오늘도 24시 하나요? 내일 실기 때문에요!
2022-10-14 20:59,0,#행근딸덕성다움 내일 하는 거야??
2022-10-14 20:00,0,덕성다움 방금 새 자리 발권했는데 짐 그대로 있으면 어쩌지.. 옆으로 치워둬도 되려나??
2022-10-14 19:23,49,"안좋은 분위기 속에서 기쁜 소식 하나..수만휘에 덕성다움, 학교 내부 사진 올린 거 인기글 갔다 히히😆 덕성여대 지원 안 하신 분들도 예쁘다고 댓글 많이 달아주셔서 기분 좋아!!(에타에 검색해서 나오는 사진들 빌렸어요.. 미안해요...)"
2022-10-14 19:19,1,그럼 덕성다움 출입금지 언제부터 언제까지인가요? 내일 학교가서 공부할랬는데 아예 학교 출입이 금지인가요? 오늘 밤도 출입금지인가요?
2022-10-14 19:13,1,덕성다움 너무 더워요... 도서관 자율위원 아무도 안계셔서 에타에 남겨봅니다
2022-10-14 18:50,0,덕성다움 너무 더운데 누구한테 말해야돼..?
2022-10-14 18:32,0,9시쯤 학교가면 덕성다움 자리 있으려나??
2022-10-14 18:25,0,덕성다움 A 키보드 키스킨 껴고 써도 되는거 맞죠? 너무 조용..
2022-10-14 18:14,0,덕성다움 c 빈자리 반납 부탁드립니다
2022-10-14 18:04,0,수유자취러 학교가서 공부할까 집공할까……. 덕성다움가고싶은데 자리없을거같기도하고
2022-10-14 18:02,4,덕성다움 궁금한거! 이 좆만한 테이블은 뭐하는 목적으로 있는걸까? 노트북? 공부하기엔 높이가 애매하던데..
2022-10-14 17:54,0,내일 신입생 모집 시험이 있는 거 같던데 열람실이나 덕성다움은 이용할 수 있나요?
2022-10-14 17:47,0,내일 덕성다움 문 안 열려나
2022-10-14 17:46,0,덕성다움이랑 열람실a존 사람 많나요?
2022-10-14 17:44,0,덕성다움 들어가려면 무조건 손 지문 있어야되나요?!
2022-10-14 16:32,0,#행근딸 덕성다움 가고 싶은데 언제부터 사람 빠지기 시작하려나?
2022-10-14 16:30,24,#행근딸덕성다움 자리 반납은 도서관 앱 발권내역에서 할 수 있으니까 자리 종료되면 꼭 해주고 연장 안해놓고 짐 내내 두고 자리 몇시간 비우고 그러지 말자 자율위원도 자리마다 확인하고 다니거나 딱히 뭐 해줄 거 없는거 알아 그래서 아까 도서관쪽에 짐 치울 카트를 놔두면 좋을 거 같다고 건의했고 (너무 자리 비운채로 있는 자리 정도는 제보하고 치워달라 할 수 있을듯) 사용 종료후엔 반납해야 한다는 안내문 좀 부착해달라고 부탁드렸어 시험기간에 다들 하나하나 종이에 써서 사라진 이용기간 종료된 자리주
2022-10-14 16:17,0,난 진짜 지독히 공부안한다.. 다들 덕성다움 이쁘다고 공부 잘될것 같다면서 갈 때 나는 걍 에타로만 감상하고 안가..
2022-10-14 16:03,0,덕성다움 지금도 지문으로만  출입 가능해?
2022-10-14 15:32,0,#행근딸혹시 지금 덕성다움 꽉 찼나요?
2022-10-14 15:18,0,덕성다움 공기 나만 답답해? 사람도 많아서 공기가 넘 탁하다 창문 열고싶어.. 하지만 내 근처엔 창문이없지
2022-10-14 15:08,0,나도 덕성다움
2022-10-14 14:52,0,덕성다움 커리어개발센터 옆으로 들어가면 지문 찍어야 되는거 맞죠? 1학기때 출입 스티커 받으면서 했던 지문 그대로 사용 가능한가요?
2022-10-14 14:46,6,덕성다움 짐 없으면 걍 일괄 퇴실처리하면 안되나 집 갈때 반납 좀 해....
2022-10-14 13:41,0,덕성다움 안도 시끄러워?
2022-10-14 13:37,0,덕성다움 1층은 어디로 들어가요?
2022-10-14 13:31,0,덕성다움 미쳤다. 개이쁘다.
2022-10-14 13:25,2,여기서 덕성다움은 어디인가요?
2022-10-14 13:07,0,덕성다움 발권 했는데 짐만있고 사람이 없으면 어째.. 짐이 너무 많아서 치우는것도 못하겠는데
2022-10-14 12:37,0,"덕성다움 주기적으로 돌아다니면서 관리자가 빈자리 반납하는 건 불가능한가..? 흠 가방 두고 잠시 외출했다거나 하는 경우 말고, 누가봐도 아무도 없는 휑한 곳… 특히 b나 c같이 몇자리 없는데 넓어서 인기많은 곳 말이야. 어제부터 계속 봤는데 c가 유독 심한 것 같더라"
2022-10-14 12:07,0,덕성다움 주말에도 똑같이 6-11시 개방할까요??
2022-10-14 11:35,0,덕성다움 지문인식으로만 들어가나요? 도서관 아이디도 필요한가요? 도서관 비번을 잊어버려서..
2022-10-14 11:28,3,#행근딸덕성다움 C 사용하셨던분들 반납 좀 해주세요자리에 아무도 없는데 발권 되어있어요
2022-10-14 10:18,3,#행근딸 #개방이사 #메일총공덕성다움에 자리에 짐같은 것도 아무것도 없는데발권되어 있는 자리 엄청 많다… 퇴실처리 까먹은거면 지금이라도 하길!
2022-10-14 3:43,0,덕성다움 노트북 존은 없는건가
2022-10-14 3:09,0,시험기간에 휴학생도 열람실 이용가능한가요덕성다움 궁금해요
2022-10-14 1:54,5,"🔥덕성다움, 제 1열람실도 이제 24시 개방🔥안 한 덕우들 다들 지문인식 등록해 얼른자취러들 우리 시험기간 덕성다움에서 불태워보자😎"
2022-10-14 1:43,2,덕성다움에서 새벽까지 같이 밤샘공부 달리자 🔥🔥많이 와줘 자취러들 ..
2022-10-14 0:20,0,"#개방이사#메일총공근데 정말 덕성다움 개좋아 너무좋음… 인테리어가 진짜 예쁨 예쁘고 알참 단점은 어디가 어딘지 잘 몰라서 헤맨다는 거 ,,, 길치는 좀 힘들드라 ㅎ,,,"
2022-10-13 23:58,0,덕성다움이랑 1열람실 10시쯤까지 사람 엄청 많았고 지금은 적당히 있어요!
2022-10-13 23:54,0,정문 자취런데 씻고 덕성다움 갈까 지금....? 어 근데 나 지문 등록 안해서 못감
2022-10-13 23:45,0,덕성다움 주말에는 안하지?
2022-10-13 23:35,2,덕성다움 너무 좋아꽉막힌 갑갑한 곳에서 공부 못하는 나에게 너무 좋아진짜 덕성여대 사랑해 열심히 공부해주께 ㅇㅇ ..
2022-10-13 23:23,0,덕성다움 마감했어? 11시까지 맞나
2022-10-13 22:45,0,덕성다움 발권 도서관앱으로 할수있나? 내일 가려고
2022-10-13 22:42,0,오 나는 덕성다움 스터디룸 문달려있는줄 알았는데 사진보니까 아닌가보네 그럼 여기도 다른 좌석들처럼 소근소근 이상으론 말하면 안되는거지??
2022-10-13 22:26,0,덕성다움 인테리어 대박임
2022-10-13 22:19,45,덕성다움 좌석배치도야! 쪽지로 올려달라고 하는 덕우 있어서 올림
2022-10-13 22:03,0,덕성다움 테이크 아웃 음료 왜 금지이지??
2022-10-13 21:51,0,덕성다움에서는 음료 마셔도 되나요? 텤아웃 음료다들 들고와서 마시는데요... 오전에 올라온 공지에서는 안된다고 했는데 수정사항이 있나요!
2022-10-13 21:51,0,난 아직도 덕성다움
2022-10-13 21:48,0,덕성다움에서 지금 집가려는데 도서관이 닫혔네..? 어디로 나가야해?????
2022-10-13 21:35,0,덕성다움 지금 수기로 작성해서 발권하면 따로 연장은 안해도 되는 건가? 계속 쓰다가 반납만 명단에 다시 수기로 하고 나오면 돼?
2022-10-13 21:21,5,#행근딸 #개방이사지금 덕성다움 발권기 고장나서.. 입구에 있는...종이에 적고 들어가야합니다.
2022-10-13 20:58,0,"여기서 제1 자유열람실 C, D는 어디에 있는거야?집중형 A 개인 B 개방형 CD는 덕성다움인거 알았으"
2022-10-13 20:56,0,와 덕성다움 24시야..!?
2022-10-13 19:36,0,덕우들 덕성다움 자리에서 연장해봤어..? 연장 아예 안되고 반납했다 다시 하려니까 또 같은자리는 에러 뜨면서 안되네
2022-10-13 19:09,20,"#개방이사#메일총공덕성다움 너무너무 좋은 게 걍 쓰잘데기 없이 낮은 테이블들에 공간낭비 쩌는 예쁘기만 한 인테리어 아니고 예쁜데 알찬 거,,,, 너무 좋아"
2022-10-13 18:32,3,덕성다움 자리 반납 안하신분들 반납 부탁드려요…! 빈자리 많은데 발권기엔 자리 없다고 뜨네요. 독성여대 도서관 어플-내자리-반납 가능하시니까 부탁드리겠습니다#행근딸
2022-10-13 18:27,0,덕성다움 아이폰 충전기 15분만 빌려주실 분 계실까요패드가 꺼지려고 합니다 .. 급한 불만 끄겠습니다..🙏🏻
2022-10-13 18:11,1,덕성다움 B12번 좌석 쓰셨던 분 퇴실 부탁드려요자리 없는데 짐없이 계속 비어있네요#개방이사 #메일총공
2022-10-13 18:08,0,덕성다움 학교도서관어플로 보니까 자리 다 차있던데 맞아..?
2022-10-13 18:07,1,#행근딸 #개방이사덕성다움 들어왔는데 너무 예쁘다…. 최고..
2022-10-13 17:54,0,덕성다움 스터디룸 혹시 번호가 F몇인지 알려주실분 있으실까요??
2022-10-13 17:36,0,혹시 덕성다움 오스카라운지처럼 잔잔하게 노래나와?
2022-10-13 17:27,0,덕성다움 9시까지 맞아??
2022-10-13 17:06,1,으하하 미적으로 옴청 까다로운 친구가 있는데덕성다움 사진 보여주니까 엄청 놀라면서 감탄함^0^내가 뿌듯
2022-10-13 16:52,0,덕성다움 발권 3층에 있어?
2022-10-13 16:39,0,#행근딸 #개방이사 #메일총공 덕성다움 자리 앱에서 보니까 거의 다 차있네... 이렇게 사람이 많아??
2022-10-13 16:37,114,"⭐️⭐️핫게 보내주세요⭐️⭐️덕성다움 규칙 정리 글1. 발권E 구역 빼고는 A~F 다 발권해야합니다. 좌석에 A-13, B-2 처럼 번호가 지정돼있는 경우는 발권해야한다는 뜻입니다. 그러니까 그렇게 적힌 자리에 발권 없이 짐 놓고 가지마세요. 발권은 입구 들어가서 오른쪽에 있는 발권기 사용하시면 돼요.2. 음료카페 음료는❌, 뚜껑을 닫았을 때 넘어져도 흐르지않는 음료는 가능하대요(텀블러, 페트음료 등)3. 퇴실이용 다 하시고 나가실 때는 제발 🔥반납🔥부탁드려요"
2022-10-13 16:34,34,#행근딸 #개방이사 #메일총공 덕성다움 이용수칙 참고!! 도서관 사이트에서 사진 가져왔어~!
2022-10-13 16:28,0,덕성다움 빈자리에 짐놓고 가지 말아주세요....;;
2022-10-13 16:01,15,📌📌핫게 부탁드립니다📌📌덕성다움 이용하신 분들은 자리 반납 꼭 해주세요!모바일로도 반납 가능하니 다음 덕우들을 위해서반납해주시길 바랍니다!
2022-10-13 16:00,0,덕성다움에서 타이핑 가능해?
2022-10-13 15:20,0,혹시 도서관에 C타입 충전기 있으신덕우 1시간만 빌려주실수있을까요? ctoc 케이블도 좋아요..!덕성다움에서 쓰고 계신위치로 돌려드릴게요
2022-10-13 15:15,0,덕성다움 원래 노트북존 있던 그 층 저렇게 바뀐거 맞지? 노트북존 걸어가는 길 옆에 있는 열람실이 저렇게 바뀐건가? 노트북존 지나서 가야되는 안쪽 열람실은 리모델링한지 얼마 안됐으니까 남은건 거기밖에 없는듯한데!!혹시 거기 화장실은 그대로인지 아님 리모델링 했는지 알려줄 덕우 있을까?
2022-10-13 15:10,0,덕성다움 제발 반납 좀.. 저도 앉고 싶어요..^^
2022-10-13 15:08,1,와 오늘 공강이라 덕성다움 덕우들이 올려준 사진으로 보는중인데 진짜 개미쳤다 누가 사진 잘 찍어서 커뮤 이런곳에 홍보해주면 안되나? 저거랑 학식당이랑.. 미쳤다는 말밖에 안나옴 미쳤어 와
2022-10-13 14:53,0,#행근딸 #개방이사 #메일총공덕성다움 왔는데 진심 개좋다 와 대박이야 의사 푹신한 거 무슨일? 인대 일체형에 고통받다가 왔는데 너무 행복하다 최고최고
2022-10-13 12:52,0,덕성다움도 연중무휴 해달라고 건의할수있나?...
2022-10-13 12:48,0,열람실현황에 덕성다움 abcd만 있는데 ef는 그냥 발권없이 자유인거지??
2022-10-13 12:38,0,덕성다움 자리 빌리는거 가능한데 다들 그냥 앉아있는거야..?
2022-10-13 12:36,0,#행근딸덕성다움 커피 갖고 가도 되나…?
2022-10-13 11:59,0,덕성다움 e구역에는 어떻게 앉는건가요? 발권 필요 없는 자리인가요?
2022-10-13 11:54,0,덕성다움 밖에 홍보하는 것도 조심해야하지 않을까? 잘못하면 멀쩡한 열람실 리모델링할 돈으누있으면서 고작 400원 인상하는게 어렵나! 로 이어질 수도 있을 것 같은데
2022-10-13 11:49,1,"#개방이사#메일총공와 덕성다움 진짜 개좋다 프리미엄 스카보다 좋음,,그리고 자리 거의 꽉차있었음 덕우들 열심히 하네 ㅎ.."
2022-10-13 11:45,0,덕성다움 발권 어떻게 하는지 아는 사람…현장발권은 어디서 해야해?
2022-10-13 11:34,0,덕성다움 배가 너무 고픈데 잠깐 나가서 빵같은거 하나만 먹고 들어가도 되나..? 다시 발급 해야할까 어차피 2시엔 나가는데…
2022-10-13 11:20,0,덕성다움 여기저기 자랑하고 싶은데 멋들어진 사진 찍어서 누가 올려줬음 좋겠다..난 똥손이라
2022-10-13 11:04,1,덕성다움 왜 나 막학기일때 생기냐...?!!! 하 졸업하기 싫은 18학번..
2022-10-13 11:01,0,#행근딸덕성다움 밥먹으러 잠깐 비우는 정도는 괜찮지...? 자리 안빼면 민폐인가 싶어서
2022-10-13 10:30,0,#행근딸 #개방이사 #메일총공덕성다움 음료 반입 되는지 아는 덕우 있을까? 학교에 문의해봐야 하나..!
2022-10-13 10:26,1,와 미쳤다… ㅋㅋㅋ에타 오랜만에 들어왔다가 덕성다움 처음 알았는데 시험기간 딱 맞춰서 개방했네 개이득이다
2022-10-13 10:05,0,덕성다움 타이핑 가능한 존 어디인가요??
2022-10-13 10:02,2,덕성다움은 어디에 생긴 건가요? 제2열람실이라는데 어디인지 잘 모르겠어요
2022-10-13 9:51,23,덕성다움…이렇게 잘 개방됐는데 제발 가방두고 한두시간씩 나가있지는 맙시다..제발
2022-10-13 9:35,0,덕성다움 음료 반입 가능한가요?
2022-10-13 9:25,0,덕성다움 음료 반입 가능한가요??
2022-10-13 9:13,59,덕성다움 사진 올려!
2022-10-13 8:11,21,덕성다움 A01 앉는 덕우는 가을 보면서 공부하것네 👏🏻
2022-10-13 8:01,0,#행근딸 #개방이사금요일 입시생들 올때 덕성다움도 구경하고 갔음 좋겠다.. 솔직히 감동이고 이렇게 학생 위한 공간 점점 많아졋음 좋겟어 .. 학습의욕 수직상승임
2022-10-13 8:00,17,나도 덕성다움 사진 추가할께~!
2022-10-12 22:28,0,여기에서 덕성다움이 어떤거야?
2022-10-12 17:47,2,혹시덕성다움 어떻게 들어가는거야?
2022-10-12 17:44,0,#행근딸 #개방이사 #메일총공 덕성다움 라운지 느낌인거면 음료 반입도 되려나.. 1열람실에서 공부할때는 음료 안돼서 목말랐거든...
2022-10-12 17:29,2,#개방이사#메일총공덕성다움 아침 6시부터 밤 11시까지인 거 너무좋아 ㅁㅊ 내일부터 저기서 공부 조진다
2022-10-12 12:49,5,ㅈㅂ 덕성다움 카페처럼 막 적당히 소음있는 공간이었으면 ㅈㅂㅈㅂ
2022-10-06 9:51,56,덕성다움(구 제2자유열람실) 10월 13일 목요일 오픈~~~! 🤭🤭🤭
2022-10-05 15:10,0,덕성다움 공간 힐끗 봤는데 너무좋아 기대된다...
2022-10-04 20:09,15,제1열람실이든 24시간 열람실이든 24시간 개방해줘요…. 그와중에 덕성다움 너무 기대된다
2016-06-01 8:29,0,국장이랑 성적장학금받아서 등록금넘치게 되면 덕성다움? 지금 신청받는 장학금 안주나요?
2016-03-22 13:52,0,14학번부터는 개인교습이 되는데 그위는 안된대.. 13학번까지는 울학교학생 아니니..? 덕성다움을 위해 선생님을 두는 건 좋은데 그렇다고 고학번은 안된다고 하다니 너무한다..
2016-03-22 13:03,2,"Active DS!!덕성다움 부트캠프로 활동적인 덕성인이 되어보세요.부트캠프는 최근 고강도 운동으로 알려진 크로스핏의 Light한 버젼입니다. 어려운 기술없이 체중을 이용한 동작들로 근육과 지방을 동시에 자극할 수 있죠.스쿼트, 런지, 푸시업, 러닝 등 처음 운동하는 사람도 충분히 참여할 수 있습니다. 다만 포기할지 말지는 2주정도 꾸준히 해본뒤에 결정하는 끈기가 필요!!!부트캠프 3월반 교육장소, 등록방법/기간은 아래의 내용 천천히 확인해주세요.(교육비) 무료(교육기간) 2016."
2016-03-22 13:02,0,"Active DS!!!덕성다움 부트캠프로 활동적인 덕성인이 되어보세요.부트캠프는 최근 고강도 운동으로 알려진 크로스핏의 Light한 버젼입니다. 어려운 기술없이 체중을 이용한 동작들로 근육과 지방을 동시에 자극할 수 있죠.스쿼트, 런지, 푸시업, 러닝 등 처음 운동하는 사람도 충분히 참여할 수 있습니다. 다만 포기할지 말지는 2주정도 꾸준히 해본뒤에 결정하는 끈기가 필요!!!부트캠프 3월반 교육장소, 등록방법/기간은 아래의 내용 천천히 확인해주세요.(교육비) 무료(교육기간) 2016"
2016-03-11 11:39,2,"-기숙사 체력단련실 이용 교육 참가자 모집 안내-운동 계획 잘 지키고 계신가요?기숙사 체력단련실에서도 체중을 활용한 운동이 가능합니다.덕성인증센터에서 준비한 기숙사 체력단련실 이용 교육에 참가해 보세요.(신청서 바로가기) http://goo.gl/forms/Y8ToBnziDw(접수기간) 2016. 3. 14(월)~3. 23(수)(모집인원) 덕성여자대학교 기숙사생(20명, 선착순 모집)*"
2016-03-11 11:38,2,"[기숙사 체력단련실 이용 교육 참가자 모집 안내]운동 계획 잘 지키고 계신가요?기숙사 체력단련실에서도 체중을 활용한 운동이 가능합니다.덕성인증센터에서 준비한 기숙사 체력단련실 이용 교육에 참가해 보세요.(신청서 바로가기) http://goo.gl/forms/Y8ToBnziDw(접수기간) 2016. 3. 14(월)~3. 23(수)(모집인원) 덕성여자대학교 기숙사생(20명, 선착순 모집)*"
2016-02-25 1:53,0,덕성다움교육 신입생은 지금 신청 못하나요???
2016-01-31 17:06,0,"14학번 졸업요건, 덕성인증제(덕성다움교육) 안내에 보면.※덕성다움교육은 졸업요건과 상관없이 선택적으로 이수할 수 있음※기존 2014학년도 신입생 및 재입학생들에게 적용되던 기본인증 졸업필수요건제도는 폐지되었음.이라고 되어있는데 그럼 덕성기본인증에 해당되는 체육교과목 1과목 수강, 자원봉사8시간 같은거는 안해도 된다는 말이죠???"
2016-01-20 13:29,2,"덕성다움 부트캠프(피트니스프로그램) 2월반 모집>(교육일정) 2016. 2. 2(화)~2. 26(금) - (교육시간) 학생.교직원 통합반:12:15~12:45, 학생반:15:30~16:20 - (화~목요일) 전신근력,유산소 운동/하나누리관 지하 1층 운동실습실 - (금요일) 팀스포츠/하나누리관 1층 체육관* 얼티밋 프리스비(https://www.youtube.com/watch?v=boWmkt"
2016-01-20 13:26,0,"<덕성다움 부트캠프(피트니스프로그램) 2월반 모집>(교육일정) 2016. 2. 2(화)~2. 26(금) - (교육시간) 학생.교직원 통합반:12:15~12:45, 학생반:15:30~16:20  - (화~목요일) 전신근력,유산소 운동/하나누리관 지하 1층 운동실습실 - (금요일) 팀스포츠/하나누리관 1층 체육관    * 얼티밋 프리스비(https://www.youtube.com/watch"
2015-12-21 11:38,0,"덕성다움 부트캠프(피트니스 프로그램) 2016년 1월반 참가자 모집(접수방법) dsdaum@ds.ac.kr로 메일접수- 성명, 학과, 학번, 휴대전화번호, 신청반 순서로 모두 기재- (신청반) 통합반(12:15~12:45), 학생반(15:30~16:20) 중 선택* 1개반을 선택하여도 실제 참여는 개인일정에 맞게 2개반 모두 참여 가능(접수기간) 2015. 12. 31(목)까지(진행기간) 2016. 1. 5(화)~1. 29(금)- (화~목요일) 하나누리관 지하 1층 운동실습실(누001호)"
2015-12-21 9:07,1,"덕성다움 부트캠프(피트니스 프로그램) 2016년 1월반 참가자 모집(접수방법) dsdaum@ds.ac.kr로 메일접수- 성명, 학과, 학번, 휴대전화번호, 신청반 순서로 모두 기재- (신청반) 통합반(12:15~12:45), 학생반(15:30~16:20) 중 선택   * 1개반을 선택하여도 실제 참여는 개인일정에 맞게 2개반 모두 참여 가능(접수기간) 2015. 12. 31(목)까지(진행기간) 2016. 1. 5(화)~1. 29(금)- (화~목요일) 하나누리관 지하 1층 운동실습실(누001호)"
2015-12-03 18:46,0,"바이,칼로리:) <덕성다움 붓캠> 얼티밋 프리스비 내일 처음 진행!등록하신 분들 많이 참여해주세요(프리스비영상) http://youtu.be/boWmkt8lNKM"
2015-11-27 16:06,0,"덕성다움 붓캠(bootcamp) 다음주 월요일 접수 마감입니다~dsdaum@ds.ac.kr로 성명, 학과, 학번, 신청반, 휴대전화번호 보내주시면 지원 완료!(학생.교직원 통합반) 12:15~12:45(학생반) 15:30~16:20등록 시 세부일정 안내메일 발송(월요일 오전부터 예정)"
2015-11-23 16:34,0,"≪덕성다움교육과 함께하는 대학생활돌아보기!!(14, 15학번 해당)≫덕성다움교육시스템은 2014 학번 이후 입학생들에게 '덕성지수측정, 자기개발계획수립, 대학생활 이력증명서' 등의 기능을 제공하는데요!이러한 기능들을 자세히 설명해드리고자 덕성인증센터는 <덕성다움교육 안내의 장>을 마련했습니다!!★11월 26일(목) 오후 1시반 ~ 4시반 학생회관 하나은행 옆★으로 오시면상담 부스에서 들으실 수 있으며 찾아오셔서 많은 도움 얻어 가시기 바랍니다!상담행사의 참여 대상은 2014, "
2015-11-23 16:32,1,"≪덕성다움교육과 함께하는 대학생활돌아보기!!(14, 15학번 해당)≫덕성다움교육시스템은 2014 학번 이후 입학생들에게 '덕성지수측정, 자기개발계획수립, 대학생활 이력증명서' 등의 기능을 제공하는데요!이러한 기능들을 자세히 설명해드리고자 덕성인증센터는 <덕성다움교육 안내의 장>을 마련했습니다!!2015년 초에 세운 본인의 자기개발계획을 돌아보며다가올 2016년과 대학생활전반의 자기개발계획을 다시 생각해보면 정말 좋겠죠!자세한 내용은 ★11월 26일(목) 오후 1시반 ~ 4시반 "
2015-11-23 16:32,4,"≪덕성다움교육과 함께하는 대학생활돌아보기!!(14, 15학번 해당)≫ ♥핫팩 or 마카롱 or 핫팩+마카롱♥덕성다움교육시스템은 2014 학번 이후 입학생들에게 '덕성지수측정, 자기개발계획수립, 대학생활 이력증명서' 등의 기능을 제공하는데요!이러한 기능들을 자세히 설명해드리고자 덕성인증센터는 <덕성다움교육 안내의 장>을 마련했습니다!!2015년 초에 세운 본인의 자기개발계획을 돌아보며다가올 2016년과 대학생활전반의 자기개발계획을 다시 생각해보면 정말 좋겠죠!자세한 내용은 ★11"
2015-11-23 15:41,1,"덕성다움 부트캠프 12월반 모집 중입니다~화~금요일 12:15~12:45, 15:30~16:20화~목요일은 Total Body Strength Traininig(전신근력), Interval Training(유산소), Core(척추, 복부주변 강화)금요일은 Ultimate Frisbee(플라잉 디스크랑 비슷하다고 보면 됨요)게임으로 유산소운동을 지루하지 않게~부트캠프는 시간과 요일을 꼭 정할 필요없이 등록 후 자유롭게 참가 가능!!!자세한 내용은 정보게시판에 있어요"
2015-11-20 14:52,2,"<덕성다움 부트캠프(피트니스프로그램) 참가자 모집안내!>덕성인증센터에서는 학생 여러분들의 다이어트, 체력증진, 스트레스 해소를 위해 덕성다움 부트캠프를 12월부터 매월 정기 실시합니다.부트캠프는 요즘 핫한 크로핏과 더불어 많은 사람들이 하고 있는 그룹 피트니스 프로그램이에요. 운동으로 누구나 재밌고 즐겁게 매일 매일 Burn Calorie! Be Sweat!금요일은 Ultimate Frisbee("
2015-11-20 13:42,3,"<덕성다움 부트캠프(피트니스프로그램) 참가자 모집안내!>덕성인증센터에서는 다이어트, 체력증진, 스트레스 해소를 위해 덕성다움 부트캠프를 12월부터 매월 정기 실시합니다.부트캠프는 요즘 핫한 크로핏과 더불어 많은 사람들이 하고 있는 그룹 피트니스 프로그램이에요. 운동으로 누구나 재밌고 즐겁게 매일 매일 Burn Calorie! Be Sweat!금요일은 Ultimate Frisbee(https://w"
2015-10-14 18:41,3,학교 곳곳에 붙어있는 덕성다움포스터에 팬더 왜이리 못생겼어요? 내가 할말은 아니지만....*쭈글*  ._.
2015-10-08 14:53,5,덕성다움이 너무 몬생겼어요...이 아이가 도대체 무슨 동물이에요?? 팬더같기도 한데 강아지같기도 한데 둘 다 아닌것 같기도 하고...입에는 무슨 일이 있었어요...!? ㅠㅠ
2015-09-25 15:10,0,덕성다움교육 로그인 뭘로해요? 포탈아이디로 하는거 아니에요?
2015-07-29 1:18,0,휘트니스 트레이닝 덕성다움 운동과목에 포함되나요??
2015-02-06 14:06,0,도대체 봉사랑 체육과목 정확한게 뭐죠? 덕성다움홈페이지 들어가니까 다 다르게 나와있던데ㅠㅠ 저 14에요
2014-12-15 18:26,0,- 다 음 - 1. 운영개요  o 피트니스센터 이용 시 지정양식을 수기로 작성하는 번거로움 해소  o 덕성다움교육 체력부문 중 피트니스센터 이용시간의 효율적 기록 및 관리2. 운영방식  o 이용자가 입퇴장 시 학생증 및 교직원증을 리더기(안내데스크 위치)에 직접 태그   - 모바일 학생증 사용불가  o 출입기록을 엑셀로 변환하여 덕성다움교육시스템 업로드(피트니스센터 이용시간 입력)3. 시범운영 : 
2014-05-02 13:17,5,"덕성인증센터에서는 덕성다움교육 이수를 위하여 2014년 신입생 및 재입학생들을 대상으로 4월 30일까지 졸업 필수 요건인 덕성지수 측정 완료를 요청드렸으나, 소수의 학생들이 아직 덕성지수를 측정하지 않고 있습니다. 이와 관련하여 5월 4일까지 한시적으로 덕성지수 측정을 허용하고자 하오니 미측정자 여러분께서는 5월 4일까지 덕성지수 측정을 완료하여 주시기 바랍니다.5월 7일 이후로는 덕성다움교육시스템을 통한 덕성지수 측정이 어려울 수 있으며 덕성지수를 측정하기 위해서는 소정의 교육이수 및 과제 제출 등의 추가 부담이 발생할 수 있음을 알려드립니다."
