2022-11-26 20:17,0,내일 덕다 여나? 선물 도우미 하러가는 김에 공부하고 싶은데..
2022-11-26 15:12,0,"담캎에 부산대 열람실 게시글 많이 보이던데 덕다도 쓰고싶다,,"
2022-11-26 8:54,1,2시에 알바끝나거든? 학교까지 편도 한 시간 걸리는데 덕다 공부하러 갈말고민이다
2022-11-26 1:54,0,덕다 자리배치도 있는사람어디가 어딘지 모르겠어서
2022-11-25 15:22,0,덕다에서 패드로 필기해도 되나?
2022-11-25 15:14,0,덕다에서 키스킨 끼고 타자쳐도 되지?? 타자치는거 눈치주냐 아직도?
2022-11-25 14:54,0,덕다 24시간 언제부터 하는지 아는사람??
2022-11-25 10:53,0,요즘 금토일 덕다에 사람 어느정도 있어?
2022-11-24 17:41,0,덕다 춥지 않아?
2022-11-24 14:51,37,혹시 덕다에 꽃을 갖고 오셨거나 비슷한 소재의 향수를 쓰시는 분 있으신가요..? 꽃 알레르기가 있는데 향수정도로는 그 정도는 아니지만 머리가 아파서요.. 이건 제가 유별난거라 뭐라 할 일이 아니며 제가 피하는 것이 맞지만 혹시나 도와주실 수 있나 싶어 글 써봅니다. 만일 꽃 소재의 향수라면 여기서 더 뿌리시는 건 하지 않아주셨으면 좋겠습니다. 부탁드리겠습니다. 죄송합니다!! 누구신지 알 수 없어 이렇게 에타에 글 쓰는 점 죄송합니다. 혹시 꽃이라면 다른 곳에 보관 해주실 수 있으실까요..? :)
2022-11-24 14:06,0,덕다에 아마스빈 돼?
2022-11-24 1:52,0,지금 덕다 24시간 하는지 알려줄 사람......
2022-11-23 22:58,0,덕다 청소는 하나....
2022-11-23 20:32,32,덕성다움 줄이면 덕다블랙다운 줄이면 블다둘이 무슨 사이임? ㄷㄷ
2022-11-23 14:25,2,덕다에서 마스크 착용 해주세요
2022-11-22 16:25,4,덕다 진짜 반납 엄청 안하는구나.. 해결방안이 뭐라도 나와야 할 것 같음 진짜
2022-11-22 8:21,0,지금 덕다 전기 되나요?
2022-11-21 19:38,0,혹시 다른분들은 덕다 충전기 되시나요? 전 충전이 안되서요..
2022-11-21 10:26,0,덕다 갑자기 퀴퀴한 냄새 나…
2022-11-20 18:53,0,덕다 충전 나만 안되는거야??덕성다움
2022-11-20 17:08,0,덕성다움 덕다 왠지는 모르겠으나 A구역 전부에 스탠드 불이 안 들어오고 충전기 불도 안 들어옵니다 내일..엔..고쳐질까
2022-11-18 21:51,2,ㅇㅅ에 부산대 도서관 리모델링 했다고 싹바뀐 부산대 도서관~ 이럼서 글 올라왔던데우리 덕다 공사한거랑 운현관 쓰게 되는것도 누가 사진 셀렉해서 글좀 올려줬음 좋겠다(나는 글쓸 권한 없음)다른 학교들은 맨날 오버쌈바해가면서 바이럴하던데
2022-11-18 16:42,0,덕다 옆에 있는 스마트 노트북존은 어떻게 들어가는건가요..? 앞에서 서성거리기만 했네요..
2022-11-17 15:04,1,#행근딸근데 진짜 노트북존이랑 덕다 청소하시긴 해? 항상 더럽고 심지어 쓰레기도 그대로 3일 동안 계속 남아있어아니면 원래 여기는 안하시는 곳이야? 자율 적인 그런?
2022-11-17 12:51,0,악 덕다 비 20 연장 안했어요 짐 내려놓고 쓰세요.. 죄송합니다
2022-11-17 12:26,0,혹시 덕다 개인좌석 b구역 남아있나요? 발권된채 사람없는곳이라도 있나 싶어서요
2022-11-17 10:54,0,"#행근딸갤럭시 태블릿,블루투스 무소음 키보드(공식에서 사은품으로 준 것)에 키스킨을 안 파는데 혹시 덕다에서 그냥 사용해도 되나요?"
2022-11-16 19:18,3,덕다 반납안하면 지금부터 바보야!!!!
2022-11-16 17:13,0,아 진짜 덕다 나갈 때 반납 좀 하자 얘들아
2022-11-16 14:51,0,덕다 왼쪽 e자리 주변에서 애플펜슬 펜촉 보신 분 있으면 연락 부탁드려요!
2022-11-16 14:12,0,덕다 언제부터 다시 24시간 열어주려나??
2022-11-16 12:56,0,덕다 긴 책상 (e구역?) 수업 듣고 다시올건데 1시간 15분 수업은 짐만 두고 다시 와도 될까?
2022-11-15 22:30,0,#행근딸덕우들 만약 상상하기도 싫은데..덕다 11시에 끝나서 탐탐갔을 때 자리 없으면 어떻게 해?
2022-11-15 18:40,0,덕다 B구역 인간들아 양심이 있으면 반납좀 해 진짜 추악하고 없어보이는 거 알지 나 근처에서 다 지켜봤는데 진짜 그딴식으로 살지 말자 안 쓸거면 반납 제때제때 해 비슷한 사람들이 비슷한 패턴 계속 보이는데 다음에도 보이면 진지하게 쪽지 날릴까 생각중이야
2022-11-15 18:07,3,덕다 사용 안 할 거면 제발 반납좀 해 둘이서 집 간다고 애기하는거 다 들렸는데 반납 안 하는건 무슨 심보야 진짜 매너도 없고 개념도 없고
2022-11-15 9:51,0,덕다 히터 어디서 조절해?
2022-11-14 17:44,33,⚠️⚠️덕성다움 덕다 제발 반납 해주세요‼️⚠️⚠️B구역 01번부터 08번까지 모두 만석인데실제로는 4석 무려 절반이나 텅텅 빈자리인 게 말이 되나요 😩... 나갈 때 반납 누르고 갑시다 제발!!!!!!!!
2022-11-14 15:48,1,#행근딸내가 허리가 길어서 그런가 덕다도 도서관도 열람실도 책상이 너무 낮아서 허리 아파 흑
2022-11-12 16:06,1,덕다 창문에 방충망 설치했으면 좋겟다...저번에 더워서 창문열면 모기 들어와서나랑 모르는 덕우랑 계속 모기 잡고 있었음
2022-11-10 19:33,0,우리 학교에서 늦게까지 자유롭게 노트북 쓸 수 있는데는 없나??타이핑 많이 해야해서 덕다는 눈치 보이고 노트북실도 9시까지인걸로 알고있는데..
2022-11-10 17:43,0,덕성다움 덕다 B16 자리 편하게 사용하세요!! 집에 빨리 가 봐야 하는데 어플로 반납이 안 돼서 그냥 갑니다...
2022-11-10 14:14,0,제발 덕다 사용 다 했으면 반납 좀 해줘개관한지 한달 다 되어가는데 반납 안된 자리 진짜 많아
2022-11-10 13:50,0,덕다 왤케 더워 ㄹㅇ 찜통..
2022-11-10 11:41,0,덕다 요즘 뚜껑 없는 음료 많이 보이네
2022-11-10 11:12,1,덕다 자리 반납 좀.. 시험기간 아니어도 다들 신경 좀 써줘라…
2022-11-09 20:30,0,덕다 바닥 쓰레기 미쳤다 여기 청소 안하나
2022-11-09 20:18,0,덕다 제발 타자 칠 일 많으시면 키스킨 좀 껴주세요.. 벽이 울려요...
2022-11-09 19:30,0,덕다 너무 춥지 않아 ..?
2022-11-09 14:58,1,덕다 B 제발 반납해주세요 앉아보고 싶어요......
2022-11-09 14:41,0,덕다 제발 일어나면 바로 반납부터 누르면 안되니....
2022-11-09 10:46,0,#행근딸덕다 개더움…. 땀난다 ㄹㅇ
2022-11-08 17:48,0,덕다 제발 가신거면 반납 좀 해주세요..
2022-11-08 14:30,2,덕다 반납 좀 제발...몇시간 째 자리 비어있는데 반납을 안 해
2022-11-08 11:52,0,"도서관 1층 스터디룸 발권 어디서 하는지 아시나요…? 오스카 라운지는 따로, 2~3층은 덕다 앞 키오스크에서 하는걸로 아는데…. 1층 발권도 거기서 해야하나요…?"
2022-11-07 14:15,0,노트북존인지실인지 너무 ㅈ추워덕다 따뜻해??
2022-11-07 12:54,1,덕다 사용 안하거나 오래 비우면 반납 좀.. 완전 깨끗한 빈자리 많이 보이는데 다 사용중이라 뜨네.. 까먹은 덕우 있으면 반납 부탁할게
2022-11-06 21:19,0,지금은 덕다 몇시까지인가요?
2022-11-06 19:47,0,#행근딸덕다 전기 안되는거 지금 알았다.. 자리까지 옮겼는데 뻘쭘하네
2022-11-06 10:26,0,오늘 만나서 과제/카공 할 사람! 덕다도 좋아요
2022-11-05 11:51,0,덕다 오늘은 왤케 추운 거 같지 나만그른가
2022-11-04 17:41,0,"얇은패딩 충전재가 덕다운90퍼, 깃털10퍼고/ 겉감은 100프로 나일론 / 안감은 100프로 폴리에스터인데 30만원이면 비싼거야?"
2022-11-04 15:39,0,덕다 B19번 좌석에 애플펜슬 캡 있어요 그대로 놔둘테니 찾아가세요…!
2022-11-04 12:48,0,#행근딸 덕다랑 도서관 2층에서 계속 키스킨 안 끼고 타자쳤었는데 원래 키스킨 껴야돼?
2022-11-03 19:42,20,참나ㅋㅋㅋㅋ 덕다에서 마스크 안 낀 사람한테 마스크 끼라고 했더니(2시간 참음) 나한테 보이는 쪽 귀에 마스크 끈  걸고있네
2022-11-03 9:05,0,요즘 덕다 자리 많아?
2022-11-03 2:52,82,"새벽에 잠 안와서 뒤척거리다가약대도 게시판 있는거 처음 알아서 와본 타과생이에요이번 시험기간에 덕성다움 열람실 쪽에서 약대분들 많이 마주쳤거든요,,크리피한건 아니고 과잠을 봐서 알았어요공부 정말 열심히 하시더라구요 제가 놀랄 정도로 ㅎ4학년 막학기생인데 그동안 학교에 약대가 있구나~건물 깔끔하다 뭐 이런생각만 하다가열심히 사시는 모습들 보니 자극도 되고 나도 멋진사람이 되어야겠다 생각도 했어요일하는 필드가 달라 사회에서 마주칠 일"
2022-11-02 18:43,0,덕다 b-15 자리 쓰셨던 분 애플펜슻 뚜껑 두고 갔어요
2022-11-02 16:16,0,"샐러디 배달 같이 시켜서 찢어질 분 있나요..? 주문 최소 금액이 12,000원이라… 하나씩 시켜서… 찢어지는거… 어때요… 저 덕다입니다"
2022-11-02 14:20,0,덕다 마스크 좀 써주세요
2022-11-02 11:24,0,도서관 1층에 있는 독서대 덕다 가져가도 써도 되려나? 대여하는데 절차 있어?
2022-11-02 8:25,0,덕다 추운데…찬바람 나오는데…
2022-11-01 17:53,0,덕다 너무 너무 덥다~~~
2022-11-01 14:31,0,덕다 히터 따로 꺼도 되는건가? 말하고 꺼야되나..?
2022-11-01 14:28,0,덕다 히터 왜이렇게까지 트는거야..
2022-11-01 14:24,0,덕다 너무 덥지않아..?
2022-11-01 14:09,0,덕다 히터 꺼달라고 말 못해..?
2022-10-31 14:19,0,#행근딸 #개방이사덕다 빈자리 있는데 그냥 앉아도 될까?짐도 없고 반납도 안한듯…
2022-10-31 13:25,0,덕다 하루종일 있고싶은데 마스크 쓰는것땜에 오래 못있겠어.... 실내마스크 해제 제발좀여.........하 집가야지......
2022-10-31 6:36,0,덕다 지금 전기 아무 자리도 안되는데 어디다 말해야 함? 도자위도 직원분도 아무도 없음
2022-10-30 16:44,0,혹시 지금 덕다 사람 많은가요? 덕성다움에 계시는 분중에 댓글 달아주시면 감사하겠습니다:)
2022-10-29 15:51,2,덕다 b구역 스탠드 어떻게 키는거야..?
2022-10-29 15:12,0,오늘 덕다 몇시까지 해?? 찾아봐도 안 나와서
2022-10-28 11:56,4,시험기간동안 학교에서 공부하는 덕우들 보면서 든 생각이 있는데공학용 계산기 가지고 다니는 덕우들 너무 멋있어.막 계산기 가지고 탁!타탁! 하면서 공부하는데 난 그런거랑은 전혀 관련이 없는 학과라 내 착상에는 교재랑 노트만 있는데덕다나 열람실 지나가다가 계산기 있는거 보이면 어머! 멋있어! 하게 된다.그 계산기로 뭐 하는지도 궁금하고 너무 지적에 진짜 대학생이다! 하게 되더라(진짜 개인적인 생각임 우리 모두 자랑스러운 덕성인들!!)나만 그런가?
2022-10-27 21:39,0,덕다랑 자유열람실 24시간 끝났잖아 그럼 이제 휴게실도 24시간 운영 안하나..? 휴게실만 되면 학교에서 밤샘공부하고 싶은데... 학교에 밤샐만한 곳 없나
2022-10-27 19:50,0,덕다 몇시부터 들어갈수있나요..??
2022-10-27 19:32,0,오늘 덕다 몇시까지야 ?
2022-10-27 18:24,0,덕다 이거 무슨 소리야 귀가 찢길 것 같아
2022-10-26 22:38,29,학교에 모기 개많지않아? 특히 오스카 라운지랑 덕다모기스 라운지 모기다움으로 이름 바꿔야됨 나 저번에 오스카 라운지 가서는 모기 네마리잡았잖아 근데 애들 힘이없이 날아다님
2022-10-26 22:36,0,덕다 모기 짱 많다.....#행근딸
2022-10-26 22:11,0,아니 덕다 소음 진짜 뭐임
2022-10-26 20:46,0,보통 시험 언제 끝나? 언제쯤 덕다 이용해볼수있을까...?
2022-10-26 19:31,4,덕다 화장실 앞쪽에서 지우개가 주인 기다려요...
2022-10-26 19:06,0,덕다...지금 에어컨 바람 나오는거 같은데누가 에어컨 켰나요?
2022-10-26 18:41,0,덕다 너무 추운데?
2022-10-26 16:52,0,덕다 a~b구역 쪽에 간헐적으로 삐- 소리 들리지 않아?? 환풍시설 소리인지 히터소리인지.. 뭔 백색소음기가 고장난 것 같기도 하고 하여튼 존나 신경쓰임;;
2022-10-26 14:59,0,덕다야
2022-10-26 6:14,0,덕다 어디로 들어가는 지 알려줄 분…
2022-10-26 6:10,0,덕다 짐 챙겨가세요
2022-10-26 3:15,0,혹시 덕다 인공눈물 있으신 분 있나요….?
2022-10-26 2:40,1,기말고사땐 나도 덕다에서 밤새봐야지집에서 혼자하니까 집중도 잘 안되고 외로워
2022-10-26 2:16,0,오늘 덕다 담배 같이 피울 사람? 혼자 가기 무서워요 밤 샐 예정
2022-10-26 1:39,0,덕다인사람~~
2022-10-26 1:31,0,덕다 12시 지나면 발권되어있는 빈자리 그냥 앉아도 돼?
2022-10-26 1:11,0,덕다인데 뭐든 배달 음식 시켜서 반띵 나누고 싶다…
2022-10-26 0:05,0,덕다 모든 구역에서 타이핑 가능한가요?
2022-10-25 23:59,0,나 왜 공부 안하지? 덕다갈까...지금 사람 많아??
2022-10-25 23:56,0,덕다 오후 1시~2시면 칸막이 있는 자리 없을까?? 시험 봐야해서...
2022-10-25 23:53,5,덕다 알림 자꾸 누구야???;;;제발 소리로 하지 마세요 깜짝깜짝 놀라요
2022-10-25 23:09,0,"덕다 머리끈과 빈츠 두 개 물물교환하실 분 제가 빈츠입니다,,,,"
2022-10-25 23:01,0,덕다 오늘까지 24시간인건가
2022-10-25 22:55,0,지금 덕다 연장하는 덕우들은 도서관앱 들어가지는거야...?!부러워서
2022-10-25 22:55,1,덕다 a28번 반납 못했는데 집에 갑니다 쓰고싶으신분 쓰세요..~~
2022-10-25 22:40,0,덕다 B05 어플이 안돼서 반납 못했습니다... 쓰실분 쓰세요!
2022-10-25 22:40,5,방금 덕다 앗싸리비아 콜롬비아 죄송합니다...아빠가 소리나는 카톡을 보내셨는데 헤드셋으로 연동되어있음에도 불구하고 소리가 새어나왔네요..
2022-10-25 22:34,0,#행근딸 덕다 나만 더워 ?? 특히 A
2022-10-25 22:32,0,오 덕다 빈자리 꽤 나네
2022-10-25 22:12,0,덕다 지금 자리 얼마나 있어? 도서관 어플 먹통이라 안들어가짐..
2022-10-25 22:11,0,덕다 책상 계속 흔들리면 어떻게 하지
2022-10-25 21:50,0,덕다 b구역 램프 어떻게 켜는지 아는 사람….. 아무리해도 모르겟어….
2022-10-25 21:47,0,걍 진작에 덕다갈걸노트북존 1인좌석 너무 편안해서 9시까지 놀다옴
2022-10-25 21:26,0,그 뭐지 덕다 B에서 개인형 중에 램프달린거있잖아 이거 램프 어따 쓰는거야..? 뭐 아무것도 안보여서..
2022-10-25 21:09,0,덕다 타이핑 해도되지...?안되나...?
2022-10-25 20:22,0,덕다 b 반납했어요~~!
2022-10-25 19:31,0,덕다 d 창가 진짜 좁아보이는데 3명이서 앉기 괜찮아??
2022-10-25 19:06,0,덕다 오늘 24시간 맞나?
2022-10-25 19:01,2,올해 대면수업 처음하는 3학년인데 대면이 힘들긴 해도 학교 다니는 맛이 난다..캠퍼스 너무 이쁘고 학교에서 재잘재잘 수다떠는 덕우들 목소리도 듣기 좋아 공기도 상쾌하고..덕다에서 밤새 공부하다가 휴게실에서 모르는 덕우 발 밑에서 자기도 하고 그 유명한 블다 사장님이랑 인사배틀도 해보고..1학년 때부터 해봤음 얼마나 좋았을까 시험기간이라 힘들긴 해도 행복해
2022-10-25 18:03,0,덕다 덕성다움 자유석이 들어가자마자 넓게 있는 테이블 맞나요?
2022-10-25 18:01,0,제금 덕다에 계신 분 중 부탁 들어주실 분 계신가요?기프트콘으로 답례할게요
2022-10-25 17:56,0,덕다 입구 대학원쪽 동로 맞아??들어갈때 매번 지문 찍어야하는거야?
2022-10-25 17:36,0,덕다 오늘도 밤샘 되나요?
2022-10-25 17:14,0,영어회화 내일 인터뷰 있어서 밤에 연습하고싶은데 덕다이쪽은 힘들거같아서 강의실 괜찮은데 있을까요??
2022-10-25 16:05,0,덕다게시판 이용객 너무 없다 어떤 주제라고 계속 올라오면 물타기되니까 우리 덕다게시판을 이용해보는것은 어때?
2022-10-25 13:41,0,도서관 공지 봤는데 헷갈려덕다 24시 오늘 새벽으로 끝인거야아니면 오늘까지 밤 샐 수 있는건가
2022-10-25 13:27,23,덕다랑 열람실 리모델링 9억 들었댸
2022-10-25 12:48,1,덕다 책상 닦고 쓸 수 있게 물티슈 같은 거 곳곳에 비치해주면 좋겠다..
2022-10-25 12:42,0,덕다 B자리 짐없는데 반납을 안하고 간건가….앉고싶은데
2022-10-25 12:38,0,덕다 반납했어요~
2022-10-25 12:34,0,하 덕다 발권하고 갔는데 자리에 사람 있거든?근데 비켜달라고 못 하겠어 너무 집중하고 계셔서어떡하지
2022-10-25 12:32,0,덕다 청소담당도 파업중인거임..?
2022-10-25 10:36,0,덕다 c타입 충전기 빌려주셀분.. 깊티로 사례하겟습니다
2022-10-25 10:21,1,덕다 바닥 청소기 밀고싶다 •••
2022-10-25 8:17,0,덕다 왔는데 덕우들 다 기절해있네
2022-10-25 7:00,0,덕다 왜이렇게 추워
2022-10-25 6:29,0,덕다에서 밤샜는데 배고프다국밥 땡김...
2022-10-25 6:21,0,덕다 중에 1인좌석은 개인학습공간B맞아?도서관 앱 보니까 여기 벌써 다 차있던데 다들 몇시에 오는거야..?
2022-10-25 6:05,0,덕다 줄 엄청 길다
2022-10-25 5:49,0,덕다 지금은 지문 없으면 못들어가나요
2022-10-25 1:10,0,어제 덕다에 내가 본 것만 근 세시간 가까이 비어있던 자리 있더라 심지어 짐도 없었음... 그럴거면 왜 발권하는 거임 진심...
2022-10-25 0:46,1,덕다임…지금 모기 두마리잡았는데 세 번째 색히 진ㅁ자 디지게 안잡힘+계속 얼굴쪽으로 와서 쌩쇼했는데 옆덕우분이 보심……죄송해요 근데 저게 먼저
2022-10-25 0:24,0,덕다 잠 잘 온다…… 공부하기 싫다…
2022-10-24 22:43,0,스트로우 텀블러는 덕다에 가져가도 되나요?스트로우 빼면 밀봉 되는 구조예요
2022-10-24 21:49,0,혹시 덕다에서 공부하시는 분들 중에 음두헌 교수님 자바 교재 가지고 계신 분 있나요? 아주 잠시만 빌려주시면 정말 감사하겠습니다!
2022-10-24 21:34,0,덕다 근처에 커터칼 빌릴 수 있을만한 곳 있나? 형광펜이 연필처럼 되어 있는 거라…
2022-10-24 20:41,0,덕다 가는 방법 나와있는 곳 있을까요..? 제가 가고싶은데 아디인지를 몰라서 못가겠어요..
2022-10-24 19:45,0,덕다인 사람중에 커피마실 사람있어? 캬라멜 라떼야
2022-10-24 19:37,0,#행근딸덕다 스터디룸 1번에 가그린 두고가신분...?
2022-10-24 19:25,0,덕다 바닥 쓸고 다니고 싶다 이상하게 보려나 청소하면 뿌듯할거 같아..ㅋㅋㅋ
2022-10-24 18:53,2,#행근딸열람실 오려고 덕다 지나왔는데알바하고 있을때 가끔 오는 안 씻고 다니는 아저씨... 냄새남
2022-10-24 18:45,2,"아 제발 덕다 다쓰면 반납하고 가주세요,,, 빈자리 많은데 왜 예약은 다 차있는거"
2022-10-24 18:34,0,덕다 a에 지금 빈자리 있어?? 반납된 자리는 없는데 그냥 써도 될까
2022-10-24 18:24,2,머여 덕다 반납하러 나왔는데 a 빈자리 꽤 있는데 나만 반납했어
2022-10-24 17:41,0,덕다 왜이리 난방이 빵빵해?? 나만 더운건가..?
2022-10-24 17:30,0,덕다 a구역 원래 이렇게 숨막혀?? 너무 답답하다…
2022-10-24 15:55,0,덕다 자유석인데 몇시간째 가방만 있거나 체크인?은 되어있는데 아무 물건도 사람도 없으면 써도되나?진짜…ㅋㅋㅋㅋㅋㅋㅋㅋㅋㅋ아니 뭐 물어볼수도 없고..
2022-10-24 15:27,2,덕다에서 걸레 잘못빤냄새나… ☹️
2022-10-24 12:27,5,덕다... 먼지 마시면서 공부하는 느낌.... 화장실도 그렇고 여러모로 아쉽다 (덕우들 저격 당연히 아님)
2022-10-24 12:20,161,덕다 시험기간 아니어도 1시 아니 12시까지라도 해주면 좋겠다 아침 7시~밤12시 정도로 원하는 덕우 있으면 추천 눌러주라... 원하는 사람 많으면 건의해보고싶어서
2022-10-24 11:33,16,덕다는 게시판 하나 새로 파는 게 좋을듯..
2022-10-24 10:37,0,덕다인 사람
2022-10-24 8:42,0,덕다 너무 빽빽하고 답답해서 열람실 왔는데 열람실도 좋다!! 창가쪽 앉으니까 완전 좋아
2022-10-24 8:42,0,덕다 반납하고 수업 듣고 오면 자리 다시 잡기 힘들겠지…
2022-10-24 8:19,0,덕다 발권 꽉찬거 실화냐 이시간에? 다들 잠이란게 없니
2022-10-24 7:40,0,"덕다 b,c는 벌써 다 찼네다들 엄청 부지런하고 대단하다"
2022-10-24 5:41,0,지금 덕다 사람 많나요?
2022-10-24 3:33,0,덕다인사람 ~ ...
2022-10-24 2:05,0,덕다인데콧물 훌쩍거리기 vs 계속 왔다갔다 하기미치겠음 지금 내가 그래
2022-10-24 1:57,0,공무원 준비하는 휴학생인데 시험기간 언제끝나나요?! 언능 덕다 가보고싶어요~
2022-10-24 1:38,0,지금 덕다인 덕우 중에 타이레놀 있는 사람?어지러워서 미치겠어.. 하나만 줄 수 있을까?
2022-10-24 1:34,0,내일 오전에 덕다에서 같이 공부할사람? 난 8시쯤 학교갈거같고 12시 시험이라 그 전까지만흡연자면 좋고 아니어도 괜찮아
2022-10-24 0:02,7,근데 덕다 빌런들은 한가지만 하는게 아니더라자리 반납도 안하고감..
2022-10-23 23:56,0,덕다 B 소파있는 자리에도 콘센트 있나요?
2022-10-23 22:29,5,덕다 셤 끝나도 24시 했으면 좋겠다..자취생 새벽까지 공부하고 가기 딱 좋은데
2022-10-23 21:56,0,덕다 사람 많은가요!??
2022-10-23 21:41,1,나 덕다 모기잡이..오늘 3마리째 잡았다
2022-10-23 19:07,0,나 지금 덕다인데 진심 나빼고 덕우들 다 공부중
2022-10-23 15:37,0,덕성다움 에어컨 조절법 아는사람 버튼이 많은데 설명도 안써있어서 모르겠어.. c랑 b 같이있는 쪽 에어컨나오는데 추워요... 덕다 도자위석은 비어있고
2022-10-23 15:34,0,덕다 공기 어때? 오늘도 텁텁하고무거워?
2022-10-23 11:37,1,덕다 바닥에 먼지 진짜 미쳤닼ㅋㅋㅋ 데굴데굴
2022-10-23 8:46,0,덕다 F발권은 어디서 하는 건가요??아무리 찾아도 못찾겠어서요!
2022-10-23 8:43,5,덕성다움 덕다 B17번 펜 두고 가신 분..!!!! 분실하신분..!! 이 자리에 그대로 둘게요 가져가시길 …
2022-10-23 0:57,0,기숙사인 사람 ~ ...원래 덕다가서 밤새려했는데 씻고 나오니 이 시간 ...
2022-10-22 23:35,0,7시 쯤 가면 덕다에 사람 많아?
2022-10-22 23:20,0,덕다 밤새고 보통 오전 몇시부터 발권기 앞에 줄 서있어?(6시부터인건 앎)
2022-10-22 21:24,8,덕다 공기 왜 이리 탁한 것 같지..? 오래 있으면 어지러워1열람실이라도 다른 것 같아
2022-10-22 18:01,0,덕다 빈자리 반납 안한거니까 그냥 앉아도 되겠지...?
2022-10-22 17:53,0,지금 덕성다움 덕다 e구역도 꽉 차있나요? e구역 쓰고싶은데 앱에서 볼 수 없어서 여쭤봐요
2022-10-22 13:49,0,덕다에서 방금 노래 틀어서 죄송합니다..맥북이랑 아이폰 둘 다 에어팟 연동이 안돼서 왔다갔다 설정을 하다보니 핸드폰으로 노래가 틀어졌네요..
2022-10-22 13:41,0,지금도 덕다 사람많아? 덕우들 대단하다.....
2022-10-22 12:21,0,덕다 자리있나요??
2022-10-22 3:45,0,덕다 사람 많아?
2022-10-21 15:45,4,덕다 사용하고 자리에 지우개가루 좀 치워주세요 !
2022-10-21 14:55,0,덕다 F는 그냥 선착순이야?
2022-10-21 14:24,0,커피가 시급한데 텀블러를 안갖고 나왔어.. 덕다가고 싶은데 덕다 그 위가 플라스틱으로 막혀있는 커피도 안되는거지? 학교 근처 카페 중에 덕다 반입 가능한 곳 어딘지 알려줄 수 있을까
2022-10-21 12:19,0,덕다에 테이크 아웃 잔 되나요?
2022-10-21 8:42,0,덕다 창문에서 좀 떨어진 자리인데 모기소리마냥 웽웽 웅웅거리는 소리가 노래소리인거임?? 오 이런
2022-10-21 8:34,0,덕다인데 밖에서 노래 소리 들림.. 시위 소리인가.. 시끄럽네..
2022-10-21 0:25,102,학교근처에서 최근에 찍은 사진들배경화면으로 쓰랴고 찍고 보정했으가을이라 풍경 쥑임 요새인스타에 올려서 친구나동기들은 본 사진인데더 많이 같이 보자고 올려봐~~
2022-10-20 22:53,2,나 후문에서 혼자 기숙사 가는데 아니 진짜 후문 바로 앞에서 어떤 남자는 망 보고 있고 어떤 남자가 노상방뇨하고 바지 올리는 걸 봤어.... 덕다에서 공부하다가 돌아오는 덕우들 바닥에 물 흥건한 거 오줌이니까 조심해...............
2022-10-20 22:48,0,덕다 오늘 왜이렇게 널널하지??
2022-10-20 20:37,0,10시에 덕다움이나 열람실에 사람많아? 밤
2022-10-20 18:02,0,덕다 A 첨 앉아봤는데 진짜 개~~좋다지금 자리 은근 있어!! 얼른 와 다들
2022-10-20 9:11,0,덕다 자리 많은데 자리 없는거면 시스템 뭄제인거아냐? 그 뭐냐 폰으로 반납 안되고 기계로만 돼?? 안해봐서 그냥 물어봤어..
2022-10-20 8:02,3,덕다 창밖이 너무 예뻐서 창문에 대고 찍었어 ㅎㅋㅋㅋ 공부는 안 하고…
2022-10-20 6:58,0,엥 덕다에서 폰하다 고개 드니까 창가 밖이 밝음 ㅁㅊ 자괴감 오져
2022-10-20 6:31,0,학교 7시 도착 예정인데 그때도 덕다 사람 많을까요?
2022-10-20 6:20,0,학교 앞 까페 몇시에 문 여는지 아는 사람 있을까.. 까페레나 가까운 곳 덕다 사람 너무 많아서 나가고 싶어
2022-10-20 5:52,0,지금 덕다 서있는 사람들은 다 본인 자리 잡는거야? 나 나가야되나 고민중 누가 와서 저 이자리..
2022-10-20 5:43,0,12시에 덕다갔다가 지금 집옴 하 갓생살았다 는 아니고 걍 벼락치기
2022-10-20 4:56,0,덕다 담배피울사람
2022-10-20 1:54,0,덕다 자리 다 차있는거 실환가... 얘들아 살살해
2022-10-20 1:30,0,내일 시험인데 아직 1회독도 안 했거든 덕다 갈까 왜 다 포기하고싶지
2022-10-20 0:08,0,덕다 따땃하고 잠 잘~온다
2022-10-20 0:03,0,#행근딸지금 덕다 빈자리 많아?
2022-10-19 23:27,0,ㅎㅏ 지금 퇴근중인데 조때따 덕다 말고 일반열람실 자리있는지 봐줄수있는 덕우...?
2022-10-19 22:16,0,덕다에서 끼반끼고 열공중
2022-10-19 22:14,10,아 덕다에서 끼반끼고 공부하다가 초코바받음진짜 완전 감사합니다🥹 잘먹을게요…🫶
2022-10-19 20:08,0,열람실 이용 중인데 충전기 단자만 없어서.. 덕다에 덩그라니 폰만 충전시켜도 안없어지겠지..?
2022-10-19 19:45,2,덕다 아침에 자리는 꽉 차있는데 사람은 없는 이유가 다 발권만 하고 수업 들어가서야? 난 안 열리는 줄 알았음... 그게 사실이라면 좀 인류애 상실할 것 같아...
2022-10-19 19:40,0,지금 덕다 오늘 첨 왔는데 b자리 비었길래 바로 잡아서 들어왔는데 다른 분들이 오해하시는 거 아니겠지…..아침에 잡아놓고 지금 오는 사람으로🥹
2022-10-19 16:24,0,반납 잘 안할 것 같은데 덕다 자리마다 몇시간 남았는지라도 떴으면.. 나 앉고싶다..
2022-10-19 15:25,0,덕우들은덕다 B존vs 노트북존 소파존둘중에 어디가 더 좋아?
2022-10-19 13:42,0,덕다 D 빈자리 진짜 많던데 발권은 안 되고...^^
2022-10-19 10:28,4,덕다 아침에 자리 맡아놓고 수업 다 갔다가 밤에 사람 젤많은 피크일 때 돌아오는 거 정말 너무해
2022-10-19 8:47,31,"여러분 어제 새벽에 덕성다움 가보니 부러진 샤프심이 굴러다녀 책상에 흑연이 묻어있고, 빨대 비닐 벗겨져서 널부려져 다니고, 뭔지 모를 플라스틱 뚜껑 등이 있더라구요... 꼭 지금 시국이 아니어도 우리 모두를 위해 자기가 일어난 자리는 최소한 어느정도로 치우고 다닙니다! 우리만 쓰는게 아니라 우리 뒤의 후배들도 계속 써야 하는 덕다움이잖아요? 쓰고 난 자리 한번씩 정리해주세요 오픈한지 얼마안되었는데 최대한 깨끗하게 쓰도록 해봐요~!"
2022-10-19 2:38,0,덕다 사람 많아요??
2022-10-19 1:16,0,덕다움 사람 많나요???지금
2022-10-18 21:49,1,진짜 너무한다 덕다 개방형 자리에 짐 두고 나간지 개오래 됐는데 한 번을 안오네 ㅋㅋㅋㅋㅋㅋ 진짜 양심 어디 감?
2022-10-18 21:46,0,지금 덕다에 사람 많나요?
2022-10-18 10:41,0,나 덕다에 있다~
2022-10-18 8:48,0,덕다에서 아마스빈 먹어도 돼??? 씰링돼있는
2022-10-17 20:47,0,덕다 꼭 써야하면 미발권으로 그냥 앉아있다가 누구 오면 비켜주는게 차라리 낫다 걍... 좀 열받긴하지만
2022-10-17 19:11,3,덕다 몇시간동안 비어있는거 지켜봤고 정황상 미반납이라 발권 안 되는 거 같은 자리면 일단 앉았다가 자동반납 된 후에 발권해도 되겠지..?그리고 제발 나갈때 반납 좀 해주세요 제발...
2022-10-17 15:22,0,덕다 사람 많나?
2022-10-16 17:57,0,1학기 시험기간땐 주말에 열람실은 답답하고 카공도 질리고 그래서 맨날 유목민이었는데… 덕다 생겨서 좋아
2022-10-15 16:32,2,덕다 a구역 -1 뭐야 ㅋㅋㅋ #행근딸
2022-10-14 12:57,0,#행근딸덕다 다쓰면 반납좀 하지 진짜 내가 고른 자리에 사람있는거야 쪽지 붙이고 간다지만 다른 자리 텅텅 비었는데도 못앉는건 뭐냐고
2021-12-21 14:21,0,#행근딸덕다운 패딩 어때? 괜찮을까? 돈아깝거나 그런가 싶어서
2021-01-11 2:05,3,북극발 한파와 돌아온 패딩공구 덕우입니다^__^요즘 진짜 너무하다싶게 춥죠!!! 거두절미하고 오리털 100% 롱패딩& 숏패딩 구성으로 가져와봤습니다!!이 패딩 입은 분들 왈: 이거 입고히말라야도 가겠다..일만큼 진짜 진짜 따듯하거든요 오리털 100퍼 덕다운 패딩인데 더 말할것도 없겠죠~!절대 싸구려처럼 오리털 안빠지구요!!! 자신있습다^__^우리 덕우들에게 싸구려 절대 안팔아요...!!!!시중에서 오리털 파카 하나 사려면 십만원은
2020-12-27 13:41,3,내친구는 3년째내가 동덕다니는줄안다
2020-12-02 9:40,0,덕우들 패딩 두개 중에 고민인데 어떤게 더 나아?1번은 10만원인데 솜털 80 깃털 202번은 7만원인데 폴리 50 덕다운 50평소에 청바지랑 맨투맨 즐겨입고 키는 그냥 160정도야
2020-11-22 22:20,0,덕다운(오리털 100) 패딩 허벅지까지 가리는 중간길이10만원에 샀는데 어때? 적당해보여?
2019-12-21 19:16,0,대외적으로 우리학교가 5개 여대중에 페미학교라는 이미지 제일 강해? 여대들은 다 비슷하지 않아? 동덕다니는 친구가 자기네 에타는 우는표현 못쓰게하지도 않고 너네처럼 심하지도 않다고 그러는데..참고로 이 친구는 흉자야.....
2019-12-02 16:25,0,이거 패딩 어때? 내가 그 벨핏 숏패딩만 있는데 난 옷 좀 스트릿~트레이닝 느낌으로 입어서 안어울리는 것도 있어서 좀 클래식한 패딩 입고 싶거든깃털 20 솜털 80 덕다운이고 12만원이래
2019-10-17 12:16,0,덕우들이 나라면 어떻게 할래?무신사에서 휠라 구스다운 롱패딩을 예약배송으로 삼 근데 온 건 덕다운임 알고보니 무신사 측에서 잘못 기재한 거 ㅇㅇ 사람들 난리났는데 찾아보니까 덕다운이랑 구스다운이랑 엄청 큰 차이는 나지 않고(가격면에서는 좀 차이 있음) 지금 산 롱패딩 우모량이 400이라 이미 충분히 따뜻할 것 같긴 해 디자인도 내 마음에 쏙 들어 그리고 다시 패딩올때까지 기다리는 것도 싫음 근데 또 잘못 기재한 건 맞으니까 그에 대한 보상은 받아야 될 것 같은데 연락오면 그냥 일부 환불처리를 해달라고 할까?
2019-04-10 0:29,3,난 이제 동덕매직 싫어 재미없어 가족들조차 맨날 너 동덕다니지? 이러는데 이게 몇년째야진짜ㅋㅋㅋㅋㅋㅋㅋㅋㅋㅋㅋㅋ한두번이어야 재밌지 n년간 계속 저러니까 이젠 저 소리 들으면 기분 나빠 나만그러냐
2018-12-31 18:04,0,요즘 웰론 패딩 입는 덕우들 추워??나 웰론 안 입어봐서 궁금 패딩 고민 중인데 덕다운 넘 비싸서ㅜㅜ
2018-12-11 5:28,0,덕우들! 다들! 자이팅! (•̀o•́)ง 덕다자!
2018-11-20 10:30,0,브랜드 롱패딩 중에는 충전재 웰론인 패딩이 없나...?ㅜㅜ 동물권에 관심이 많아서 덕다운은 도저히 못입겠어
2018-10-30 9:12,0,히트텍+긴팔+히트텍 vs 덕다운 롱패딩머입지?!
2018-10-16 18:45,84,동덕여대 사태 현재상황이래 동덕다니는 친구가 타 여대에도 알려달라고필리버스터랑 촛불집회하는데 여전히 총장이랑 학교측은 학교 이미지만 걱정하며 안일한 대처를 하고있대ㅠ
2018-10-14 7:58,0,ㅠㅠㅠㅠ저기 덕우들...오늘 덕베리아에서 공부할건데 오리털패딩까지느좀 오바지...? (롱패딩은 아님..아주 예전에 유행하던ㅋㅋㅋㅋㅋ막 주머니있는 덕다운)그냥 겨울롱코트 정도면 되는거야..?내가 목요일이후로 학교를 안가서..학교 날씨가 감이 안잡혀오 ㅠㅠㅠㅠ 아침에갔다 늦은밤애 올거에요..
2018-08-23 2:16,0,페미게시판이랑 덕다페였나 덕모페(미안...) 게시판 어디갔어?
2018-08-21 22:31,0,덕다운 구스다운 차이 많이 날까?
2018-02-18 14:58,0,블리들 나 이것좀 봐줘 이불솜사려는데 덕다운 괜찮겠지? 왼쪽이 4만 덕다운 오른쪽 2만 오리털 커버는 인터넷에서 사려구
2018-01-06 21:01,2,"사람들 이중성 오지는거같아. 저 상품 욕 엄청먹고 내렸다고 하고 댓글도 사람들이 막 욕하는데.. 물론 고양이털이 생소하고 개고기처럼 심적으로 꺼림칙하긴 한데 욕하는 사람들 다 덕다운,구스다운이나 모자에 라쿤털 달린 옷같은거 안입는지 궁금."
2017-12-01 13:24,1,우리언니 동덕다니는뎈ㅋㅋㅋ덕성마당 즐겨찾기해놓음ㅋㅋㅋㅋㅋ 나 덕성마당보고 대외활동 되게 잘하고있거든ㅋㅋ근데 언니가 자기네학교는 그런거 안알려준다면서 부럽다고 즐찾함ㅋㅋㅋ
2017-11-05 15:27,0,나 패딩 뭐로살까? 1번은 덕다운이고 2번은 웰론이야! 가격은 1번이 두배정도 비싸!
2017-08-18 14:26,0,동덕다니는 애한테 학벌로 까이면 뭐라고 답해야 함?
2017-05-02 12:40,1,"우리 고홍즈 하자,,, 나 동덕다니냐는 소리 지겨워ㅜㅜㅜ"
2017-03-01 1:57,0,어이가없어서 잠도안와서 글쓰는데 ㅋㅋㅋㅋ내친구 동덕다니는데 오늘 연대애들이랑 3대 3 미팅했대 근데 내친구가 전화받을일있어서 잠깐 나왓는데 그 연대미팅남 둘이 밖에서 담배피면서 자기들끼리 이대아니면 이제받지말자고 그지랄해서 개빡쳐서 나한테까지 전화걸음 ㅋㅋㅋ근데 전화받으면서 나도 빡침 ㅋㅋ왜냐면 내전남친도 연대였는데 이대다니는년이랑 지금 사귀거든 ㅋㅋ
2017-01-29 19:55,2,아니 지가 15만원정도 되는 덕다운 추천해달래서누가 15만원으로 덕다운 살수 있는게 있을까?.. 라는 댓글달았는데 댓글로 갑자기 자격지심 폭발한건지추천이나하라는 둥 내가 그냥 그정도면 좋겠다는거지누가 그돈가지고 사겠다는 거냐고 이러더라 ㅋㅋㅋ자기가 글쓴것도 기억안나나봄....사람들이 뭐라하니까 추천안할꺼면 꺼지라고재수없게 ;;땀땀거리지말라하던데저런 성격파탄자 올만에 본다.. 쯧 가정교육을 어케받았길래
2017-01-29 19:45,0,저기 15만원짜리 덕다운 추천해달라는 글쓴이성격 개이상해 ㅋㅋㅋㅋㅋ
